#
# There is insufficient memory for the Java Runtime Environment to continue.
# Native memory allocation (malloc) failed to allocate 1385216 bytes. Error detail: Chunk::new
# Possible reasons:
#   The system is out of physical RAM or swap space
#   This process is running with CompressedOops enabled, and the Java Heap may be blocking the growth of the native heap
# Possible solutions:
#   Reduce memory load on the system
#   Increase physical memory or swap space
#   Check if swap backing store is full
#   Decrease Java heap size (-Xmx/-Xms)
#   Decrease number of Java threads
#   Decrease Java thread stack sizes (-Xss)
#   Set larger code cache with -XX:ReservedCodeCacheSize=
#   JVM is running with Unscaled Compressed Oops mode in which the Java heap is
#     placed in the first 4GB address space. The Java Heap base address is the
#     maximum limit for the native heap growth. Please use -XX:HeapBaseMinAddress
#     to set the Java Heap base and to place the Java Heap above 4GB virtual address.
# This output file may be truncated or incomplete.
#
#  Out of Memory Error (arena.cpp:191), pid=8656, tid=15788
#
# JRE version: OpenJDK Runtime Environment Microsoft-12574423 (17.0.17+10) (build 17.0.17+10-LTS)
# Java VM: OpenJDK 64-Bit Server VM Microsoft-12574423 (17.0.17+10-LTS, mixed mode, sharing, tiered, compressed oops, compressed class ptrs, g1 gc, windows-amd64)
# No core dump will be written. Minidumps are not enabled by default on client versions of Windows
#

---------------  S U M M A R Y ------------

Command Line: --add-opens=java.base/java.lang=ALL-UNNAMED --add-opens=java.base/java.lang.invoke=ALL-UNNAMED --add-opens=java.base/java.util=ALL-UNNAMED --add-opens=java.prefs/java.util.prefs=ALL-UNNAMED --add-exports=jdk.compiler/com.sun.tools.javac.api=ALL-UNNAMED --add-exports=jdk.compiler/com.sun.tools.javac.util=ALL-UNNAMED --add-opens=java.base/java.util=ALL-UNNAMED --add-opens=java.prefs/java.util.prefs=ALL-UNNAMED --add-opens=java.base/java.nio.charset=ALL-UNNAMED --add-opens=java.base/java.net=ALL-UNNAMED --add-opens=java.base/java.util.concurrent=ALL-UNNAMED --add-opens=java.base/java.util.concurrent.atomic=ALL-UNNAMED --add-opens=java.xml/javax.xml.namespace=ALL-UNNAMED -XX:MaxMetaspaceSize=512m -Xmx2048m -Dfile.encoding=UTF-8 -Duser.country=IN -Duser.language=en -Duser.variant -javaagent:C:\Users\HP\.gradle\wrapper\dists\gradle-9.0.0-bin\d6wjpkvcgsg3oed0qlfss3wgl\gradle-9.0.0\lib\agents\gradle-instrumentation-agent-9.0.0.jar org.gradle.launcher.daemon.bootstrap.GradleDaemon 9.0.0

Host: 12th Gen Intel(R) Core(TM) i5-1235U, 12 cores, 7G,  Windows 11 , 64 bit Build 26100 (10.0.26100.8246)
Time: Sun Apr 26 23:47:03 2026 India Standard Time elapsed time: 5706.390045 seconds (0d 1h 35m 6s)

---------------  T H R E A D  ---------------

Current thread (0x0000022d7fdf43c0):  JavaThread "C2 CompilerThread0" daemon [_thread_in_native, id=15788, stack(0x000000bf13e00000,0x000000bf13f00000)]


Current CompileTask:
C2:5706390 34147       4       org.gradle.api.internal.artifacts.ivyservice.ivyresolve.CachingModuleComponentRepository$LocateInCacheRepositoryAccess::getProcessedMetadata (66 bytes)

Stack: [0x000000bf13e00000,0x000000bf13f00000]
Native frames: (J=compiled Java code, j=interpreted, Vv=VM code, C=native code)
V  [jvm.dll+0x68c459]  (no source info available)
V  [jvm.dll+0x845e09]  (no source info available)
V  [jvm.dll+0x847b78]  (no source info available)
V  [jvm.dll+0x848203]  (no source info available)
V  [jvm.dll+0x24cf6f]  (no source info available)
V  [jvm.dll+0xaecb6]  (no source info available)
V  [jvm.dll+0xaf35c]  (no source info available)
V  [jvm.dll+0x2b4b8f]  (no source info available)
V  [jvm.dll+0x594484]  (no source info available)
V  [jvm.dll+0x226d84]  (no source info available)
V  [jvm.dll+0x21fae8]  (no source info available)
V  [jvm.dll+0x21d260]  (no source info available)
V  [jvm.dll+0x1a8ce6]  (no source info available)
V  [jvm.dll+0x22db1b]  (no source info available)
V  [jvm.dll+0x22bca6]  (no source info available)
V  [jvm.dll+0x7fb65b]  (no source info available)
V  [jvm.dll+0x7f5a5c]  (no source info available)
V  [jvm.dll+0x68d9f7]  (no source info available)
C  [ucrtbase.dll+0x37b0]  (no source info available)
C  [KERNEL32.DLL+0x2e8d7]  (no source info available)
C  [ntdll.dll+0x8c3fc]  (no source info available)


---------------  P R O C E S S  ---------------

Threads class SMR info:
_java_thread_list=0x0000022d456ef2c0, length=189, elements={
0x0000022d724caeb0, 0x0000022d7fdd6510, 0x0000022d7fdd8c00, 0x0000022d7fdeec50,
0x0000022d7fdef130, 0x0000022d7fdef610, 0x0000022d7fdf3b00, 0x0000022d7fdf43c0,
0x0000022d7fdf4990, 0x0000022d7fdf6ec0, 0x0000022d3011adb0, 0x0000022d301b8ae0,
0x0000022d31f1fe70, 0x0000022d32065720, 0x0000022d31c3b450, 0x0000022d32259e70,
0x0000022d3225a890, 0x0000022d3225ada0, 0x0000022d32617780, 0x0000022d32615e30,
0x0000022d32617c90, 0x0000022d326181a0, 0x0000022d32616d60, 0x0000022d32615920,
0x0000022d3261af30, 0x0000022d3261be60, 0x0000022d3261b950, 0x0000022d3261c370,
0x0000022d34632a30, 0x0000022d34633450, 0x0000022d34633960, 0x0000022d34632520,
0x0000022d34633e70, 0x0000022d449bbb00, 0x0000022d44c8ba80, 0x0000022d53346f30,
0x0000022d53347e60, 0x0000022d31448100, 0x0000022d3723cf00, 0x0000022d53348370,
0x0000022d53347440, 0x0000022d314476e0, 0x0000022d53346a20, 0x0000022d32888c90,
0x0000022d3366cc40, 0x0000022d51a51df0, 0x0000022d51a513d0, 0x0000022d51a518e0,
0x0000022d43f0eda0, 0x0000022d43f0cf40, 0x0000022d43f0d450, 0x0000022d445dbec0,
0x0000022d51a4fa80, 0x0000022d51a52300, 0x0000022d51a4ff90, 0x0000022d51a4f570,
0x0000022d51a509b0, 0x0000022d51a52810, 0x0000022d51a4f060, 0x0000022d360490b0,
0x0000022d36049fe0, 0x0000022d36049ad0, 0x0000022d36048690, 0x0000022d3604a4f0,
0x0000022d456486c0, 0x0000022d45648bd0, 0x0000022d442d55a0, 0x0000022d3604aa00,
0x0000022d3604af10, 0x0000022d3604b930, 0x0000022d3604be40, 0x0000022d445dc8e0,
0x0000022d445dcdf0, 0x0000022d3366d660, 0x0000022d3366db70, 0x0000022d3366a3c0,
0x0000022d3366a8d0, 0x0000022d3366b800, 0x0000022d3366bd10, 0x0000022d3366ade0,
0x0000022d53347950, 0x0000022d442f6690, 0x0000022d442f6ba0, 0x0000022d442f7ad0,
0x0000022d442d69e0, 0x0000022d442d5ab0, 0x0000022d31448610, 0x0000022d31448b20,
0x0000022d31447bf0, 0x0000022d31449030, 0x0000022d451e1ab0, 0x0000022d451e1fc0,
0x0000022d451e4840, 0x0000022d451e24d0, 0x0000022d451e29e0, 0x0000022d451e2ef0,
0x0000022d451e3400, 0x0000022d451e3910, 0x0000022d451e3e20, 0x0000022d451e4330,
0x0000022d442f70b0, 0x0000022d442f75c0, 0x0000022d442f6180, 0x0000022d5331e6c0,
0x0000022d5331e1b0, 0x0000022d5331cd70, 0x0000022d442d5fc0, 0x0000022d442d64d0,
0x0000022d442d5090, 0x0000022d51b2c9b0, 0x0000022d51b2bf90, 0x0000022d51b2ddf0,
0x0000022d51b2e810, 0x0000022d51b2d8e0, 0x0000022d51b2c4a0, 0x0000022d51b2cec0,
0x0000022d51b2d3d0, 0x0000022d43f0f7c0, 0x0000022d441f35a0, 0x0000022d441f44d0,
0x0000022d441f5e20, 0x0000022d441f3ab0, 0x0000022d441f6330, 0x0000022d441f49e0,
0x0000022d441f2b80, 0x0000022d447a7a80, 0x0000022d457bc9b0, 0x0000022d457bc4a0,
0x0000022d457be810, 0x0000022d43f0c520, 0x0000022d43f0ca30, 0x0000022d3723d410,
0x0000022d3723e340, 0x0000022d3723de30, 0x0000022d3723c9f0, 0x0000022d5132ed60,
0x0000022d5132fc90, 0x0000022d5132e340, 0x0000022d5132f270, 0x0000022d5132f780,
0x0000022d513301a0, 0x0000022d5132c9f0, 0x0000022d5132cf00, 0x0000022d5132d410,
0x0000022d5132e850, 0x0000022d5132d920, 0x0000022d5132de30, 0x0000022d44a58ac0,
0x0000022d451e1090, 0x0000022d44c8bf90, 0x0000022d445db4a0, 0x0000022d445dd300,
0x0000022d445dd810, 0x0000022d35fcefd0, 0x0000022d35fd1340, 0x0000022d35fd0410,
0x0000022d35fd0e30, 0x0000022d35fce0a0, 0x0000022d360495c0, 0x0000022d328891a0,
0x0000022d32885f00, 0x0000022d451e15a0, 0x0000022d444dbc80, 0x0000022d444d8ef0,
0x0000022d444db770, 0x0000022d444d84d0, 0x0000022d444d9910, 0x0000022d444dad50,
0x0000022d444da330, 0x0000022d444d9e20, 0x0000022d444d89e0, 0x0000022d444d9400,
0x0000022d32886e30, 0x0000022d32887d60, 0x0000022d32887340, 0x0000022d32887850,
0x0000022d444da840, 0x0000022d35fce5b0, 0x0000022d35fcf4e0, 0x0000022d35fcff00,
0x0000022d35fd0920, 0x0000022d35fceac0, 0x0000022d457bb060, 0x0000022d457bba80,
0x0000022d457bcec0, 0x0000022d457bd3d0, 0x0000022d457bd8e0, 0x0000022d457bbf90,
0x0000022d457bddf0
}

Java Threads: ( => current thread )
  0x0000022d724caeb0 JavaThread "main" [_thread_blocked, id=18292, stack(0x000000bf13100000,0x000000bf13200000)]
  0x0000022d7fdd6510 JavaThread "Reference Handler" daemon [_thread_blocked, id=16412, stack(0x000000bf13800000,0x000000bf13900000)]
  0x0000022d7fdd8c00 JavaThread "Finalizer" daemon [_thread_blocked, id=15392, stack(0x000000bf13900000,0x000000bf13a00000)]
  0x0000022d7fdeec50 JavaThread "Signal Dispatcher" daemon [_thread_blocked, id=21724, stack(0x000000bf13a00000,0x000000bf13b00000)]
  0x0000022d7fdef130 JavaThread "Attach Listener" daemon [_thread_blocked, id=3880, stack(0x000000bf13b00000,0x000000bf13c00000)]
  0x0000022d7fdef610 JavaThread "Service Thread" daemon [_thread_blocked, id=1652, stack(0x000000bf13c00000,0x000000bf13d00000)]
  0x0000022d7fdf3b00 JavaThread "Monitor Deflation Thread" daemon [_thread_blocked, id=18444, stack(0x000000bf13d00000,0x000000bf13e00000)]
=>0x0000022d7fdf43c0 JavaThread "C2 CompilerThread0" daemon [_thread_in_native, id=15788, stack(0x000000bf13e00000,0x000000bf13f00000)]
  0x0000022d7fdf4990 JavaThread "C1 CompilerThread0" daemon [_thread_blocked, id=9540, stack(0x000000bf13f00000,0x000000bf14000000)]
  0x0000022d7fdf6ec0 JavaThread "Sweeper thread" daemon [_thread_blocked, id=19628, stack(0x000000bf14000000,0x000000bf14100000)]
  0x0000022d3011adb0 JavaThread "Common-Cleaner" daemon [_thread_blocked, id=15896, stack(0x000000bf14100000,0x000000bf14200000)]
  0x0000022d301b8ae0 JavaThread "Notification Thread" daemon [_thread_blocked, id=6076, stack(0x000000bf14200000,0x000000bf14300000)]
  0x0000022d31f1fe70 JavaThread "Daemon health stats" [_thread_blocked, id=2200, stack(0x000000bf14a00000,0x000000bf14b00000)]
  0x0000022d32065720 JavaThread "Incoming local TCP Connector on port 58981" [_thread_in_native, id=1552, stack(0x000000bf14b00000,0x000000bf14c00000)]
  0x0000022d31c3b450 JavaThread "Daemon periodic checks" [_thread_blocked, id=22440, stack(0x000000bf14c00000,0x000000bf14d00000)]
  0x0000022d32259e70 JavaThread "Cache worker for journal cache (C:\Users\HP\.gradle\caches\journal-1)" [_thread_blocked, id=21436, stack(0x000000bf15400000,0x000000bf15500000)]
  0x0000022d3225a890 JavaThread "File lock request listener" [_thread_in_native, id=18876, stack(0x000000bf15500000,0x000000bf15600000)]
  0x0000022d3225ada0 JavaThread "Cache worker for file hash cache (C:\Users\HP\.gradle\caches\9.0.0\fileHashes)" [_thread_blocked, id=7040, stack(0x000000bf15600000,0x000000bf15700000)]
  0x0000022d32617780 JavaThread "File watcher server" daemon [_thread_in_native, id=19328, stack(0x000000bf15f00000,0x000000bf16000000)]
  0x0000022d32615e30 JavaThread "File watcher consumer" daemon [_thread_blocked, id=12472, stack(0x000000bf16000000,0x000000bf16100000)]
  0x0000022d32617c90 JavaThread "jar transforms" [_thread_blocked, id=7776, stack(0x000000bf16100000,0x000000bf16200000)]
  0x0000022d326181a0 JavaThread "jar transforms Thread 2" [_thread_blocked, id=21432, stack(0x000000bf16200000,0x000000bf16300000)]
  0x0000022d32616d60 JavaThread "jar transforms Thread 3" [_thread_blocked, id=18520, stack(0x000000bf16300000,0x000000bf16400000)]
  0x0000022d32615920 JavaThread "Cache worker for file content cache (C:\Users\HP\.gradle\caches\9.0.0\fileContent)" [_thread_blocked, id=5612, stack(0x000000bf16500000,0x000000bf16600000)]
  0x0000022d3261af30 JavaThread "jar transforms Thread 4" [_thread_blocked, id=3520, stack(0x000000bf16800000,0x000000bf16900000)]
  0x0000022d3261be60 JavaThread "jar transforms Thread 5" [_thread_blocked, id=19316, stack(0x000000bf16900000,0x000000bf16a00000)]
  0x0000022d3261b950 JavaThread "jar transforms Thread 6" [_thread_blocked, id=10192, stack(0x000000bf16a00000,0x000000bf16b00000)]
  0x0000022d3261c370 JavaThread "jar transforms Thread 7" [_thread_blocked, id=19388, stack(0x000000bf16b00000,0x000000bf16c00000)]
  0x0000022d34632a30 JavaThread "jar transforms Thread 8" [_thread_blocked, id=17500, stack(0x000000bf16c00000,0x000000bf16d00000)]
  0x0000022d34633450 JavaThread "jar transforms Thread 9" [_thread_blocked, id=4212, stack(0x000000bf16d00000,0x000000bf16e00000)]
  0x0000022d34633960 JavaThread "jar transforms Thread 10" [_thread_blocked, id=18124, stack(0x000000bf16e00000,0x000000bf16f00000)]
  0x0000022d34632520 JavaThread "jar transforms Thread 11" [_thread_blocked, id=10496, stack(0x000000bf16f00000,0x000000bf17000000)]
  0x0000022d34633e70 JavaThread "jar transforms Thread 12" [_thread_blocked, id=8756, stack(0x000000bf17100000,0x000000bf17200000)]
  0x0000022d449bbb00 JavaThread "Memory manager" [_thread_blocked, id=21144, stack(0x000000bf1a000000,0x000000bf1a100000)]
  0x0000022d44c8ba80 JavaThread "ForkJoinPool.commonPool-worker-1" daemon [_thread_blocked, id=8012, stack(0x000000bf1a200000,0x000000bf1a300000)]
  0x0000022d53346f30 JavaThread "ForkJoinPool.commonPool-worker-2" daemon [_thread_blocked, id=15868, stack(0x000000bf1a300000,0x000000bf1a400000)]
  0x0000022d53347e60 JavaThread "ForkJoinPool.commonPool-worker-3" daemon [_thread_blocked, id=13168, stack(0x000000bf1a400000,0x000000bf1a500000)]
  0x0000022d31448100 JavaThread "ForkJoinPool.commonPool-worker-4" daemon [_thread_blocked, id=18756, stack(0x000000bf1a500000,0x000000bf1a600000)]
  0x0000022d3723cf00 JavaThread "ForkJoinPool.commonPool-worker-7" daemon [_thread_blocked, id=6920, stack(0x000000bf1a800000,0x000000bf1a900000)]
  0x0000022d53348370 JavaThread "ForkJoinPool.commonPool-worker-8" daemon [_thread_blocked, id=20616, stack(0x000000bf1a900000,0x000000bf1aa00000)]
  0x0000022d53347440 JavaThread "ForkJoinPool.commonPool-worker-9" daemon [_thread_blocked, id=21320, stack(0x000000bf1aa00000,0x000000bf1ab00000)]
  0x0000022d314476e0 JavaThread "ForkJoinPool.commonPool-worker-10" daemon [_thread_blocked, id=15916, stack(0x000000bf1ab00000,0x000000bf1ac00000)]
  0x0000022d53346a20 JavaThread "ForkJoinPool.commonPool-worker-11" daemon [_thread_blocked, id=21472, stack(0x000000bf1a100000,0x000000bf1a200000)]
  0x0000022d32888c90 JavaThread "File lock release action executor Thread 2" [_thread_blocked, id=24140, stack(0x000000bf20d00000,0x000000bf20e00000)]
  0x0000022d3366cc40 JavaThread "Daemon Thread 3" [_thread_blocked, id=23376, stack(0x000000bf12e00000,0x000000bf12f00000)]
  0x0000022d51a51df0 JavaThread "Handler for socket connection from /127.0.0.1:58981 to /127.0.0.1:59319" [_thread_in_native, id=17484, stack(0x000000bf13000000,0x000000bf13100000)]
  0x0000022d51a513d0 JavaThread "Cancel handler" [_thread_blocked, id=24268, stack(0x000000bf14d00000,0x000000bf14e00000)]
  0x0000022d51a518e0 JavaThread "Daemon worker Thread 3" [_thread_blocked, id=17820, stack(0x000000bf14e00000,0x000000bf14f00000)]
  0x0000022d43f0eda0 JavaThread "Asynchronous log dispatcher for DefaultDaemonConnection: socket connection from /127.0.0.1:58981 to /127.0.0.1:59319" [_thread_blocked, id=16604, stack(0x000000bf14f00000,0x000000bf15000000)]
  0x0000022d43f0cf40 JavaThread "Stdin handler" [_thread_blocked, id=19208, stack(0x000000bf15000000,0x000000bf15100000)]
  0x0000022d43f0d450 JavaThread "Daemon client event forwarder" [_thread_in_Java, id=18452, stack(0x000000bf15100000,0x000000bf15200000)]
  0x0000022d445dbec0 JavaThread "Cache worker for file hash cache (D:\RVU-connect\android\.gradle\9.0.0\fileHashes)" [_thread_blocked, id=18740, stack(0x000000bf15200000,0x000000bf15300000)]
  0x0000022d51a4fa80 JavaThread "Cache worker for Build Output Cleanup Cache (D:\RVU-connect\android\.gradle\buildOutputCleanup)" [_thread_blocked, id=12256, stack(0x000000bf15300000,0x000000bf15400000)]
  0x0000022d51a52300 JavaThread "Cache worker for checksums cache (D:\RVU-connect\android\.gradle\9.0.0\checksums)" [_thread_blocked, id=7764, stack(0x000000bf15c00000,0x000000bf15d00000)]
  0x0000022d51a4ff90 JavaThread "Cache worker for cache directory md-supplier (C:\Users\HP\.gradle\caches\9.0.0\md-supplier)" [_thread_blocked, id=15228, stack(0x000000bf15d00000,0x000000bf15e00000)]
  0x0000022d51a4f570 JavaThread "Cache worker for cache directory md-rule (C:\Users\HP\.gradle\caches\9.0.0\md-rule)" [_thread_blocked, id=2440, stack(0x000000bf15e00000,0x000000bf15f00000)]
  0x0000022d51a509b0 JavaThread "Cache worker for Build Output Cleanup Cache (D:\RVU-connect\node_modules\@react-native\gradle-plugin\.gradle\buildOutputCleanup)" [_thread_blocked, id=3196, stack(0x000000bf16400000,0x000000bf16500000)]
  0x0000022d51a52810 JavaThread "Unconstrained build operations" [_thread_blocked, id=6092, stack(0x000000bf16600000,0x000000bf16700000)]
  0x0000022d51a4f060 JavaThread "Unconstrained build operations Thread 2" [_thread_blocked, id=24552, stack(0x000000bf16700000,0x000000bf16800000)]
  0x0000022d360490b0 JavaThread "Unconstrained build operations Thread 3" [_thread_blocked, id=21596, stack(0x000000bf17000000,0x000000bf17100000)]
  0x0000022d36049fe0 JavaThread "Unconstrained build operations Thread 4" [_thread_blocked, id=24116, stack(0x000000bf17300000,0x000000bf17400000)]
  0x0000022d36049ad0 JavaThread "Unconstrained build operations Thread 5" [_thread_blocked, id=23312, stack(0x000000bf17400000,0x000000bf17500000)]
  0x0000022d36048690 JavaThread "Unconstrained build operations Thread 6" [_thread_blocked, id=14924, stack(0x000000bf17500000,0x000000bf17600000)]
  0x0000022d3604a4f0 JavaThread "Unconstrained build operations Thread 7" [_thread_blocked, id=6356, stack(0x000000bf17600000,0x000000bf17700000)]
  0x0000022d456486c0 JavaThread "Unconstrained build operations Thread 8" [_thread_blocked, id=24348, stack(0x000000bf17700000,0x000000bf17800000)]
  0x0000022d45648bd0 JavaThread "Unconstrained build operations Thread 9" [_thread_blocked, id=19932, stack(0x000000bf17800000,0x000000bf17900000)]
  0x0000022d442d55a0 JavaThread "Unconstrained build operations Thread 10" [_thread_blocked, id=4764, stack(0x000000bf17900000,0x000000bf17a00000)]
  0x0000022d3604aa00 JavaThread "Unconstrained build operations Thread 11" [_thread_blocked, id=21900, stack(0x000000bf17a00000,0x000000bf17b00000)]
  0x0000022d3604af10 JavaThread "Unconstrained build operations Thread 12" [_thread_blocked, id=19952, stack(0x000000bf17b00000,0x000000bf17c00000)]
  0x0000022d3604b930 JavaThread "Unconstrained build operations Thread 13" [_thread_blocked, id=3884, stack(0x000000bf17c00000,0x000000bf17d00000)]
  0x0000022d3604be40 JavaThread "Unconstrained build operations Thread 14" [_thread_blocked, id=5060, stack(0x000000bf17d00000,0x000000bf17e00000)]
  0x0000022d445dc8e0 JavaThread "Unconstrained build operations Thread 15" [_thread_blocked, id=14708, stack(0x000000bf17e00000,0x000000bf17f00000)]
  0x0000022d445dcdf0 JavaThread "Unconstrained build operations Thread 16" [_thread_blocked, id=19836, stack(0x000000bf17f00000,0x000000bf18000000)]
  0x0000022d3366d660 JavaThread "Unconstrained build operations Thread 17" [_thread_blocked, id=3184, stack(0x000000bf18000000,0x000000bf18100000)]
  0x0000022d3366db70 JavaThread "Unconstrained build operations Thread 18" [_thread_blocked, id=23976, stack(0x000000bf18100000,0x000000bf18200000)]
  0x0000022d3366a3c0 JavaThread "Unconstrained build operations Thread 19" [_thread_blocked, id=11612, stack(0x000000bf18200000,0x000000bf18300000)]
  0x0000022d3366a8d0 JavaThread "Unconstrained build operations Thread 20" [_thread_blocked, id=4116, stack(0x000000bf18300000,0x000000bf18400000)]
  0x0000022d3366b800 JavaThread "Unconstrained build operations Thread 21" [_thread_blocked, id=11252, stack(0x000000bf18400000,0x000000bf18500000)]
  0x0000022d3366bd10 JavaThread "Unconstrained build operations Thread 22" [_thread_blocked, id=12800, stack(0x000000bf18500000,0x000000bf18600000)]
  0x0000022d3366ade0 JavaThread "Unconstrained build operations Thread 23" [_thread_blocked, id=20360, stack(0x000000bf18600000,0x000000bf18700000)]
  0x0000022d53347950 JavaThread "Unconstrained build operations Thread 24" [_thread_blocked, id=24212, stack(0x000000bf18700000,0x000000bf18800000)]
  0x0000022d442f6690 JavaThread "Unconstrained build operations Thread 25" [_thread_blocked, id=7696, stack(0x000000bf18800000,0x000000bf18900000)]
  0x0000022d442f6ba0 JavaThread "Unconstrained build operations Thread 26" [_thread_blocked, id=16616, stack(0x000000bf18900000,0x000000bf18a00000)]
  0x0000022d442f7ad0 JavaThread "build event listener" [_thread_blocked, id=6408, stack(0x000000bf18a00000,0x000000bf18b00000)]
  0x0000022d442d69e0 JavaThread "ForkJoinPool.commonPool-worker-13" daemon [_thread_blocked, id=10596, stack(0x000000bf18b00000,0x000000bf18c00000)]
  0x0000022d442d5ab0 JavaThread "included builds" [_thread_blocked, id=21240, stack(0x000000bf18c00000,0x000000bf18d00000)]
  0x0000022d31448610 JavaThread "Execution worker" [_thread_blocked, id=17056, stack(0x000000bf18d00000,0x000000bf18e00000)]
  0x0000022d31448b20 JavaThread "Execution worker Thread 2" [_thread_blocked, id=9480, stack(0x000000bf18e00000,0x000000bf18f00000)]
  0x0000022d31447bf0 JavaThread "Execution worker Thread 3" [_thread_blocked, id=23724, stack(0x000000bf18f00000,0x000000bf19000000)]
  0x0000022d31449030 JavaThread "Execution worker Thread 4" [_thread_blocked, id=15008, stack(0x000000bf19000000,0x000000bf19100000)]
  0x0000022d451e1ab0 JavaThread "Execution worker Thread 5" [_thread_blocked, id=15012, stack(0x000000bf19100000,0x000000bf19200000)]
  0x0000022d451e1fc0 JavaThread "Execution worker Thread 6" [_thread_blocked, id=2788, stack(0x000000bf19200000,0x000000bf19300000)]
  0x0000022d451e4840 JavaThread "Execution worker Thread 7" [_thread_blocked, id=12696, stack(0x000000bf19300000,0x000000bf19400000)]
  0x0000022d451e24d0 JavaThread "Execution worker Thread 8" [_thread_blocked, id=21772, stack(0x000000bf19400000,0x000000bf19500000)]
  0x0000022d451e29e0 JavaThread "Execution worker Thread 9" [_thread_blocked, id=16028, stack(0x000000bf19500000,0x000000bf19600000)]
  0x0000022d451e2ef0 JavaThread "Execution worker Thread 10" [_thread_blocked, id=22364, stack(0x000000bf19600000,0x000000bf19700000)]
  0x0000022d451e3400 JavaThread "Execution worker Thread 11" [_thread_blocked, id=14428, stack(0x000000bf19700000,0x000000bf19800000)]
  0x0000022d451e3910 JavaThread "Cache worker for execution history cache (D:\RVU-connect\node_modules\@react-native\gradle-plugin\.gradle\9.0.0\executionHistory)" [_thread_blocked, id=12776, stack(0x000000bf19800000,0x000000bf19900000)]
  0x0000022d451e3e20 JavaThread "Unconstrained build operations Thread 27" [_thread_blocked, id=1696, stack(0x000000bf1a600000,0x000000bf1a700000)]
  0x0000022d451e4330 JavaThread "Unconstrained build operations Thread 28" [_thread_blocked, id=12516, stack(0x000000bf1a700000,0x000000bf1a800000)]
  0x0000022d442f70b0 JavaThread "Unconstrained build operations Thread 29" [_thread_blocked, id=14772, stack(0x000000bf1ac00000,0x000000bf1ad00000)]
  0x0000022d442f75c0 JavaThread "Unconstrained build operations Thread 30" [_thread_blocked, id=22324, stack(0x000000bf1ad00000,0x000000bf1ae00000)]
  0x0000022d442f6180 JavaThread "Unconstrained build operations Thread 31" [_thread_blocked, id=1112, stack(0x000000bf1ae00000,0x000000bf1af00000)]
  0x0000022d5331e6c0 JavaThread "Unconstrained build operations Thread 32" [_thread_blocked, id=12708, stack(0x000000bf1af00000,0x000000bf1b000000)]
  0x0000022d5331e1b0 JavaThread "Unconstrained build operations Thread 33" [_thread_blocked, id=22976, stack(0x000000bf1b000000,0x000000bf1b100000)]
  0x0000022d5331cd70 JavaThread "Unconstrained build operations Thread 34" [_thread_blocked, id=10264, stack(0x000000bf1b100000,0x000000bf1b200000)]
  0x0000022d442d5fc0 JavaThread "Unconstrained build operations Thread 35" [_thread_blocked, id=23568, stack(0x000000bf1b200000,0x000000bf1b300000)]
  0x0000022d442d64d0 JavaThread "Unconstrained build operations Thread 36" [_thread_blocked, id=23288, stack(0x000000bf1b300000,0x000000bf1b400000)]
  0x0000022d442d5090 JavaThread "Unconstrained build operations Thread 37" [_thread_blocked, id=20296, stack(0x000000bf1b400000,0x000000bf1b500000)]
  0x0000022d51b2c9b0 JavaThread "Unconstrained build operations Thread 38" [_thread_blocked, id=24404, stack(0x000000bf1b500000,0x000000bf1b600000)]
  0x0000022d51b2bf90 JavaThread "Unconstrained build operations Thread 39" [_thread_blocked, id=7580, stack(0x000000bf1b600000,0x000000bf1b700000)]
  0x0000022d51b2ddf0 JavaThread "Unconstrained build operations Thread 40" [_thread_blocked, id=3872, stack(0x000000bf1b700000,0x000000bf1b800000)]
  0x0000022d51b2e810 JavaThread "Unconstrained build operations Thread 41" [_thread_blocked, id=18404, stack(0x000000bf1b800000,0x000000bf1b900000)]
  0x0000022d51b2d8e0 JavaThread "Unconstrained build operations Thread 42" [_thread_blocked, id=15876, stack(0x000000bf1b900000,0x000000bf1ba00000)]
  0x0000022d51b2c4a0 JavaThread "Unconstrained build operations Thread 43" [_thread_blocked, id=22404, stack(0x000000bf1ba00000,0x000000bf1bb00000)]
  0x0000022d51b2cec0 JavaThread "Unconstrained build operations Thread 44" [_thread_blocked, id=22936, stack(0x000000bf1bb00000,0x000000bf1bc00000)]
  0x0000022d51b2d3d0 JavaThread "Unconstrained build operations Thread 45" [_thread_blocked, id=24232, stack(0x000000bf1bc00000,0x000000bf1bd00000)]
  0x0000022d43f0f7c0 JavaThread "Unconstrained build operations Thread 46" [_thread_blocked, id=23844, stack(0x000000bf1bd00000,0x000000bf1be00000)]
  0x0000022d441f35a0 JavaThread "Unconstrained build operations Thread 47" [_thread_blocked, id=14148, stack(0x000000bf1be00000,0x000000bf1bf00000)]
  0x0000022d441f44d0 JavaThread "Unconstrained build operations Thread 48" [_thread_blocked, id=15708, stack(0x000000bf1bf00000,0x000000bf1c000000)]
  0x0000022d441f5e20 JavaThread "Unconstrained build operations Thread 49" [_thread_blocked, id=24072, stack(0x000000bf1c000000,0x000000bf1c100000)]
  0x0000022d441f3ab0 JavaThread "Unconstrained build operations Thread 50" [_thread_blocked, id=20272, stack(0x000000bf1c100000,0x000000bf1c200000)]
  0x0000022d441f6330 JavaThread "Unconstrained build operations Thread 51" [_thread_blocked, id=8372, stack(0x000000bf1c200000,0x000000bf1c300000)]
  0x0000022d441f49e0 JavaThread "Unconstrained build operations Thread 52" [_thread_blocked, id=21268, stack(0x000000bf1c300000,0x000000bf1c400000)]
  0x0000022d441f2b80 JavaThread "Unconstrained build operations Thread 53" [_thread_blocked, id=17636, stack(0x000000bf1c400000,0x000000bf1c500000)]
  0x0000022d447a7a80 JavaThread "Unconstrained build operations Thread 54" [_thread_blocked, id=19192, stack(0x000000bf1c500000,0x000000bf1c600000)]
  0x0000022d457bc9b0 JavaThread "Unconstrained build operations Thread 55" [_thread_blocked, id=14444, stack(0x000000bf1c600000,0x000000bf1c700000)]
  0x0000022d457bc4a0 JavaThread "Unconstrained build operations Thread 56" [_thread_blocked, id=3776, stack(0x000000bf1c700000,0x000000bf1c800000)]
  0x0000022d457be810 JavaThread "Unconstrained build operations Thread 57" [_thread_blocked, id=15648, stack(0x000000bf1c800000,0x000000bf1c900000)]
  0x0000022d43f0c520 JavaThread "Unconstrained build operations Thread 58" [_thread_blocked, id=20996, stack(0x000000bf1c900000,0x000000bf1ca00000)]
  0x0000022d43f0ca30 JavaThread "Unconstrained build operations Thread 59" [_thread_blocked, id=21300, stack(0x000000bf1ca00000,0x000000bf1cb00000)]
  0x0000022d3723d410 JavaThread "Unconstrained build operations Thread 60" [_thread_blocked, id=18324, stack(0x000000bf1cb00000,0x000000bf1cc00000)]
  0x0000022d3723e340 JavaThread "Unconstrained build operations Thread 61" [_thread_blocked, id=20428, stack(0x000000bf1cc00000,0x000000bf1cd00000)]
  0x0000022d3723de30 JavaThread "Unconstrained build operations Thread 62" [_thread_blocked, id=13692, stack(0x000000bf1cd00000,0x000000bf1ce00000)]
  0x0000022d3723c9f0 JavaThread "Unconstrained build operations Thread 63" [_thread_blocked, id=20816, stack(0x000000bf1ce00000,0x000000bf1cf00000)]
  0x0000022d5132ed60 JavaThread "Unconstrained build operations Thread 64" [_thread_blocked, id=17964, stack(0x000000bf1cf00000,0x000000bf1d000000)]
  0x0000022d5132fc90 JavaThread "Unconstrained build operations Thread 65" [_thread_blocked, id=7840, stack(0x000000bf1d000000,0x000000bf1d100000)]
  0x0000022d5132e340 JavaThread "Unconstrained build operations Thread 66" [_thread_blocked, id=9512, stack(0x000000bf1d100000,0x000000bf1d200000)]
  0x0000022d5132f270 JavaThread "Unconstrained build operations Thread 67" [_thread_blocked, id=23152, stack(0x000000bf1d200000,0x000000bf1d300000)]
  0x0000022d5132f780 JavaThread "Unconstrained build operations Thread 68" [_thread_blocked, id=19900, stack(0x000000bf1d300000,0x000000bf1d400000)]
  0x0000022d513301a0 JavaThread "Unconstrained build operations Thread 69" [_thread_blocked, id=6560, stack(0x000000bf1d400000,0x000000bf1d500000)]
  0x0000022d5132c9f0 JavaThread "Unconstrained build operations Thread 70" [_thread_blocked, id=4228, stack(0x000000bf1d500000,0x000000bf1d600000)]
  0x0000022d5132cf00 JavaThread "Unconstrained build operations Thread 71" [_thread_blocked, id=7224, stack(0x000000bf1d600000,0x000000bf1d700000)]
  0x0000022d5132d410 JavaThread "Unconstrained build operations Thread 72" [_thread_blocked, id=6200, stack(0x000000bf1d700000,0x000000bf1d800000)]
  0x0000022d5132e850 JavaThread "Unconstrained build operations Thread 73" [_thread_blocked, id=12496, stack(0x000000bf1d800000,0x000000bf1d900000)]
  0x0000022d5132d920 JavaThread "Unconstrained build operations Thread 74" [_thread_blocked, id=17412, stack(0x000000bf1d900000,0x000000bf1da00000)]
  0x0000022d5132de30 JavaThread "Unconstrained build operations Thread 75" [_thread_blocked, id=1336, stack(0x000000bf1da00000,0x000000bf1db00000)]
  0x0000022d44a58ac0 JavaThread "Unconstrained build operations Thread 76" [_thread_blocked, id=23504, stack(0x000000bf1db00000,0x000000bf1dc00000)]
  0x0000022d451e1090 JavaThread "Unconstrained build operations Thread 77" [_thread_blocked, id=13500, stack(0x000000bf1dc00000,0x000000bf1dd00000)]
  0x0000022d44c8bf90 JavaThread "Unconstrained build operations Thread 78" [_thread_blocked, id=412, stack(0x000000bf1dd00000,0x000000bf1de00000)]
  0x0000022d445db4a0 JavaThread "Unconstrained build operations Thread 79" [_thread_blocked, id=11804, stack(0x000000bf1de00000,0x000000bf1df00000)]
  0x0000022d445dd300 JavaThread "Unconstrained build operations Thread 80" [_thread_blocked, id=20592, stack(0x000000bf1df00000,0x000000bf1e000000)]
  0x0000022d445dd810 JavaThread "Unconstrained build operations Thread 81" [_thread_blocked, id=20540, stack(0x000000bf1e000000,0x000000bf1e100000)]
  0x0000022d35fcefd0 JavaThread "Unconstrained build operations Thread 82" [_thread_blocked, id=15324, stack(0x000000bf1e100000,0x000000bf1e200000)]
  0x0000022d35fd1340 JavaThread "Unconstrained build operations Thread 83" [_thread_blocked, id=23640, stack(0x000000bf1e200000,0x000000bf1e300000)]
  0x0000022d35fd0410 JavaThread "Unconstrained build operations Thread 84" [_thread_blocked, id=4444, stack(0x000000bf1e300000,0x000000bf1e400000)]
  0x0000022d35fd0e30 JavaThread "Unconstrained build operations Thread 85" [_thread_blocked, id=15452, stack(0x000000bf1e400000,0x000000bf1e500000)]
  0x0000022d35fce0a0 JavaThread "Unconstrained build operations Thread 86" [_thread_blocked, id=21564, stack(0x000000bf1e500000,0x000000bf1e600000)]
  0x0000022d360495c0 JavaThread "Unconstrained build operations Thread 87" [_thread_blocked, id=7424, stack(0x000000bf1e600000,0x000000bf1e700000)]
  0x0000022d328891a0 JavaThread "Unconstrained build operations Thread 88" [_thread_blocked, id=17904, stack(0x000000bf1e700000,0x000000bf1e800000)]
  0x0000022d32885f00 JavaThread "Unconstrained build operations Thread 89" [_thread_blocked, id=23208, stack(0x000000bf1e800000,0x000000bf1e900000)]
  0x0000022d451e15a0 JavaThread "Unconstrained build operations Thread 90" [_thread_blocked, id=8768, stack(0x000000bf1e900000,0x000000bf1ea00000)]
  0x0000022d444dbc80 JavaThread "Unconstrained build operations Thread 91" [_thread_blocked, id=13588, stack(0x000000bf1ea00000,0x000000bf1eb00000)]
  0x0000022d444d8ef0 JavaThread "Unconstrained build operations Thread 92" [_thread_blocked, id=5548, stack(0x000000bf1eb00000,0x000000bf1ec00000)]
  0x0000022d444db770 JavaThread "Unconstrained build operations Thread 93" [_thread_blocked, id=24184, stack(0x000000bf1ec00000,0x000000bf1ed00000)]
  0x0000022d444d84d0 JavaThread "Unconstrained build operations Thread 94" [_thread_blocked, id=15320, stack(0x000000bf1ed00000,0x000000bf1ee00000)]
  0x0000022d444d9910 JavaThread "Unconstrained build operations Thread 95" [_thread_blocked, id=17804, stack(0x000000bf1ee00000,0x000000bf1ef00000)]
  0x0000022d444dad50 JavaThread "Unconstrained build operations Thread 96" [_thread_blocked, id=22536, stack(0x000000bf1ef00000,0x000000bf1f000000)]
  0x0000022d444da330 JavaThread "Unconstrained build operations Thread 97" [_thread_blocked, id=22632, stack(0x000000bf1f000000,0x000000bf1f100000)]
  0x0000022d444d9e20 JavaThread "Unconstrained build operations Thread 98" [_thread_blocked, id=23420, stack(0x000000bf1f100000,0x000000bf1f200000)]
  0x0000022d444d89e0 JavaThread "Unconstrained build operations Thread 99" [_thread_blocked, id=11068, stack(0x000000bf1f200000,0x000000bf1f300000)]
  0x0000022d444d9400 JavaThread "Unconstrained build operations Thread 100" [_thread_blocked, id=14352, stack(0x000000bf1f300000,0x000000bf1f400000)]
  0x0000022d32886e30 JavaThread "build event listener" [_thread_blocked, id=24496, stack(0x000000bf1f400000,0x000000bf1f500000)]
  0x0000022d32887d60 JavaThread "Problems report writer" [_thread_blocked, id=10684, stack(0x000000bf1f500000,0x000000bf1f600000)]
  0x0000022d32887340 JavaThread "Unconstrained build operations Thread 101" [_thread_blocked, id=19252, stack(0x000000bf1f600000,0x000000bf1f700000)]
  0x0000022d32887850 JavaThread "Unconstrained build operations Thread 102" [_thread_blocked, id=3172, stack(0x000000bf1f700000,0x000000bf1f800000)]
  0x0000022d444da840 JavaThread "Unconstrained build operations Thread 103" [_thread_blocked, id=15408, stack(0x000000bf1f800000,0x000000bf1f900000)]
  0x0000022d35fce5b0 JavaThread "Unconstrained build operations Thread 104" [_thread_blocked, id=14084, stack(0x000000bf1f900000,0x000000bf1fa00000)]
  0x0000022d35fcf4e0 JavaThread "Unconstrained build operations Thread 105" [_thread_blocked, id=21412, stack(0x000000bf1fa00000,0x000000bf1fb00000)]
  0x0000022d35fcff00 JavaThread "Unconstrained build operations Thread 106" [_thread_blocked, id=12296, stack(0x000000bf1fb00000,0x000000bf1fc00000)]
  0x0000022d35fd0920 JavaThread "Unconstrained build operations Thread 107" [_thread_blocked, id=23512, stack(0x000000bf1fc00000,0x000000bf1fd00000)]
  0x0000022d35fceac0 JavaThread "Unconstrained build operations Thread 108" [_thread_blocked, id=18436, stack(0x000000bf1fd00000,0x000000bf1fe00000)]
  0x0000022d457bb060 JavaThread "Unconstrained build operations Thread 109" [_thread_blocked, id=17984, stack(0x000000bf1fe00000,0x000000bf1ff00000)]
  0x0000022d457bba80 JavaThread "Unconstrained build operations Thread 110" [_thread_blocked, id=5272, stack(0x000000bf1ff00000,0x000000bf20000000)]
  0x0000022d457bcec0 JavaThread "Unconstrained build operations Thread 111" [_thread_blocked, id=22020, stack(0x000000bf20000000,0x000000bf20100000)]
  0x0000022d457bd3d0 JavaThread "Unconstrained build operations Thread 112" [_thread_in_native, id=13644, stack(0x000000bf20100000,0x000000bf20200000)]
  0x0000022d457bd8e0 JavaThread "Unconstrained build operations Thread 113" [_thread_blocked, id=17100, stack(0x000000bf20200000,0x000000bf20300000)]
  0x0000022d457bbf90 JavaThread "Unconstrained build operations Thread 114" [_thread_blocked, id=18804, stack(0x000000bf20300000,0x000000bf20400000)]
  0x0000022d457bddf0 JavaThread "Unconstrained build operations Thread 115" [_thread_blocked, id=10256, stack(0x000000bf20400000,0x000000bf20500000)]

Other Threads:
  0x0000022d7fdd3420 VMThread "VM Thread" [stack: 0x000000bf13700000,0x000000bf13800000] [id=13084]
  0x0000022d724cbc40 WatcherThread [stack: 0x000000bf14300000,0x000000bf14400000] [id=17692]
  0x0000022d7252a5a0 GCTaskThread "GC Thread#0" [stack: 0x000000bf13200000,0x000000bf13300000] [id=18992]
  0x0000022d302b04d0 GCTaskThread "GC Thread#1" [stack: 0x000000bf14500000,0x000000bf14600000] [id=16292]
  0x0000022d308d9700 GCTaskThread "GC Thread#2" [stack: 0x000000bf14600000,0x000000bf14700000] [id=18268]
  0x0000022d30f0bff0 GCTaskThread "GC Thread#3" [stack: 0x000000bf14700000,0x000000bf14800000] [id=18040]
  0x0000022d30f0c860 GCTaskThread "GC Thread#4" [stack: 0x000000bf14800000,0x000000bf14900000] [id=20396]
  0x0000022d30f0b780 GCTaskThread "GC Thread#5" [stack: 0x000000bf14900000,0x000000bf14a00000] [id=17544]
  0x0000022d30f0b1e0 GCTaskThread "GC Thread#6" [stack: 0x000000bf15700000,0x000000bf15800000] [id=22436]
  0x0000022d30f0b4b0 GCTaskThread "GC Thread#7" [stack: 0x000000bf15800000,0x000000bf15900000] [id=21668]
  0x0000022d3249bb60 GCTaskThread "GC Thread#8" [stack: 0x000000bf15900000,0x000000bf15a00000] [id=12772]
  0x0000022d3249be30 GCTaskThread "GC Thread#9" [stack: 0x000000bf15a00000,0x000000bf15b00000] [id=18908]
  0x0000022d7253b570 ConcurrentGCThread "G1 Main Marker" [stack: 0x000000bf13300000,0x000000bf13400000] [id=12632]
  0x0000022d7253ca10 ConcurrentGCThread "G1 Conc#0" [stack: 0x000000bf13400000,0x000000bf13500000] [id=10828]
  0x0000022d3249c3d0 ConcurrentGCThread "G1 Conc#1" [stack: 0x000000bf14400000,0x000000bf14500000] [id=12724]
  0x0000022d3249c6a0 ConcurrentGCThread "G1 Conc#2" [stack: 0x000000bf15b00000,0x000000bf15c00000] [id=15492]
  0x0000022d7257eae0 ConcurrentGCThread "G1 Refine#0" [stack: 0x000000bf13500000,0x000000bf13600000] [id=22028]
  0x0000022d33e75020 ConcurrentGCThread "G1 Refine#1" [stack: 0x000000bf17200000,0x000000bf17300000] [id=17580]
  0x0000022d36cdabe0 ConcurrentGCThread "G1 Refine#2" [stack: 0x000000bf19900000,0x000000bf19a00000] [id=13764]
  0x0000022d36cdb4e0 ConcurrentGCThread "G1 Refine#3" [stack: 0x000000bf19a00000,0x000000bf19b00000] [id=8428]
  0x0000022d36cdaee0 ConcurrentGCThread "G1 Refine#4" [stack: 0x000000bf19b00000,0x000000bf19c00000] [id=3980]
  0x0000022d36cdb1e0 ConcurrentGCThread "G1 Refine#5" [stack: 0x000000bf19c00000,0x000000bf19d00000] [id=18644]
  0x0000022d36cdb7e0 ConcurrentGCThread "G1 Refine#6" [stack: 0x000000bf19d00000,0x000000bf19e00000] [id=9600]
  0x0000022d36cdc0e0 ConcurrentGCThread "G1 Refine#7" [stack: 0x000000bf19e00000,0x000000bf19f00000] [id=22472]
  0x0000022d35ee6f20 ConcurrentGCThread "G1 Refine#8" [stack: 0x000000bf19f00000,0x000000bf1a000000] [id=7288]
  0x0000022d7fc8fe20 ConcurrentGCThread "G1 Service" [stack: 0x000000bf13600000,0x000000bf13700000] [id=15604]

Threads with active compile tasks:
C2 CompilerThread0  5706513 34147       4       org.gradle.api.internal.artifacts.ivyservice.ivyresolve.CachingModuleComponentRepository$LocateInCacheRepositoryAccess::getProcessedMetadata (66 bytes)

VM state: not at safepoint (normal execution)

VM Mutex/Monitor currently owned by a thread: None

Heap address: 0x0000000080000000, size: 2048 MB, Compressed Oops mode: 32-bit

CDS archive(s) mapped at: [0x0000022d11000000-0x0000022d11bb0000-0x0000022d11bb0000), size 12255232, SharedBaseAddress: 0x0000022d11000000, ArchiveRelocationMode: 1.
Compressed class space mapped at: 0x0000022d12000000-0x0000022d2c000000, reserved size: 436207616
Narrow klass base: 0x0000022d11000000, Narrow klass shift: 0, Narrow klass range: 0x100000000

GC Precious Log:
 CPUs: 12 total, 12 available
 Memory: 7863M
 Large Page Support: Disabled
 NUMA Support: Disabled
 Compressed Oops: Enabled (32-bit)
 Heap Region Size: 1M
 Heap Min Capacity: 8M
 Heap Initial Capacity: 124M
 Heap Max Capacity: 2G
 Pre-touch: Disabled
 Parallel Workers: 10
 Concurrent Workers: 3
 Concurrent Refinement Workers: 10
 Periodic GC: Disabled

Heap:
 garbage-first heap   total 517120K, used 275300K [0x0000000080000000, 0x0000000100000000)
  region size 1024K, 22 young (22528K), 4 survivors (4096K)
 Metaspace       used 204059K, committed 206400K, reserved 622592K
  class space    used 26476K, committed 27584K, reserved 425984K

Heap Regions: E=young(eden), S=young(survivor), O=old, HS=humongous(starts), HC=humongous(continues), CS=collection set, F=free, OA=open archive, CA=closed archive, TAMS=top-at-mark-start (previous, next)
|   0|0x0000000080000000, 0x0000000080100000, 0x0000000080100000|100%|HS|  |TAMS 0x0000000080100000, 0x0000000080000000| Complete 
|   1|0x0000000080100000, 0x0000000080200000, 0x0000000080200000|100%|HC|  |TAMS 0x0000000080200000, 0x0000000080100000| Complete 
|   2|0x0000000080200000, 0x0000000080300000, 0x0000000080300000|100%|HC|  |TAMS 0x0000000080300000, 0x0000000080200000| Complete 
|   3|0x0000000080300000, 0x0000000080400000, 0x0000000080400000|100%| O|  |TAMS 0x0000000080400000, 0x0000000080300000| Untracked 
|   4|0x0000000080400000, 0x0000000080500000, 0x0000000080500000|100%| O|  |TAMS 0x0000000080500000, 0x0000000080400000| Untracked 
|   5|0x0000000080500000, 0x0000000080600000, 0x0000000080600000|100%| O|  |TAMS 0x0000000080600000, 0x0000000080500000| Untracked 
|   6|0x0000000080600000, 0x0000000080700000, 0x0000000080700000|100%|HS|  |TAMS 0x0000000080700000, 0x0000000080600000| Complete 
|   7|0x0000000080700000, 0x0000000080800000, 0x0000000080800000|100%| O|  |TAMS 0x0000000080800000, 0x0000000080700000| Untracked 
|   8|0x0000000080800000, 0x0000000080900000, 0x0000000080900000|100%| O|  |TAMS 0x0000000080900000, 0x0000000080800000| Untracked 
|   9|0x0000000080900000, 0x0000000080a00000, 0x0000000080a00000|100%| O|  |TAMS 0x0000000080a00000, 0x0000000080900000| Untracked 
|  10|0x0000000080a00000, 0x0000000080b00000, 0x0000000080b00000|100%| O|  |TAMS 0x0000000080b00000, 0x0000000080a00000| Untracked 
|  11|0x0000000080b00000, 0x0000000080c00000, 0x0000000080c00000|100%| O|  |TAMS 0x0000000080c00000, 0x0000000080b00000| Untracked 
|  12|0x0000000080c00000, 0x0000000080d00000, 0x0000000080d00000|100%| O|  |TAMS 0x0000000080d00000, 0x0000000080c00000| Untracked 
|  13|0x0000000080d00000, 0x0000000080e00000, 0x0000000080e00000|100%| O|  |TAMS 0x0000000080e00000, 0x0000000080d00000| Untracked 
|  14|0x0000000080e00000, 0x0000000080f00000, 0x0000000080f00000|100%| O|  |TAMS 0x0000000080f00000, 0x0000000080e00000| Untracked 
|  15|0x0000000080f00000, 0x0000000081000000, 0x0000000081000000|100%| O|  |TAMS 0x0000000081000000, 0x0000000080f00000| Untracked 
|  16|0x0000000081000000, 0x0000000081100000, 0x0000000081100000|100%| O|  |TAMS 0x0000000081100000, 0x0000000081000000| Untracked 
|  17|0x0000000081100000, 0x0000000081200000, 0x0000000081200000|100%| O|  |TAMS 0x0000000081200000, 0x0000000081100000| Untracked 
|  18|0x0000000081200000, 0x0000000081300000, 0x0000000081300000|100%| O|  |TAMS 0x0000000081300000, 0x0000000081200000| Untracked 
|  19|0x0000000081300000, 0x0000000081400000, 0x0000000081400000|100%| O|  |TAMS 0x0000000081400000, 0x0000000081300000| Untracked 
|  20|0x0000000081400000, 0x0000000081500000, 0x0000000081500000|100%| O|  |TAMS 0x0000000081500000, 0x0000000081400000| Untracked 
|  21|0x0000000081500000, 0x0000000081600000, 0x0000000081600000|100%| O|  |TAMS 0x0000000081600000, 0x0000000081500000| Untracked 
|  22|0x0000000081600000, 0x00000000816ee000, 0x0000000081700000| 92%| O|  |TAMS 0x00000000816ee000, 0x0000000081600000| Untracked 
|  23|0x0000000081700000, 0x0000000081800000, 0x0000000081800000|100%| O|  |TAMS 0x0000000081800000, 0x0000000081700000| Untracked 
|  24|0x0000000081800000, 0x0000000081900000, 0x0000000081900000|100%| O|  |TAMS 0x0000000081900000, 0x0000000081800000| Untracked 
|  25|0x0000000081900000, 0x0000000081a00000, 0x0000000081a00000|100%| O|  |TAMS 0x0000000081a00000, 0x0000000081900000| Untracked 
|  26|0x0000000081a00000, 0x0000000081b00000, 0x0000000081b00000|100%| O|  |TAMS 0x0000000081b00000, 0x0000000081a00000| Untracked 
|  27|0x0000000081b00000, 0x0000000081c00000, 0x0000000081c00000|100%| O|  |TAMS 0x0000000081c00000, 0x0000000081b00000| Untracked 
|  28|0x0000000081c00000, 0x0000000081d00000, 0x0000000081d00000|100%| O|  |TAMS 0x0000000081d00000, 0x0000000081c00000| Untracked 
|  29|0x0000000081d00000, 0x0000000081e00000, 0x0000000081e00000|100%|HS|  |TAMS 0x0000000081e00000, 0x0000000081d00000| Complete 
|  30|0x0000000081e00000, 0x0000000081f00000, 0x0000000081f00000|100%| O|  |TAMS 0x0000000081f00000, 0x0000000081e00000| Untracked 
|  31|0x0000000081f00000, 0x0000000082000000, 0x0000000082000000|100%|HS|  |TAMS 0x0000000082000000, 0x0000000081f00000| Complete 
|  32|0x0000000082000000, 0x0000000082100000, 0x0000000082100000|100%| O|  |TAMS 0x0000000082100000, 0x0000000082000000| Untracked 
|  33|0x0000000082100000, 0x0000000082200000, 0x0000000082200000|100%| O|  |TAMS 0x0000000082200000, 0x0000000082100000| Untracked 
|  34|0x0000000082200000, 0x0000000082300000, 0x0000000082300000|100%| O|  |TAMS 0x0000000082300000, 0x0000000082200000| Untracked 
|  35|0x0000000082300000, 0x0000000082400000, 0x0000000082400000|100%| O|  |TAMS 0x0000000082400000, 0x0000000082300000| Untracked 
|  36|0x0000000082400000, 0x0000000082500000, 0x0000000082500000|100%| O|  |TAMS 0x0000000082500000, 0x0000000082400000| Untracked 
|  37|0x0000000082500000, 0x0000000082600000, 0x0000000082600000|100%| O|  |TAMS 0x0000000082600000, 0x0000000082500000| Untracked 
|  38|0x0000000082600000, 0x0000000082700000, 0x0000000082700000|100%| O|  |TAMS 0x0000000082700000, 0x0000000082600000| Untracked 
|  39|0x0000000082700000, 0x0000000082800000, 0x0000000082800000|100%| O|  |TAMS 0x0000000082800000, 0x0000000082700000| Untracked 
|  40|0x0000000082800000, 0x0000000082900000, 0x0000000082900000|100%| O|  |TAMS 0x0000000082900000, 0x0000000082800000| Untracked 
|  41|0x0000000082900000, 0x0000000082a00000, 0x0000000082a00000|100%| O|  |TAMS 0x0000000082a00000, 0x0000000082900000| Untracked 
|  42|0x0000000082a00000, 0x0000000082b00000, 0x0000000082b00000|100%| O|  |TAMS 0x0000000082b00000, 0x0000000082a00000| Untracked 
|  43|0x0000000082b00000, 0x0000000082c00000, 0x0000000082c00000|100%| O|  |TAMS 0x0000000082c00000, 0x0000000082b00000| Untracked 
|  44|0x0000000082c00000, 0x0000000082d00000, 0x0000000082d00000|100%| O|  |TAMS 0x0000000082d00000, 0x0000000082c00000| Untracked 
|  45|0x0000000082d00000, 0x0000000082e00000, 0x0000000082e00000|100%| O|  |TAMS 0x0000000082e00000, 0x0000000082d00000| Untracked 
|  46|0x0000000082e00000, 0x0000000082f00000, 0x0000000082f00000|100%| O|  |TAMS 0x0000000082e00000, 0x0000000082e00000| Untracked 
|  47|0x0000000082f00000, 0x0000000083000000, 0x0000000083000000|100%| O|  |TAMS 0x0000000083000000, 0x0000000082f00000| Untracked 
|  48|0x0000000083000000, 0x0000000083100000, 0x0000000083100000|100%| O|  |TAMS 0x0000000083100000, 0x0000000083000000| Untracked 
|  49|0x0000000083100000, 0x0000000083200000, 0x0000000083200000|100%| O|  |TAMS 0x0000000083200000, 0x0000000083100000| Untracked 
|  50|0x0000000083200000, 0x0000000083300000, 0x0000000083300000|100%| O|  |TAMS 0x0000000083300000, 0x0000000083200000| Untracked 
|  51|0x0000000083300000, 0x0000000083400000, 0x0000000083400000|100%| O|  |TAMS 0x0000000083400000, 0x0000000083300000| Untracked 
|  52|0x0000000083400000, 0x0000000083500000, 0x0000000083500000|100%| O|  |TAMS 0x0000000083500000, 0x0000000083400000| Untracked 
|  53|0x0000000083500000, 0x0000000083600000, 0x0000000083600000|100%| O|  |TAMS 0x0000000083600000, 0x0000000083500000| Untracked 
|  54|0x0000000083600000, 0x0000000083700000, 0x0000000083700000|100%| O|  |TAMS 0x0000000083600000, 0x0000000083600000| Untracked 
|  55|0x0000000083700000, 0x0000000083800000, 0x0000000083800000|100%| O|  |TAMS 0x0000000083800000, 0x0000000083700000| Untracked 
|  56|0x0000000083800000, 0x0000000083900000, 0x0000000083900000|100%| O|  |TAMS 0x0000000083900000, 0x0000000083800000| Untracked 
|  57|0x0000000083900000, 0x0000000083a00000, 0x0000000083a00000|100%| O|  |TAMS 0x0000000083a00000, 0x0000000083900000| Untracked 
|  58|0x0000000083a00000, 0x0000000083b00000, 0x0000000083b00000|100%| O|  |TAMS 0x0000000083a00000, 0x0000000083a00000| Untracked 
|  59|0x0000000083b00000, 0x0000000083c00000, 0x0000000083c00000|100%| O|  |TAMS 0x0000000083c00000, 0x0000000083b00000| Untracked 
|  60|0x0000000083c00000, 0x0000000083d00000, 0x0000000083d00000|100%| O|  |TAMS 0x0000000083d00000, 0x0000000083c00000| Untracked 
|  61|0x0000000083d00000, 0x0000000083e00000, 0x0000000083e00000|100%|HS|  |TAMS 0x0000000083e00000, 0x0000000083d00000| Complete 
|  62|0x0000000083e00000, 0x0000000083f00000, 0x0000000083f00000|100%|HC|  |TAMS 0x0000000083f00000, 0x0000000083e00000| Complete 
|  63|0x0000000083f00000, 0x0000000084000000, 0x0000000084000000|100%|HC|  |TAMS 0x0000000084000000, 0x0000000083f00000| Complete 
|  64|0x0000000084000000, 0x0000000084100000, 0x0000000084100000|100%|HS|  |TAMS 0x0000000084100000, 0x0000000084000000| Complete 
|  65|0x0000000084100000, 0x0000000084200000, 0x0000000084200000|100%|HC|  |TAMS 0x0000000084200000, 0x0000000084100000| Complete 
|  66|0x0000000084200000, 0x0000000084300000, 0x0000000084300000|100%|HC|  |TAMS 0x0000000084300000, 0x0000000084200000| Complete 
|  67|0x0000000084300000, 0x0000000084400000, 0x0000000084400000|100%|HS|  |TAMS 0x0000000084400000, 0x0000000084300000| Complete 
|  68|0x0000000084400000, 0x0000000084500000, 0x0000000084500000|100%|HS|  |TAMS 0x0000000084500000, 0x0000000084400000| Complete 
|  69|0x0000000084500000, 0x0000000084600000, 0x0000000084600000|100%| O|  |TAMS 0x0000000084600000, 0x0000000084500000| Untracked 
|  70|0x0000000084600000, 0x0000000084700000, 0x0000000084700000|100%| O|  |TAMS 0x0000000084700000, 0x0000000084600000| Untracked 
|  71|0x0000000084700000, 0x0000000084800000, 0x0000000084800000|100%| O|  |TAMS 0x0000000084800000, 0x0000000084700000| Untracked 
|  72|0x0000000084800000, 0x0000000084900000, 0x0000000084900000|100%| O|  |TAMS 0x0000000084900000, 0x0000000084800000| Untracked 
|  73|0x0000000084900000, 0x0000000084a00000, 0x0000000084a00000|100%| O|  |TAMS 0x0000000084900000, 0x0000000084900000| Untracked 
|  74|0x0000000084a00000, 0x0000000084b00000, 0x0000000084b00000|100%| O|  |TAMS 0x0000000084a00000, 0x0000000084a00000| Untracked 
|  75|0x0000000084b00000, 0x0000000084c00000, 0x0000000084c00000|100%| O|  |TAMS 0x0000000084c00000, 0x0000000084b00000| Untracked 
|  76|0x0000000084c00000, 0x0000000084d00000, 0x0000000084d00000|100%| O|  |TAMS 0x0000000084d00000, 0x0000000084c00000| Untracked 
|  77|0x0000000084d00000, 0x0000000084e00000, 0x0000000084e00000|100%| O|  |TAMS 0x0000000084d00000, 0x0000000084d00000| Untracked 
|  78|0x0000000084e00000, 0x0000000084f00000, 0x0000000084f00000|100%| O|  |TAMS 0x0000000084e00000, 0x0000000084e00000| Untracked 
|  79|0x0000000084f00000, 0x0000000085000000, 0x0000000085000000|100%| O|  |TAMS 0x0000000085000000, 0x0000000084f00000| Untracked 
|  80|0x0000000085000000, 0x0000000085100000, 0x0000000085100000|100%| O|  |TAMS 0x0000000085100000, 0x0000000085000000| Untracked 
|  81|0x0000000085100000, 0x0000000085200000, 0x0000000085200000|100%| O|  |TAMS 0x0000000085200000, 0x0000000085100000| Untracked 
|  82|0x0000000085200000, 0x0000000085300000, 0x0000000085300000|100%| O|  |TAMS 0x0000000085300000, 0x0000000085200000| Untracked 
|  83|0x0000000085300000, 0x0000000085400000, 0x0000000085400000|100%| O|  |TAMS 0x0000000085300000, 0x0000000085300000| Untracked 
|  84|0x0000000085400000, 0x0000000085500000, 0x0000000085500000|100%|HS|  |TAMS 0x0000000085500000, 0x0000000085400000| Complete 
|  85|0x0000000085500000, 0x0000000085600000, 0x0000000085600000|100%| O|  |TAMS 0x0000000085500000, 0x0000000085500000| Untracked 
|  86|0x0000000085600000, 0x0000000085700000, 0x0000000085700000|100%| O|  |TAMS 0x0000000085600000, 0x0000000085600000| Untracked 
|  87|0x0000000085700000, 0x0000000085800000, 0x0000000085800000|100%|HS|  |TAMS 0x0000000085800000, 0x0000000085700000| Complete 
|  88|0x0000000085800000, 0x0000000085900000, 0x0000000085900000|100%| O|  |TAMS 0x0000000085900000, 0x0000000085800000| Untracked 
|  89|0x0000000085900000, 0x0000000085a00000, 0x0000000085a00000|100%| O|  |TAMS 0x0000000085900000, 0x0000000085900000| Untracked 
|  90|0x0000000085a00000, 0x0000000085b00000, 0x0000000085b00000|100%| O|  |TAMS 0x0000000085a00000, 0x0000000085a00000| Untracked 
|  91|0x0000000085b00000, 0x0000000085c00000, 0x0000000085c00000|100%| O|  |TAMS 0x0000000085c00000, 0x0000000085b00000| Untracked 
|  92|0x0000000085c00000, 0x0000000085d00000, 0x0000000085d00000|100%| O|  |TAMS 0x0000000085c00000, 0x0000000085c00000| Untracked 
|  93|0x0000000085d00000, 0x0000000085e00000, 0x0000000085e00000|100%| O|  |TAMS 0x0000000085e00000, 0x0000000085d00000| Untracked 
|  94|0x0000000085e00000, 0x0000000085f00000, 0x0000000085f00000|100%| O|  |TAMS 0x0000000085f00000, 0x0000000085e00000| Untracked 
|  95|0x0000000085f00000, 0x0000000086000000, 0x0000000086000000|100%| O|  |TAMS 0x0000000086000000, 0x0000000085f00000| Untracked 
|  96|0x0000000086000000, 0x0000000086100000, 0x0000000086100000|100%|HS|  |TAMS 0x0000000086100000, 0x0000000086000000| Complete 
|  97|0x0000000086100000, 0x0000000086200000, 0x0000000086200000|100%|HS|  |TAMS 0x0000000086200000, 0x0000000086100000| Complete 
|  98|0x0000000086200000, 0x0000000086300000, 0x0000000086300000|100%| O|  |TAMS 0x0000000086300000, 0x0000000086200000| Untracked 
|  99|0x0000000086300000, 0x0000000086400000, 0x0000000086400000|100%| O|  |TAMS 0x0000000086300000, 0x0000000086300000| Untracked 
| 100|0x0000000086400000, 0x0000000086500000, 0x0000000086500000|100%|HS|  |TAMS 0x0000000086500000, 0x0000000086400000| Complete 
| 101|0x0000000086500000, 0x0000000086600000, 0x0000000086600000|100%| O|  |TAMS 0x0000000086500000, 0x0000000086500000| Untracked 
| 102|0x0000000086600000, 0x0000000086700000, 0x0000000086700000|100%|HS|  |TAMS 0x0000000086700000, 0x0000000086600000| Complete 
| 103|0x0000000086700000, 0x0000000086700000, 0x0000000086800000|  0%| F|  |TAMS 0x0000000086700000, 0x0000000086700000| Untracked 
| 104|0x0000000086800000, 0x0000000086900000, 0x0000000086900000|100%| O|  |TAMS 0x0000000086900000, 0x0000000086800000| Untracked 
| 105|0x0000000086900000, 0x0000000086900000, 0x0000000086a00000|  0%| F|  |TAMS 0x0000000086900000, 0x0000000086900000| Untracked 
| 106|0x0000000086a00000, 0x0000000086b00000, 0x0000000086b00000|100%| O|  |TAMS 0x0000000086b00000, 0x0000000086a00000| Untracked 
| 107|0x0000000086b00000, 0x0000000086c00000, 0x0000000086c00000|100%| O|  |TAMS 0x0000000086b00000, 0x0000000086b00000| Untracked 
| 108|0x0000000086c00000, 0x0000000086d00000, 0x0000000086d00000|100%| O|  |TAMS 0x0000000086d00000, 0x0000000086c00000| Untracked 
| 109|0x0000000086d00000, 0x0000000086e00000, 0x0000000086e00000|100%| O|  |TAMS 0x0000000086d00000, 0x0000000086d00000| Untracked 
| 110|0x0000000086e00000, 0x0000000086f00000, 0x0000000086f00000|100%| O|  |TAMS 0x0000000086e00000, 0x0000000086e00000| Untracked 
| 111|0x0000000086f00000, 0x0000000087000000, 0x0000000087000000|100%|HS|  |TAMS 0x0000000087000000, 0x0000000086f00000| Complete 
| 112|0x0000000087000000, 0x0000000087100000, 0x0000000087100000|100%|HC|  |TAMS 0x0000000087100000, 0x0000000087000000| Complete 
| 113|0x0000000087100000, 0x0000000087200000, 0x0000000087200000|100%| O|  |TAMS 0x0000000087200000, 0x0000000087100000| Untracked 
| 114|0x0000000087200000, 0x0000000087300000, 0x0000000087300000|100%| O|  |TAMS 0x0000000087200000, 0x0000000087200000| Untracked 
| 115|0x0000000087300000, 0x00000000873eb200, 0x0000000087400000| 91%| O|  |TAMS 0x0000000087300000, 0x0000000087300000| Untracked 
| 116|0x0000000087400000, 0x0000000087500000, 0x0000000087500000|100%| O|  |TAMS 0x0000000087400000, 0x0000000087400000| Untracked 
| 117|0x0000000087500000, 0x0000000087600000, 0x0000000087600000|100%| O|  |TAMS 0x0000000087500000, 0x0000000087500000| Untracked 
| 118|0x0000000087600000, 0x0000000087700000, 0x0000000087700000|100%| O|  |TAMS 0x0000000087700000, 0x0000000087600000| Untracked 
| 119|0x0000000087700000, 0x0000000087800000, 0x0000000087800000|100%| O|  |TAMS 0x0000000087800000, 0x0000000087700000| Untracked 
| 120|0x0000000087800000, 0x0000000087900000, 0x0000000087900000|100%| O|  |TAMS 0x0000000087900000, 0x0000000087800000| Untracked 
| 121|0x0000000087900000, 0x0000000087a00000, 0x0000000087a00000|100%| O|  |TAMS 0x0000000087900000, 0x0000000087900000| Untracked 
| 122|0x0000000087a00000, 0x0000000087b00000, 0x0000000087b00000|100%| O|  |TAMS 0x0000000087b00000, 0x0000000087a00000| Untracked 
| 123|0x0000000087b00000, 0x0000000087c00000, 0x0000000087c00000|100%| O|  |TAMS 0x0000000087c00000, 0x0000000087b00000| Untracked 
| 124|0x0000000087c00000, 0x0000000087d00000, 0x0000000087d00000|100%| O|  |TAMS 0x0000000087d00000, 0x0000000087c00000| Untracked 
| 125|0x0000000087d00000, 0x0000000087d00000, 0x0000000087e00000|  0%| F|  |TAMS 0x0000000087d00000, 0x0000000087d00000| Untracked 
| 126|0x0000000087e00000, 0x0000000087f00000, 0x0000000087f00000|100%| O|  |TAMS 0x0000000087f00000, 0x0000000087e00000| Untracked 
| 127|0x0000000087f00000, 0x0000000088000000, 0x0000000088000000|100%| O|  |TAMS 0x0000000087f00000, 0x0000000087f00000| Untracked 
| 128|0x0000000088000000, 0x0000000088000000, 0x0000000088100000|  0%| F|  |TAMS 0x0000000088000000, 0x0000000088000000| Untracked 
| 129|0x0000000088100000, 0x0000000088200000, 0x0000000088200000|100%| O|  |TAMS 0x0000000088200000, 0x0000000088100000| Untracked 
| 130|0x0000000088200000, 0x0000000088200000, 0x0000000088300000|  0%| F|  |TAMS 0x0000000088200000, 0x0000000088200000| Untracked 
| 131|0x0000000088300000, 0x0000000088300000, 0x0000000088400000|  0%| F|  |TAMS 0x0000000088300000, 0x0000000088300000| Untracked 
| 132|0x0000000088400000, 0x0000000088400000, 0x0000000088500000|  0%| F|  |TAMS 0x0000000088400000, 0x0000000088400000| Untracked 
| 133|0x0000000088500000, 0x0000000088600000, 0x0000000088600000|100%| O|  |TAMS 0x0000000088600000, 0x0000000088500000| Untracked 
| 134|0x0000000088600000, 0x0000000088700000, 0x0000000088700000|100%| O|  |TAMS 0x0000000088600000, 0x0000000088600000| Untracked 
| 135|0x0000000088700000, 0x0000000088700000, 0x0000000088800000|  0%| F|  |TAMS 0x0000000088700000, 0x0000000088700000| Untracked 
| 136|0x0000000088800000, 0x0000000088800000, 0x0000000088900000|  0%| F|  |TAMS 0x0000000088800000, 0x0000000088800000| Untracked 
| 137|0x0000000088900000, 0x0000000088a00000, 0x0000000088a00000|100%| O|  |TAMS 0x0000000088900000, 0x0000000088900000| Untracked 
| 138|0x0000000088a00000, 0x0000000088b00000, 0x0000000088b00000|100%| O|  |TAMS 0x0000000088a00000, 0x0000000088a00000| Untracked 
| 139|0x0000000088b00000, 0x0000000088c00000, 0x0000000088c00000|100%| O|  |TAMS 0x0000000088c00000, 0x0000000088b00000| Untracked 
| 140|0x0000000088c00000, 0x0000000088d00000, 0x0000000088d00000|100%| O|  |TAMS 0x0000000088c00000, 0x0000000088c00000| Untracked 
| 141|0x0000000088d00000, 0x0000000088e00000, 0x0000000088e00000|100%| O|  |TAMS 0x0000000088d00000, 0x0000000088d00000| Untracked 
| 142|0x0000000088e00000, 0x0000000088e00000, 0x0000000088f00000|  0%| F|  |TAMS 0x0000000088e00000, 0x0000000088e00000| Untracked 
| 143|0x0000000088f00000, 0x0000000089000000, 0x0000000089000000|100%| O|  |TAMS 0x0000000089000000, 0x0000000088f00000| Untracked 
| 144|0x0000000089000000, 0x0000000089100000, 0x0000000089100000|100%|HS|  |TAMS 0x0000000089100000, 0x0000000089000000| Complete 
| 145|0x0000000089100000, 0x0000000089200000, 0x0000000089200000|100%|HS|  |TAMS 0x0000000089200000, 0x0000000089100000| Complete 
| 146|0x0000000089200000, 0x0000000089300000, 0x0000000089300000|100%|HS|  |TAMS 0x0000000089300000, 0x0000000089200000| Complete 
| 147|0x0000000089300000, 0x0000000089400000, 0x0000000089400000|100%| O|  |TAMS 0x0000000089400000, 0x0000000089300000| Untracked 
| 148|0x0000000089400000, 0x0000000089500000, 0x0000000089500000|100%| O|  |TAMS 0x0000000089500000, 0x0000000089400000| Untracked 
| 149|0x0000000089500000, 0x0000000089600000, 0x0000000089600000|100%| O|  |TAMS 0x0000000089500000, 0x0000000089500000| Untracked 
| 150|0x0000000089600000, 0x0000000089700000, 0x0000000089700000|100%| O|  |TAMS 0x0000000089700000, 0x0000000089600000| Untracked 
| 151|0x0000000089700000, 0x0000000089800000, 0x0000000089800000|100%|HS|  |TAMS 0x0000000089800000, 0x0000000089700000| Complete 
| 152|0x0000000089800000, 0x0000000089900000, 0x0000000089900000|100%|HC|  |TAMS 0x0000000089900000, 0x0000000089800000| Complete 
| 153|0x0000000089900000, 0x0000000089a00000, 0x0000000089a00000|100%|HC|  |TAMS 0x0000000089a00000, 0x0000000089900000| Complete 
| 154|0x0000000089a00000, 0x0000000089a00000, 0x0000000089b00000|  0%| F|  |TAMS 0x0000000089a00000, 0x0000000089a00000| Untracked 
| 155|0x0000000089b00000, 0x0000000089c00000, 0x0000000089c00000|100%| O|  |TAMS 0x0000000089b00000, 0x0000000089b00000| Untracked 
| 156|0x0000000089c00000, 0x0000000089d00000, 0x0000000089d00000|100%| O|  |TAMS 0x0000000089c00000, 0x0000000089c00000| Untracked 
| 157|0x0000000089d00000, 0x0000000089e00000, 0x0000000089e00000|100%| O|  |TAMS 0x0000000089d00000, 0x0000000089d00000| Untracked 
| 158|0x0000000089e00000, 0x0000000089f00000, 0x0000000089f00000|100%| O|  |TAMS 0x0000000089e00000, 0x0000000089e00000| Untracked 
| 159|0x0000000089f00000, 0x000000008a000000, 0x000000008a000000|100%| O|  |TAMS 0x0000000089f00000, 0x0000000089f00000| Untracked 
| 160|0x000000008a000000, 0x000000008a100000, 0x000000008a100000|100%| O|  |TAMS 0x000000008a000000, 0x000000008a000000| Untracked 
| 161|0x000000008a100000, 0x000000008a200000, 0x000000008a200000|100%| O|  |TAMS 0x000000008a100000, 0x000000008a100000| Untracked 
| 162|0x000000008a200000, 0x000000008a200000, 0x000000008a300000|  0%| F|  |TAMS 0x000000008a200000, 0x000000008a200000| Untracked 
| 163|0x000000008a300000, 0x000000008a400000, 0x000000008a400000|100%| O|  |TAMS 0x000000008a400000, 0x000000008a300000| Untracked 
| 164|0x000000008a400000, 0x000000008a500000, 0x000000008a500000|100%| O|  |TAMS 0x000000008a500000, 0x000000008a400000| Untracked 
| 165|0x000000008a500000, 0x000000008a600000, 0x000000008a600000|100%| O|  |TAMS 0x000000008a500000, 0x000000008a500000| Untracked 
| 166|0x000000008a600000, 0x000000008a600000, 0x000000008a700000|  0%| F|  |TAMS 0x000000008a600000, 0x000000008a600000| Untracked 
| 167|0x000000008a700000, 0x000000008a700000, 0x000000008a800000|  0%| F|  |TAMS 0x000000008a700000, 0x000000008a700000| Untracked 
| 168|0x000000008a800000, 0x000000008a900000, 0x000000008a900000|100%| O|  |TAMS 0x000000008a900000, 0x000000008a800000| Untracked 
| 169|0x000000008a900000, 0x000000008aa00000, 0x000000008aa00000|100%| O|  |TAMS 0x000000008aa00000, 0x000000008a900000| Untracked 
| 170|0x000000008aa00000, 0x000000008ab00000, 0x000000008ab00000|100%| O|  |TAMS 0x000000008ab00000, 0x000000008aa00000| Untracked 
| 171|0x000000008ab00000, 0x000000008ac00000, 0x000000008ac00000|100%| O|  |TAMS 0x000000008ac00000, 0x000000008ab00000| Untracked 
| 172|0x000000008ac00000, 0x000000008ad00000, 0x000000008ad00000|100%| O|  |TAMS 0x000000008ad00000, 0x000000008ac00000| Untracked 
| 173|0x000000008ad00000, 0x000000008ae00000, 0x000000008ae00000|100%| O|  |TAMS 0x000000008ae00000, 0x000000008ad00000| Untracked 
| 174|0x000000008ae00000, 0x000000008af00000, 0x000000008af00000|100%| O|  |TAMS 0x000000008af00000, 0x000000008ae00000| Untracked 
| 175|0x000000008af00000, 0x000000008af00000, 0x000000008b000000|  0%| F|  |TAMS 0x000000008af00000, 0x000000008af00000| Untracked 
| 176|0x000000008b000000, 0x000000008b000000, 0x000000008b100000|  0%| F|  |TAMS 0x000000008b000000, 0x000000008b000000| Untracked 
| 177|0x000000008b100000, 0x000000008b100000, 0x000000008b200000|  0%| F|  |TAMS 0x000000008b100000, 0x000000008b100000| Untracked 
| 178|0x000000008b200000, 0x000000008b300000, 0x000000008b300000|100%| O|  |TAMS 0x000000008b300000, 0x000000008b200000| Untracked 
| 179|0x000000008b300000, 0x000000008b300000, 0x000000008b400000|  0%| F|  |TAMS 0x000000008b300000, 0x000000008b300000| Untracked 
| 180|0x000000008b400000, 0x000000008b400000, 0x000000008b500000|  0%| F|  |TAMS 0x000000008b400000, 0x000000008b400000| Untracked 
| 181|0x000000008b500000, 0x000000008b500000, 0x000000008b600000|  0%| F|  |TAMS 0x000000008b500000, 0x000000008b500000| Untracked 
| 182|0x000000008b600000, 0x000000008b600000, 0x000000008b700000|  0%| F|  |TAMS 0x000000008b600000, 0x000000008b600000| Untracked 
| 183|0x000000008b700000, 0x000000008b700000, 0x000000008b800000|  0%| F|  |TAMS 0x000000008b700000, 0x000000008b700000| Untracked 
| 184|0x000000008b800000, 0x000000008b800000, 0x000000008b900000|  0%| F|  |TAMS 0x000000008b800000, 0x000000008b800000| Untracked 
| 185|0x000000008b900000, 0x000000008b900000, 0x000000008ba00000|  0%| F|  |TAMS 0x000000008b900000, 0x000000008b900000| Untracked 
| 186|0x000000008ba00000, 0x000000008ba00000, 0x000000008bb00000|  0%| F|  |TAMS 0x000000008ba00000, 0x000000008ba00000| Untracked 
| 187|0x000000008bb00000, 0x000000008bb00000, 0x000000008bc00000|  0%| F|  |TAMS 0x000000008bb00000, 0x000000008bb00000| Untracked 
| 188|0x000000008bc00000, 0x000000008bc00000, 0x000000008bd00000|  0%| F|  |TAMS 0x000000008bc00000, 0x000000008bc00000| Untracked 
| 189|0x000000008bd00000, 0x000000008bd00000, 0x000000008be00000|  0%| F|  |TAMS 0x000000008bd00000, 0x000000008bd00000| Untracked 
| 190|0x000000008be00000, 0x000000008be00000, 0x000000008bf00000|  0%| F|  |TAMS 0x000000008be00000, 0x000000008be00000| Untracked 
| 191|0x000000008bf00000, 0x000000008bf00000, 0x000000008c000000|  0%| F|  |TAMS 0x000000008bf00000, 0x000000008bf00000| Untracked 
| 192|0x000000008c000000, 0x000000008c000000, 0x000000008c100000|  0%| F|  |TAMS 0x000000008c000000, 0x000000008c000000| Untracked 
| 193|0x000000008c100000, 0x000000008c200000, 0x000000008c200000|100%|HS|  |TAMS 0x000000008c200000, 0x000000008c100000| Complete 
| 194|0x000000008c200000, 0x000000008c300000, 0x000000008c300000|100%| O|  |TAMS 0x000000008c300000, 0x000000008c200000| Untracked 
| 195|0x000000008c300000, 0x000000008c400000, 0x000000008c400000|100%| O|  |TAMS 0x000000008c400000, 0x000000008c300000| Untracked 
| 196|0x000000008c400000, 0x000000008c500000, 0x000000008c500000|100%| O|  |TAMS 0x000000008c500000, 0x000000008c400000| Untracked 
| 197|0x000000008c500000, 0x000000008c600000, 0x000000008c600000|100%| O|  |TAMS 0x000000008c600000, 0x000000008c500000| Untracked 
| 198|0x000000008c600000, 0x000000008c700000, 0x000000008c700000|100%| O|  |TAMS 0x000000008c700000, 0x000000008c600000| Untracked 
| 199|0x000000008c700000, 0x000000008c700000, 0x000000008c800000|  0%| F|  |TAMS 0x000000008c700000, 0x000000008c700000| Untracked 
| 200|0x000000008c800000, 0x000000008c800000, 0x000000008c900000|  0%| F|  |TAMS 0x000000008c800000, 0x000000008c800000| Untracked 
| 201|0x000000008c900000, 0x000000008c900000, 0x000000008ca00000|  0%| F|  |TAMS 0x000000008c900000, 0x000000008c900000| Untracked 
| 202|0x000000008ca00000, 0x000000008ca00000, 0x000000008cb00000|  0%| F|  |TAMS 0x000000008ca00000, 0x000000008ca00000| Untracked 
| 203|0x000000008cb00000, 0x000000008cb00000, 0x000000008cc00000|  0%| F|  |TAMS 0x000000008cb00000, 0x000000008cb00000| Untracked 
| 204|0x000000008cc00000, 0x000000008cd00000, 0x000000008cd00000|100%| O|  |TAMS 0x000000008cd00000, 0x000000008cc00000| Untracked 
| 205|0x000000008cd00000, 0x000000008cd00000, 0x000000008ce00000|  0%| F|  |TAMS 0x000000008cd00000, 0x000000008cd00000| Untracked 
| 206|0x000000008ce00000, 0x000000008ce00000, 0x000000008cf00000|  0%| F|  |TAMS 0x000000008ce00000, 0x000000008ce00000| Untracked 
| 207|0x000000008cf00000, 0x000000008d000000, 0x000000008d000000|100%| O|  |TAMS 0x000000008d000000, 0x000000008cf00000| Untracked 
| 208|0x000000008d000000, 0x000000008d100000, 0x000000008d100000|100%| O|  |TAMS 0x000000008d100000, 0x000000008d000000| Untracked 
| 209|0x000000008d100000, 0x000000008d200000, 0x000000008d200000|100%| O|  |TAMS 0x000000008d200000, 0x000000008d100000| Untracked 
| 210|0x000000008d200000, 0x000000008d300000, 0x000000008d300000|100%| O|  |TAMS 0x000000008d300000, 0x000000008d200000| Untracked 
| 211|0x000000008d300000, 0x000000008d300000, 0x000000008d400000|  0%| F|  |TAMS 0x000000008d300000, 0x000000008d300000| Untracked 
| 212|0x000000008d400000, 0x000000008d400000, 0x000000008d500000|  0%| F|  |TAMS 0x000000008d400000, 0x000000008d400000| Untracked 
| 213|0x000000008d500000, 0x000000008d600000, 0x000000008d600000|100%| O|  |TAMS 0x000000008d600000, 0x000000008d500000| Untracked 
| 214|0x000000008d600000, 0x000000008d600000, 0x000000008d700000|  0%| F|  |TAMS 0x000000008d600000, 0x000000008d600000| Untracked 
| 215|0x000000008d700000, 0x000000008d700000, 0x000000008d800000|  0%| F|  |TAMS 0x000000008d700000, 0x000000008d700000| Untracked 
| 216|0x000000008d800000, 0x000000008d900000, 0x000000008d900000|100%| O|  |TAMS 0x000000008d900000, 0x000000008d800000| Untracked 
| 217|0x000000008d900000, 0x000000008d900000, 0x000000008da00000|  0%| F|  |TAMS 0x000000008d900000, 0x000000008d900000| Untracked 
| 218|0x000000008da00000, 0x000000008db00000, 0x000000008db00000|100%|HS|  |TAMS 0x000000008db00000, 0x000000008da00000| Complete 
| 219|0x000000008db00000, 0x000000008dc00000, 0x000000008dc00000|100%| O|  |TAMS 0x000000008dc00000, 0x000000008db00000| Untracked 
| 220|0x000000008dc00000, 0x000000008dd00000, 0x000000008dd00000|100%| O|  |TAMS 0x000000008dd00000, 0x000000008dc00000| Untracked 
| 221|0x000000008dd00000, 0x000000008de00000, 0x000000008de00000|100%| O|  |TAMS 0x000000008de00000, 0x000000008dd00000| Untracked 
| 222|0x000000008de00000, 0x000000008df00000, 0x000000008df00000|100%| O|  |TAMS 0x000000008df00000, 0x000000008de00000| Untracked 
| 223|0x000000008df00000, 0x000000008e000000, 0x000000008e000000|100%| O|  |TAMS 0x000000008e000000, 0x000000008df00000| Untracked 
| 224|0x000000008e000000, 0x000000008e000000, 0x000000008e100000|  0%| F|  |TAMS 0x000000008e000000, 0x000000008e000000| Untracked 
| 225|0x000000008e100000, 0x000000008e100000, 0x000000008e200000|  0%| F|  |TAMS 0x000000008e100000, 0x000000008e100000| Untracked 
| 226|0x000000008e200000, 0x000000008e200000, 0x000000008e300000|  0%| F|  |TAMS 0x000000008e200000, 0x000000008e200000| Untracked 
| 227|0x000000008e300000, 0x000000008e400000, 0x000000008e400000|100%| O|  |TAMS 0x000000008e400000, 0x000000008e300000| Untracked 
| 228|0x000000008e400000, 0x000000008e400000, 0x000000008e500000|  0%| F|  |TAMS 0x000000008e400000, 0x000000008e400000| Untracked 
| 229|0x000000008e500000, 0x000000008e600000, 0x000000008e600000|100%| O|  |TAMS 0x000000008e600000, 0x000000008e500000| Untracked 
| 230|0x000000008e600000, 0x000000008e700000, 0x000000008e700000|100%| O|  |TAMS 0x000000008e700000, 0x000000008e600000| Untracked 
| 231|0x000000008e700000, 0x000000008e700000, 0x000000008e800000|  0%| F|  |TAMS 0x000000008e700000, 0x000000008e700000| Untracked 
| 232|0x000000008e800000, 0x000000008e800000, 0x000000008e900000|  0%| F|  |TAMS 0x000000008e800000, 0x000000008e800000| Untracked 
| 233|0x000000008e900000, 0x000000008e900000, 0x000000008ea00000|  0%| F|  |TAMS 0x000000008e900000, 0x000000008e900000| Untracked 
| 234|0x000000008ea00000, 0x000000008ea00000, 0x000000008eb00000|  0%| F|  |TAMS 0x000000008ea00000, 0x000000008ea00000| Untracked 
| 235|0x000000008eb00000, 0x000000008eb00000, 0x000000008ec00000|  0%| F|  |TAMS 0x000000008eb00000, 0x000000008eb00000| Untracked 
| 236|0x000000008ec00000, 0x000000008ec00000, 0x000000008ed00000|  0%| F|  |TAMS 0x000000008ec00000, 0x000000008ec00000| Untracked 
| 237|0x000000008ed00000, 0x000000008ed00000, 0x000000008ee00000|  0%| F|  |TAMS 0x000000008ed00000, 0x000000008ed00000| Untracked 
| 238|0x000000008ee00000, 0x000000008ee00000, 0x000000008ef00000|  0%| F|  |TAMS 0x000000008ee00000, 0x000000008ee00000| Untracked 
| 239|0x000000008ef00000, 0x000000008f000000, 0x000000008f000000|100%| O|  |TAMS 0x000000008f000000, 0x000000008ef00000| Untracked 
| 240|0x000000008f000000, 0x000000008f000000, 0x000000008f100000|  0%| F|  |TAMS 0x000000008f000000, 0x000000008f000000| Untracked 
| 241|0x000000008f100000, 0x000000008f100000, 0x000000008f200000|  0%| F|  |TAMS 0x000000008f100000, 0x000000008f100000| Untracked 
| 242|0x000000008f200000, 0x000000008f200000, 0x000000008f300000|  0%| F|  |TAMS 0x000000008f200000, 0x000000008f200000| Untracked 
| 243|0x000000008f300000, 0x000000008f300000, 0x000000008f400000|  0%| F|  |TAMS 0x000000008f300000, 0x000000008f300000| Untracked 
| 244|0x000000008f400000, 0x000000008f400000, 0x000000008f500000|  0%| F|  |TAMS 0x000000008f400000, 0x000000008f400000| Untracked 
| 245|0x000000008f500000, 0x000000008f500000, 0x000000008f600000|  0%| F|  |TAMS 0x000000008f500000, 0x000000008f500000| Untracked 
| 246|0x000000008f600000, 0x000000008f700000, 0x000000008f700000|100%| O|  |TAMS 0x000000008f654a00, 0x000000008f600000| Untracked 
| 247|0x000000008f700000, 0x000000008f800000, 0x000000008f800000|100%| O|  |TAMS 0x000000008f700000, 0x000000008f700000| Untracked 
| 248|0x000000008f800000, 0x000000008f900000, 0x000000008f900000|100%| O|  |TAMS 0x000000008f800000, 0x000000008f800000| Untracked 
| 249|0x000000008f900000, 0x000000008fa00000, 0x000000008fa00000|100%| O|  |TAMS 0x000000008f900000, 0x000000008f900000| Untracked 
| 250|0x000000008fa00000, 0x000000008fb00000, 0x000000008fb00000|100%| O|  |TAMS 0x000000008fa00000, 0x000000008fa00000| Untracked 
| 251|0x000000008fb00000, 0x000000008fc00000, 0x000000008fc00000|100%| O|  |TAMS 0x000000008fb00000, 0x000000008fb00000| Untracked 
| 252|0x000000008fc00000, 0x000000008fd00000, 0x000000008fd00000|100%| O|  |TAMS 0x000000008fc00000, 0x000000008fc00000| Untracked 
| 253|0x000000008fd00000, 0x000000008fe00000, 0x000000008fe00000|100%| O|  |TAMS 0x000000008fd00000, 0x000000008fd00000| Untracked 
| 254|0x000000008fe00000, 0x000000008ff00000, 0x000000008ff00000|100%| O|  |TAMS 0x000000008fe00000, 0x000000008fe00000| Untracked 
| 255|0x000000008ff00000, 0x0000000090000000, 0x0000000090000000|100%| O|  |TAMS 0x000000008ff00000, 0x000000008ff00000| Untracked 
| 256|0x0000000090000000, 0x0000000090100000, 0x0000000090100000|100%| O|  |TAMS 0x0000000090000000, 0x0000000090000000| Untracked 
| 257|0x0000000090100000, 0x0000000090200000, 0x0000000090200000|100%| O|  |TAMS 0x0000000090100000, 0x0000000090100000| Untracked 
| 258|0x0000000090200000, 0x0000000090300000, 0x0000000090300000|100%| O|  |TAMS 0x0000000090200000, 0x0000000090200000| Untracked 
| 259|0x0000000090300000, 0x0000000090400000, 0x0000000090400000|100%| O|  |TAMS 0x0000000090300000, 0x0000000090300000| Untracked 
| 260|0x0000000090400000, 0x0000000090500000, 0x0000000090500000|100%| O|  |TAMS 0x0000000090400000, 0x0000000090400000| Untracked 
| 261|0x0000000090500000, 0x0000000090600000, 0x0000000090600000|100%| O|  |TAMS 0x0000000090500000, 0x0000000090500000| Untracked 
| 262|0x0000000090600000, 0x0000000090700000, 0x0000000090700000|100%| O|  |TAMS 0x0000000090600000, 0x0000000090600000| Untracked 
| 263|0x0000000090700000, 0x0000000090800000, 0x0000000090800000|100%| O|  |TAMS 0x0000000090700000, 0x0000000090700000| Untracked 
| 264|0x0000000090800000, 0x0000000090900000, 0x0000000090900000|100%| O|  |TAMS 0x0000000090800000, 0x0000000090800000| Untracked 
| 265|0x0000000090900000, 0x0000000090a00000, 0x0000000090a00000|100%| O|  |TAMS 0x0000000090900000, 0x0000000090900000| Untracked 
| 266|0x0000000090a00000, 0x0000000090b00000, 0x0000000090b00000|100%| O|  |TAMS 0x0000000090a00000, 0x0000000090a00000| Untracked 
| 267|0x0000000090b00000, 0x0000000090c00000, 0x0000000090c00000|100%| O|  |TAMS 0x0000000090b00000, 0x0000000090b00000| Untracked 
| 268|0x0000000090c00000, 0x0000000090d00000, 0x0000000090d00000|100%| O|  |TAMS 0x0000000090c00000, 0x0000000090c00000| Untracked 
| 269|0x0000000090d00000, 0x0000000090e00000, 0x0000000090e00000|100%| O|  |TAMS 0x0000000090d00000, 0x0000000090d00000| Untracked 
| 270|0x0000000090e00000, 0x0000000090f00000, 0x0000000090f00000|100%| O|  |TAMS 0x0000000090e00000, 0x0000000090e00000| Untracked 
| 271|0x0000000090f00000, 0x0000000091000000, 0x0000000091000000|100%| O|  |TAMS 0x0000000090f00000, 0x0000000090f00000| Untracked 
| 272|0x0000000091000000, 0x0000000091100000, 0x0000000091100000|100%| O|  |TAMS 0x0000000091000000, 0x0000000091000000| Untracked 
| 273|0x0000000091100000, 0x0000000091200000, 0x0000000091200000|100%| O|  |TAMS 0x0000000091100000, 0x0000000091100000| Untracked 
| 274|0x0000000091200000, 0x0000000091300000, 0x0000000091300000|100%| O|  |TAMS 0x0000000091200000, 0x0000000091200000| Untracked 
| 275|0x0000000091300000, 0x0000000091400000, 0x0000000091400000|100%| O|  |TAMS 0x0000000091300000, 0x0000000091300000| Untracked 
| 276|0x0000000091400000, 0x0000000091500000, 0x0000000091500000|100%| O|  |TAMS 0x0000000091400000, 0x0000000091400000| Untracked 
| 277|0x0000000091500000, 0x0000000091600000, 0x0000000091600000|100%| O|  |TAMS 0x0000000091500000, 0x0000000091500000| Untracked 
| 278|0x0000000091600000, 0x0000000091700000, 0x0000000091700000|100%| O|  |TAMS 0x0000000091600000, 0x0000000091600000| Untracked 
| 279|0x0000000091700000, 0x0000000091800000, 0x0000000091800000|100%| O|  |TAMS 0x0000000091700000, 0x0000000091700000| Untracked 
| 280|0x0000000091800000, 0x0000000091900000, 0x0000000091900000|100%| O|  |TAMS 0x0000000091800000, 0x0000000091800000| Untracked 
| 281|0x0000000091900000, 0x0000000091a00000, 0x0000000091a00000|100%| O|  |TAMS 0x0000000091900000, 0x0000000091900000| Untracked 
| 282|0x0000000091a00000, 0x0000000091b00000, 0x0000000091b00000|100%| O|  |TAMS 0x0000000091a00000, 0x0000000091a00000| Untracked 
| 283|0x0000000091b00000, 0x0000000091c00000, 0x0000000091c00000|100%| O|  |TAMS 0x0000000091b00000, 0x0000000091b00000| Untracked 
| 284|0x0000000091c00000, 0x0000000091d00000, 0x0000000091d00000|100%| O|  |TAMS 0x0000000091c00000, 0x0000000091c00000| Untracked 
| 285|0x0000000091d00000, 0x0000000091e00000, 0x0000000091e00000|100%| O|  |TAMS 0x0000000091d00000, 0x0000000091d00000| Untracked 
| 286|0x0000000091e00000, 0x0000000091f00000, 0x0000000091f00000|100%| O|  |TAMS 0x0000000091e00000, 0x0000000091e00000| Untracked 
| 287|0x0000000091f00000, 0x0000000092000000, 0x0000000092000000|100%| O|  |TAMS 0x0000000091f00000, 0x0000000091f00000| Untracked 
| 288|0x0000000092000000, 0x0000000092100000, 0x0000000092100000|100%| O|  |TAMS 0x0000000092000000, 0x0000000092000000| Untracked 
| 289|0x0000000092100000, 0x0000000092200000, 0x0000000092200000|100%| O|  |TAMS 0x0000000092100000, 0x0000000092100000| Untracked 
| 290|0x0000000092200000, 0x0000000092300000, 0x0000000092300000|100%| O|  |TAMS 0x0000000092200000, 0x0000000092200000| Untracked 
| 291|0x0000000092300000, 0x0000000092400000, 0x0000000092400000|100%| O|  |TAMS 0x0000000092300000, 0x0000000092300000| Untracked 
| 292|0x0000000092400000, 0x0000000092500000, 0x0000000092500000|100%| O|  |TAMS 0x0000000092400000, 0x0000000092400000| Untracked 
| 293|0x0000000092500000, 0x0000000092600000, 0x0000000092600000|100%| O|  |TAMS 0x0000000092500000, 0x0000000092500000| Untracked 
| 294|0x0000000092600000, 0x0000000092700000, 0x0000000092700000|100%| O|  |TAMS 0x0000000092600000, 0x0000000092600000| Untracked 
| 295|0x0000000092700000, 0x0000000092800000, 0x0000000092800000|100%| O|  |TAMS 0x0000000092700000, 0x0000000092700000| Untracked 
| 296|0x0000000092800000, 0x0000000092900000, 0x0000000092900000|100%| O|  |TAMS 0x0000000092800000, 0x0000000092800000| Untracked 
| 297|0x0000000092900000, 0x0000000092a00000, 0x0000000092a00000|100%| O|  |TAMS 0x0000000092900000, 0x0000000092900000| Untracked 
| 298|0x0000000092a00000, 0x0000000092b00000, 0x0000000092b00000|100%| O|  |TAMS 0x0000000092a00000, 0x0000000092a00000| Untracked 
| 299|0x0000000092b00000, 0x0000000092c00000, 0x0000000092c00000|100%| O|  |TAMS 0x0000000092b00000, 0x0000000092b00000| Untracked 
| 300|0x0000000092c00000, 0x0000000092d00000, 0x0000000092d00000|100%| O|  |TAMS 0x0000000092c00000, 0x0000000092c00000| Untracked 
| 301|0x0000000092d00000, 0x0000000092e00000, 0x0000000092e00000|100%| O|  |TAMS 0x0000000092d00000, 0x0000000092d00000| Untracked 
| 302|0x0000000092e00000, 0x0000000092f00000, 0x0000000092f00000|100%| O|  |TAMS 0x0000000092e00000, 0x0000000092e00000| Untracked 
| 303|0x0000000092f00000, 0x0000000093000000, 0x0000000093000000|100%| O|  |TAMS 0x0000000092f00000, 0x0000000092f00000| Untracked 
| 304|0x0000000093000000, 0x0000000093100000, 0x0000000093100000|100%| O|  |TAMS 0x0000000093000000, 0x0000000093000000| Untracked 
| 305|0x0000000093100000, 0x0000000093200000, 0x0000000093200000|100%| O|  |TAMS 0x0000000093100000, 0x0000000093100000| Untracked 
| 306|0x0000000093200000, 0x0000000093300000, 0x0000000093300000|100%| O|  |TAMS 0x0000000093200000, 0x0000000093200000| Untracked 
| 307|0x0000000093300000, 0x0000000093400000, 0x0000000093400000|100%| O|  |TAMS 0x0000000093300000, 0x0000000093300000| Untracked 
| 308|0x0000000093400000, 0x0000000093500000, 0x0000000093500000|100%| O|  |TAMS 0x0000000093400000, 0x0000000093400000| Untracked 
| 309|0x0000000093500000, 0x0000000093500000, 0x0000000093600000|  0%| F|  |TAMS 0x0000000093500000, 0x0000000093500000| Untracked 
| 310|0x0000000093600000, 0x0000000093600000, 0x0000000093700000|  0%| F|  |TAMS 0x0000000093600000, 0x0000000093600000| Untracked 
| 311|0x0000000093700000, 0x0000000093700000, 0x0000000093800000|  0%| F|  |TAMS 0x0000000093700000, 0x0000000093700000| Untracked 
| 312|0x0000000093800000, 0x0000000093800000, 0x0000000093900000|  0%| F|  |TAMS 0x0000000093800000, 0x0000000093800000| Untracked 
| 313|0x0000000093900000, 0x0000000093900000, 0x0000000093a00000|  0%| F|  |TAMS 0x0000000093900000, 0x0000000093900000| Untracked 
| 314|0x0000000093a00000, 0x0000000093a00000, 0x0000000093b00000|  0%| F|  |TAMS 0x0000000093a00000, 0x0000000093a00000| Untracked 
| 315|0x0000000093b00000, 0x0000000093b00000, 0x0000000093c00000|  0%| F|  |TAMS 0x0000000093b00000, 0x0000000093b00000| Untracked 
| 316|0x0000000093c00000, 0x0000000093c00000, 0x0000000093d00000|  0%| F|  |TAMS 0x0000000093c00000, 0x0000000093c00000| Untracked 
| 317|0x0000000093d00000, 0x0000000093d00000, 0x0000000093e00000|  0%| F|  |TAMS 0x0000000093d00000, 0x0000000093d00000| Untracked 
| 318|0x0000000093e00000, 0x0000000093e00000, 0x0000000093f00000|  0%| F|  |TAMS 0x0000000093e00000, 0x0000000093e00000| Untracked 
| 319|0x0000000093f00000, 0x0000000093f00000, 0x0000000094000000|  0%| F|  |TAMS 0x0000000093f00000, 0x0000000093f00000| Untracked 
| 320|0x0000000094000000, 0x0000000094000000, 0x0000000094100000|  0%| F|  |TAMS 0x0000000094000000, 0x0000000094000000| Untracked 
| 321|0x0000000094100000, 0x0000000094100000, 0x0000000094200000|  0%| F|  |TAMS 0x0000000094100000, 0x0000000094100000| Untracked 
| 322|0x0000000094200000, 0x0000000094200000, 0x0000000094300000|  0%| F|  |TAMS 0x0000000094200000, 0x0000000094200000| Untracked 
| 323|0x0000000094300000, 0x0000000094300000, 0x0000000094400000|  0%| F|  |TAMS 0x0000000094300000, 0x0000000094300000| Untracked 
| 324|0x0000000094400000, 0x0000000094400000, 0x0000000094500000|  0%| F|  |TAMS 0x0000000094400000, 0x0000000094400000| Untracked 
| 325|0x0000000094500000, 0x0000000094500000, 0x0000000094600000|  0%| F|  |TAMS 0x0000000094500000, 0x0000000094500000| Untracked 
| 326|0x0000000094600000, 0x0000000094600000, 0x0000000094700000|  0%| F|  |TAMS 0x0000000094600000, 0x0000000094600000| Untracked 
| 327|0x0000000094700000, 0x0000000094700000, 0x0000000094800000|  0%| F|  |TAMS 0x0000000094700000, 0x0000000094700000| Untracked 
| 328|0x0000000094800000, 0x0000000094800000, 0x0000000094900000|  0%| F|  |TAMS 0x0000000094800000, 0x0000000094800000| Untracked 
| 329|0x0000000094900000, 0x0000000094900000, 0x0000000094a00000|  0%| F|  |TAMS 0x0000000094900000, 0x0000000094900000| Untracked 
| 330|0x0000000094a00000, 0x0000000094a00000, 0x0000000094b00000|  0%| F|  |TAMS 0x0000000094a00000, 0x0000000094a00000| Untracked 
| 331|0x0000000094b00000, 0x0000000094b00000, 0x0000000094c00000|  0%| F|  |TAMS 0x0000000094b00000, 0x0000000094b00000| Untracked 
| 332|0x0000000094c00000, 0x0000000094c00000, 0x0000000094d00000|  0%| F|  |TAMS 0x0000000094c00000, 0x0000000094c00000| Untracked 
| 333|0x0000000094d00000, 0x0000000094d00000, 0x0000000094e00000|  0%| F|  |TAMS 0x0000000094d00000, 0x0000000094d00000| Untracked 
| 334|0x0000000094e00000, 0x0000000094e00000, 0x0000000094f00000|  0%| F|  |TAMS 0x0000000094e00000, 0x0000000094e00000| Untracked 
| 335|0x0000000094f00000, 0x0000000094f00000, 0x0000000095000000|  0%| F|  |TAMS 0x0000000094f00000, 0x0000000094f00000| Untracked 
| 336|0x0000000095000000, 0x0000000095000000, 0x0000000095100000|  0%| F|  |TAMS 0x0000000095000000, 0x0000000095000000| Untracked 
| 337|0x0000000095100000, 0x0000000095100000, 0x0000000095200000|  0%| F|  |TAMS 0x0000000095100000, 0x0000000095100000| Untracked 
| 338|0x0000000095200000, 0x0000000095200000, 0x0000000095300000|  0%| F|  |TAMS 0x0000000095200000, 0x0000000095200000| Untracked 
| 339|0x0000000095300000, 0x0000000095300000, 0x0000000095400000|  0%| F|  |TAMS 0x0000000095300000, 0x0000000095300000| Untracked 
| 340|0x0000000095400000, 0x0000000095400000, 0x0000000095500000|  0%| F|  |TAMS 0x0000000095400000, 0x0000000095400000| Untracked 
| 341|0x0000000095500000, 0x0000000095500000, 0x0000000095600000|  0%| F|  |TAMS 0x0000000095500000, 0x0000000095500000| Untracked 
| 342|0x0000000095600000, 0x0000000095600000, 0x0000000095700000|  0%| F|  |TAMS 0x0000000095600000, 0x0000000095600000| Untracked 
| 343|0x0000000095700000, 0x0000000095700000, 0x0000000095800000|  0%| F|  |TAMS 0x0000000095700000, 0x0000000095700000| Untracked 
| 344|0x0000000095800000, 0x0000000095800000, 0x0000000095900000|  0%| F|  |TAMS 0x0000000095800000, 0x0000000095800000| Untracked 
| 345|0x0000000095900000, 0x0000000095900000, 0x0000000095a00000|  0%| F|  |TAMS 0x0000000095900000, 0x0000000095900000| Untracked 
| 346|0x0000000095a00000, 0x0000000095a00000, 0x0000000095b00000|  0%| F|  |TAMS 0x0000000095a00000, 0x0000000095a00000| Untracked 
| 347|0x0000000095b00000, 0x0000000095b00000, 0x0000000095c00000|  0%| F|  |TAMS 0x0000000095b00000, 0x0000000095b00000| Untracked 
| 348|0x0000000095c00000, 0x0000000095c00000, 0x0000000095d00000|  0%| F|  |TAMS 0x0000000095c00000, 0x0000000095c00000| Untracked 
| 349|0x0000000095d00000, 0x0000000095d00000, 0x0000000095e00000|  0%| F|  |TAMS 0x0000000095d00000, 0x0000000095d00000| Untracked 
| 350|0x0000000095e00000, 0x0000000095e00000, 0x0000000095f00000|  0%| F|  |TAMS 0x0000000095e00000, 0x0000000095e00000| Untracked 
| 351|0x0000000095f00000, 0x0000000095f00000, 0x0000000096000000|  0%| F|  |TAMS 0x0000000095f00000, 0x0000000095f00000| Untracked 
| 352|0x0000000096000000, 0x0000000096000000, 0x0000000096100000|  0%| F|  |TAMS 0x0000000096000000, 0x0000000096000000| Untracked 
| 353|0x0000000096100000, 0x0000000096100000, 0x0000000096200000|  0%| F|  |TAMS 0x0000000096100000, 0x0000000096100000| Untracked 
| 354|0x0000000096200000, 0x0000000096200000, 0x0000000096300000|  0%| F|  |TAMS 0x0000000096200000, 0x0000000096200000| Untracked 
| 355|0x0000000096300000, 0x0000000096300000, 0x0000000096400000|  0%| F|  |TAMS 0x0000000096300000, 0x0000000096300000| Untracked 
| 356|0x0000000096400000, 0x0000000096400000, 0x0000000096500000|  0%| F|  |TAMS 0x0000000096400000, 0x0000000096400000| Untracked 
| 357|0x0000000096500000, 0x0000000096500000, 0x0000000096600000|  0%| F|  |TAMS 0x0000000096500000, 0x0000000096500000| Untracked 
| 358|0x0000000096600000, 0x0000000096600000, 0x0000000096700000|  0%| F|  |TAMS 0x0000000096600000, 0x0000000096600000| Untracked 
| 359|0x0000000096700000, 0x0000000096700000, 0x0000000096800000|  0%| F|  |TAMS 0x0000000096700000, 0x0000000096700000| Untracked 
| 360|0x0000000096800000, 0x0000000096800000, 0x0000000096900000|  0%| F|  |TAMS 0x0000000096800000, 0x0000000096800000| Untracked 
| 361|0x0000000096900000, 0x0000000096900000, 0x0000000096a00000|  0%| F|  |TAMS 0x0000000096900000, 0x0000000096900000| Untracked 
| 362|0x0000000096a00000, 0x0000000096a00000, 0x0000000096b00000|  0%| F|  |TAMS 0x0000000096a00000, 0x0000000096a00000| Untracked 
| 363|0x0000000096b00000, 0x0000000096b00000, 0x0000000096c00000|  0%| F|  |TAMS 0x0000000096b00000, 0x0000000096b00000| Untracked 
| 364|0x0000000096c00000, 0x0000000096c00000, 0x0000000096d00000|  0%| F|  |TAMS 0x0000000096c00000, 0x0000000096c00000| Untracked 
| 365|0x0000000096d00000, 0x0000000096d00000, 0x0000000096e00000|  0%| F|  |TAMS 0x0000000096d00000, 0x0000000096d00000| Untracked 
| 366|0x0000000096e00000, 0x0000000096e00000, 0x0000000096f00000|  0%| F|  |TAMS 0x0000000096e00000, 0x0000000096e00000| Untracked 
| 367|0x0000000096f00000, 0x0000000096f00000, 0x0000000097000000|  0%| F|  |TAMS 0x0000000096f00000, 0x0000000096f00000| Untracked 
| 368|0x0000000097000000, 0x0000000097000000, 0x0000000097100000|  0%| F|  |TAMS 0x0000000097000000, 0x0000000097000000| Untracked 
| 369|0x0000000097100000, 0x0000000097100000, 0x0000000097200000|  0%| F|  |TAMS 0x0000000097100000, 0x0000000097100000| Untracked 
| 370|0x0000000097200000, 0x0000000097200000, 0x0000000097300000|  0%| F|  |TAMS 0x0000000097200000, 0x0000000097200000| Untracked 
| 371|0x0000000097300000, 0x0000000097300000, 0x0000000097400000|  0%| F|  |TAMS 0x0000000097300000, 0x0000000097300000| Untracked 
| 372|0x0000000097400000, 0x0000000097400000, 0x0000000097500000|  0%| F|  |TAMS 0x0000000097400000, 0x0000000097400000| Untracked 
| 373|0x0000000097500000, 0x0000000097500000, 0x0000000097600000|  0%| F|  |TAMS 0x0000000097500000, 0x0000000097500000| Untracked 
| 374|0x0000000097600000, 0x0000000097600000, 0x0000000097700000|  0%| F|  |TAMS 0x0000000097600000, 0x0000000097600000| Untracked 
| 375|0x0000000097700000, 0x0000000097700000, 0x0000000097800000|  0%| F|  |TAMS 0x0000000097700000, 0x0000000097700000| Untracked 
| 376|0x0000000097800000, 0x0000000097800000, 0x0000000097900000|  0%| F|  |TAMS 0x0000000097800000, 0x0000000097800000| Untracked 
| 377|0x0000000097900000, 0x0000000097900000, 0x0000000097a00000|  0%| F|  |TAMS 0x0000000097900000, 0x0000000097900000| Untracked 
| 378|0x0000000097a00000, 0x0000000097a00000, 0x0000000097b00000|  0%| F|  |TAMS 0x0000000097a00000, 0x0000000097a00000| Untracked 
| 379|0x0000000097b00000, 0x0000000097b00000, 0x0000000097c00000|  0%| F|  |TAMS 0x0000000097b00000, 0x0000000097b00000| Untracked 
| 380|0x0000000097c00000, 0x0000000097c00000, 0x0000000097d00000|  0%| F|  |TAMS 0x0000000097c00000, 0x0000000097c00000| Untracked 
| 381|0x0000000097d00000, 0x0000000097d00000, 0x0000000097e00000|  0%| F|  |TAMS 0x0000000097d00000, 0x0000000097d00000| Untracked 
| 382|0x0000000097e00000, 0x0000000097e00000, 0x0000000097f00000|  0%| F|  |TAMS 0x0000000097e00000, 0x0000000097e00000| Untracked 
| 383|0x0000000097f00000, 0x0000000097f00000, 0x0000000098000000|  0%| F|  |TAMS 0x0000000097f00000, 0x0000000097f00000| Untracked 
| 384|0x0000000098000000, 0x0000000098000000, 0x0000000098100000|  0%| F|  |TAMS 0x0000000098000000, 0x0000000098000000| Untracked 
| 385|0x0000000098100000, 0x0000000098100000, 0x0000000098200000|  0%| F|  |TAMS 0x0000000098100000, 0x0000000098100000| Untracked 
| 386|0x0000000098200000, 0x0000000098200000, 0x0000000098300000|  0%| F|  |TAMS 0x0000000098200000, 0x0000000098200000| Untracked 
| 387|0x0000000098300000, 0x0000000098300000, 0x0000000098400000|  0%| F|  |TAMS 0x0000000098300000, 0x0000000098300000| Untracked 
| 388|0x0000000098400000, 0x0000000098400000, 0x0000000098500000|  0%| F|  |TAMS 0x0000000098400000, 0x0000000098400000| Untracked 
| 389|0x0000000098500000, 0x0000000098500000, 0x0000000098600000|  0%| F|  |TAMS 0x0000000098500000, 0x0000000098500000| Untracked 
| 390|0x0000000098600000, 0x0000000098600000, 0x0000000098700000|  0%| F|  |TAMS 0x0000000098600000, 0x0000000098600000| Untracked 
| 391|0x0000000098700000, 0x0000000098700000, 0x0000000098800000|  0%| F|  |TAMS 0x0000000098700000, 0x0000000098700000| Untracked 
| 392|0x0000000098800000, 0x0000000098800000, 0x0000000098900000|  0%| F|  |TAMS 0x0000000098800000, 0x0000000098800000| Untracked 
| 393|0x0000000098900000, 0x0000000098900000, 0x0000000098a00000|  0%| F|  |TAMS 0x0000000098900000, 0x0000000098900000| Untracked 
| 394|0x0000000098a00000, 0x0000000098a00000, 0x0000000098b00000|  0%| F|  |TAMS 0x0000000098a00000, 0x0000000098a00000| Untracked 
| 395|0x0000000098b00000, 0x0000000098b00000, 0x0000000098c00000|  0%| F|  |TAMS 0x0000000098b00000, 0x0000000098b00000| Untracked 
| 396|0x0000000098c00000, 0x0000000098c00000, 0x0000000098d00000|  0%| F|  |TAMS 0x0000000098c00000, 0x0000000098c00000| Untracked 
| 397|0x0000000098d00000, 0x0000000098d00000, 0x0000000098e00000|  0%| F|  |TAMS 0x0000000098d00000, 0x0000000098d00000| Untracked 
| 398|0x0000000098e00000, 0x0000000098e00000, 0x0000000098f00000|  0%| F|  |TAMS 0x0000000098e00000, 0x0000000098e00000| Untracked 
| 399|0x0000000098f00000, 0x0000000098f00000, 0x0000000099000000|  0%| F|  |TAMS 0x0000000098f00000, 0x0000000098f00000| Untracked 
| 400|0x0000000099000000, 0x0000000099000000, 0x0000000099100000|  0%| F|  |TAMS 0x0000000099000000, 0x0000000099000000| Untracked 
| 401|0x0000000099100000, 0x0000000099100000, 0x0000000099200000|  0%| F|  |TAMS 0x0000000099100000, 0x0000000099100000| Untracked 
| 402|0x0000000099200000, 0x0000000099200000, 0x0000000099300000|  0%| F|  |TAMS 0x0000000099200000, 0x0000000099200000| Untracked 
| 403|0x0000000099300000, 0x0000000099300000, 0x0000000099400000|  0%| F|  |TAMS 0x0000000099300000, 0x0000000099300000| Untracked 
| 404|0x0000000099400000, 0x0000000099400000, 0x0000000099500000|  0%| F|  |TAMS 0x0000000099400000, 0x0000000099400000| Untracked 
| 405|0x0000000099500000, 0x0000000099500000, 0x0000000099600000|  0%| F|  |TAMS 0x0000000099500000, 0x0000000099500000| Untracked 
| 406|0x0000000099600000, 0x0000000099600000, 0x0000000099700000|  0%| F|  |TAMS 0x0000000099600000, 0x0000000099600000| Untracked 
| 407|0x0000000099700000, 0x0000000099700000, 0x0000000099800000|  0%| F|  |TAMS 0x0000000099700000, 0x0000000099700000| Untracked 
| 408|0x0000000099800000, 0x0000000099800000, 0x0000000099900000|  0%| F|  |TAMS 0x0000000099800000, 0x0000000099800000| Untracked 
| 409|0x0000000099900000, 0x0000000099900000, 0x0000000099a00000|  0%| F|  |TAMS 0x0000000099900000, 0x0000000099900000| Untracked 
| 410|0x0000000099a00000, 0x0000000099a00000, 0x0000000099b00000|  0%| F|  |TAMS 0x0000000099a00000, 0x0000000099a00000| Untracked 
| 411|0x0000000099b00000, 0x0000000099b00000, 0x0000000099c00000|  0%| F|  |TAMS 0x0000000099b00000, 0x0000000099b00000| Untracked 
| 412|0x0000000099c00000, 0x0000000099c00000, 0x0000000099d00000|  0%| F|  |TAMS 0x0000000099c00000, 0x0000000099c00000| Untracked 
| 413|0x0000000099d00000, 0x0000000099d00000, 0x0000000099e00000|  0%| F|  |TAMS 0x0000000099d00000, 0x0000000099d00000| Untracked 
| 414|0x0000000099e00000, 0x0000000099e00000, 0x0000000099f00000|  0%| F|  |TAMS 0x0000000099e00000, 0x0000000099e00000| Untracked 
| 415|0x0000000099f00000, 0x0000000099f00000, 0x000000009a000000|  0%| F|  |TAMS 0x0000000099f00000, 0x0000000099f00000| Untracked 
| 416|0x000000009a000000, 0x000000009a000000, 0x000000009a100000|  0%| F|  |TAMS 0x000000009a000000, 0x000000009a000000| Untracked 
| 417|0x000000009a100000, 0x000000009a100000, 0x000000009a200000|  0%| F|  |TAMS 0x000000009a100000, 0x000000009a100000| Untracked 
| 418|0x000000009a200000, 0x000000009a200000, 0x000000009a300000|  0%| F|  |TAMS 0x000000009a200000, 0x000000009a200000| Untracked 
| 419|0x000000009a300000, 0x000000009a300000, 0x000000009a400000|  0%| F|  |TAMS 0x000000009a300000, 0x000000009a300000| Untracked 
| 420|0x000000009a400000, 0x000000009a400000, 0x000000009a500000|  0%| F|  |TAMS 0x000000009a400000, 0x000000009a400000| Untracked 
| 421|0x000000009a500000, 0x000000009a500000, 0x000000009a600000|  0%| F|  |TAMS 0x000000009a500000, 0x000000009a500000| Untracked 
| 422|0x000000009a600000, 0x000000009a600000, 0x000000009a700000|  0%| F|  |TAMS 0x000000009a600000, 0x000000009a600000| Untracked 
| 423|0x000000009a700000, 0x000000009a700000, 0x000000009a800000|  0%| F|  |TAMS 0x000000009a700000, 0x000000009a700000| Untracked 
| 424|0x000000009a800000, 0x000000009a800000, 0x000000009a900000|  0%| F|  |TAMS 0x000000009a800000, 0x000000009a800000| Untracked 
| 425|0x000000009a900000, 0x000000009a900000, 0x000000009aa00000|  0%| F|  |TAMS 0x000000009a900000, 0x000000009a900000| Untracked 
| 426|0x000000009aa00000, 0x000000009aa00000, 0x000000009ab00000|  0%| F|  |TAMS 0x000000009aa00000, 0x000000009aa00000| Untracked 
| 427|0x000000009ab00000, 0x000000009ab00000, 0x000000009ac00000|  0%| F|  |TAMS 0x000000009ab00000, 0x000000009ab00000| Untracked 
| 428|0x000000009ac00000, 0x000000009ac00000, 0x000000009ad00000|  0%| F|  |TAMS 0x000000009ac00000, 0x000000009ac00000| Untracked 
| 429|0x000000009ad00000, 0x000000009ad00000, 0x000000009ae00000|  0%| F|  |TAMS 0x000000009ad00000, 0x000000009ad00000| Untracked 
| 430|0x000000009ae00000, 0x000000009ae00000, 0x000000009af00000|  0%| F|  |TAMS 0x000000009ae00000, 0x000000009ae00000| Untracked 
| 431|0x000000009af00000, 0x000000009af00000, 0x000000009b000000|  0%| F|  |TAMS 0x000000009af00000, 0x000000009af00000| Untracked 
| 432|0x000000009b000000, 0x000000009b000000, 0x000000009b100000|  0%| F|  |TAMS 0x000000009b000000, 0x000000009b000000| Untracked 
| 433|0x000000009b100000, 0x000000009b100000, 0x000000009b200000|  0%| F|  |TAMS 0x000000009b100000, 0x000000009b100000| Untracked 
| 434|0x000000009b200000, 0x000000009b200000, 0x000000009b300000|  0%| F|  |TAMS 0x000000009b200000, 0x000000009b200000| Untracked 
| 435|0x000000009b300000, 0x000000009b300000, 0x000000009b400000|  0%| F|  |TAMS 0x000000009b300000, 0x000000009b300000| Untracked 
| 436|0x000000009b400000, 0x000000009b400000, 0x000000009b500000|  0%| F|  |TAMS 0x000000009b400000, 0x000000009b400000| Untracked 
| 437|0x000000009b500000, 0x000000009b500000, 0x000000009b600000|  0%| F|  |TAMS 0x000000009b500000, 0x000000009b500000| Untracked 
| 438|0x000000009b600000, 0x000000009b600000, 0x000000009b700000|  0%| F|  |TAMS 0x000000009b600000, 0x000000009b600000| Untracked 
| 439|0x000000009b700000, 0x000000009b700000, 0x000000009b800000|  0%| F|  |TAMS 0x000000009b700000, 0x000000009b700000| Untracked 
| 440|0x000000009b800000, 0x000000009b800000, 0x000000009b900000|  0%| F|  |TAMS 0x000000009b800000, 0x000000009b800000| Untracked 
| 441|0x000000009b900000, 0x000000009b900000, 0x000000009ba00000|  0%| F|  |TAMS 0x000000009b900000, 0x000000009b900000| Untracked 
| 442|0x000000009ba00000, 0x000000009ba00000, 0x000000009bb00000|  0%| F|  |TAMS 0x000000009ba00000, 0x000000009ba00000| Untracked 
| 443|0x000000009bb00000, 0x000000009bb00000, 0x000000009bc00000|  0%| F|  |TAMS 0x000000009bb00000, 0x000000009bb00000| Untracked 
| 444|0x000000009bc00000, 0x000000009bc00000, 0x000000009bd00000|  0%| F|  |TAMS 0x000000009bc00000, 0x000000009bc00000| Untracked 
| 445|0x000000009bd00000, 0x000000009bd00000, 0x000000009be00000|  0%| F|  |TAMS 0x000000009bd00000, 0x000000009bd00000| Untracked 
| 446|0x000000009be00000, 0x000000009be00000, 0x000000009bf00000|  0%| F|  |TAMS 0x000000009be00000, 0x000000009be00000| Untracked 
| 447|0x000000009bf00000, 0x000000009bf00000, 0x000000009c000000|  0%| F|  |TAMS 0x000000009bf00000, 0x000000009bf00000| Untracked 
| 448|0x000000009c000000, 0x000000009c000000, 0x000000009c100000|  0%| F|  |TAMS 0x000000009c000000, 0x000000009c000000| Untracked 
| 449|0x000000009c100000, 0x000000009c100000, 0x000000009c200000|  0%| F|  |TAMS 0x000000009c100000, 0x000000009c100000| Untracked 
| 450|0x000000009c200000, 0x000000009c200000, 0x000000009c300000|  0%| F|  |TAMS 0x000000009c200000, 0x000000009c200000| Untracked 
| 451|0x000000009c300000, 0x000000009c300000, 0x000000009c400000|  0%| F|  |TAMS 0x000000009c300000, 0x000000009c300000| Untracked 
| 452|0x000000009c400000, 0x000000009c400000, 0x000000009c500000|  0%| F|  |TAMS 0x000000009c400000, 0x000000009c400000| Untracked 
| 453|0x000000009c500000, 0x000000009c500000, 0x000000009c600000|  0%| F|  |TAMS 0x000000009c500000, 0x000000009c500000| Untracked 
| 454|0x000000009c600000, 0x000000009c600000, 0x000000009c700000|  0%| F|  |TAMS 0x000000009c600000, 0x000000009c600000| Untracked 
| 455|0x000000009c700000, 0x000000009c700000, 0x000000009c800000|  0%| F|  |TAMS 0x000000009c700000, 0x000000009c700000| Untracked 
| 456|0x000000009c800000, 0x000000009c800000, 0x000000009c900000|  0%| F|  |TAMS 0x000000009c800000, 0x000000009c800000| Untracked 
| 457|0x000000009c900000, 0x000000009c900000, 0x000000009ca00000|  0%| F|  |TAMS 0x000000009c900000, 0x000000009c900000| Untracked 
| 458|0x000000009ca00000, 0x000000009ca00000, 0x000000009cb00000|  0%| F|  |TAMS 0x000000009ca00000, 0x000000009ca00000| Untracked 
| 459|0x000000009cb00000, 0x000000009cb00000, 0x000000009cc00000|  0%| F|  |TAMS 0x000000009cb00000, 0x000000009cb00000| Untracked 
| 460|0x000000009cc00000, 0x000000009cc00000, 0x000000009cd00000|  0%| F|  |TAMS 0x000000009cc00000, 0x000000009cc00000| Untracked 
| 461|0x000000009cd00000, 0x000000009cd00000, 0x000000009ce00000|  0%| F|  |TAMS 0x000000009cd00000, 0x000000009cd00000| Untracked 
| 462|0x000000009ce00000, 0x000000009ce00000, 0x000000009cf00000|  0%| F|  |TAMS 0x000000009ce00000, 0x000000009ce00000| Untracked 
| 463|0x000000009cf00000, 0x000000009cf00000, 0x000000009d000000|  0%| F|  |TAMS 0x000000009cf00000, 0x000000009cf00000| Untracked 
| 464|0x000000009d000000, 0x000000009d000000, 0x000000009d100000|  0%| F|  |TAMS 0x000000009d000000, 0x000000009d000000| Untracked 
| 465|0x000000009d100000, 0x000000009d100000, 0x000000009d200000|  0%| F|  |TAMS 0x000000009d100000, 0x000000009d100000| Untracked 
| 466|0x000000009d200000, 0x000000009d200000, 0x000000009d300000|  0%| F|  |TAMS 0x000000009d200000, 0x000000009d200000| Untracked 
| 467|0x000000009d300000, 0x000000009d300000, 0x000000009d400000|  0%| F|  |TAMS 0x000000009d300000, 0x000000009d300000| Untracked 
| 468|0x000000009d400000, 0x000000009d400000, 0x000000009d500000|  0%| F|  |TAMS 0x000000009d400000, 0x000000009d400000| Untracked 
| 469|0x000000009d500000, 0x000000009d500000, 0x000000009d600000|  0%| F|  |TAMS 0x000000009d500000, 0x000000009d500000| Untracked 
| 470|0x000000009d600000, 0x000000009d600000, 0x000000009d700000|  0%| F|  |TAMS 0x000000009d600000, 0x000000009d600000| Untracked 
| 471|0x000000009d700000, 0x000000009d700000, 0x000000009d800000|  0%| F|  |TAMS 0x000000009d700000, 0x000000009d700000| Untracked 
| 472|0x000000009d800000, 0x000000009d800000, 0x000000009d900000|  0%| F|  |TAMS 0x000000009d800000, 0x000000009d800000| Untracked 
| 473|0x000000009d900000, 0x000000009d900000, 0x000000009da00000|  0%| F|  |TAMS 0x000000009d900000, 0x000000009d900000| Untracked 
| 474|0x000000009da00000, 0x000000009da00000, 0x000000009db00000|  0%| F|  |TAMS 0x000000009da00000, 0x000000009da00000| Untracked 
| 475|0x000000009db00000, 0x000000009db00000, 0x000000009dc00000|  0%| F|  |TAMS 0x000000009db00000, 0x000000009db00000| Untracked 
| 476|0x000000009dc00000, 0x000000009dd00000, 0x000000009dd00000|100%| S|CS|TAMS 0x000000009dc00000, 0x000000009dc00000| Complete 
| 477|0x000000009dd00000, 0x000000009de00000, 0x000000009de00000|100%| S|CS|TAMS 0x000000009dd00000, 0x000000009dd00000| Complete 
| 478|0x000000009de00000, 0x000000009df00000, 0x000000009df00000|100%| S|CS|TAMS 0x000000009de00000, 0x000000009de00000| Complete 
| 479|0x000000009df00000, 0x000000009e000000, 0x000000009e000000|100%| S|CS|TAMS 0x000000009df00000, 0x000000009df00000| Complete 
| 480|0x000000009e000000, 0x000000009e000000, 0x000000009e100000|  0%| F|  |TAMS 0x000000009e000000, 0x000000009e000000| Untracked 
| 481|0x000000009e100000, 0x000000009e100000, 0x000000009e200000|  0%| F|  |TAMS 0x000000009e100000, 0x000000009e100000| Untracked 
| 482|0x000000009e200000, 0x000000009e200000, 0x000000009e300000|  0%| F|  |TAMS 0x000000009e200000, 0x000000009e200000| Untracked 
| 483|0x000000009e300000, 0x000000009e300000, 0x000000009e400000|  0%| F|  |TAMS 0x000000009e300000, 0x000000009e300000| Untracked 
| 484|0x000000009e400000, 0x000000009e400000, 0x000000009e500000|  0%| F|  |TAMS 0x000000009e400000, 0x000000009e400000| Untracked 
| 485|0x000000009e500000, 0x000000009e500000, 0x000000009e600000|  0%| F|  |TAMS 0x000000009e500000, 0x000000009e500000| Untracked 
| 486|0x000000009e600000, 0x000000009e600000, 0x000000009e700000|  0%| F|  |TAMS 0x000000009e600000, 0x000000009e600000| Untracked 
| 487|0x000000009e700000, 0x000000009e752c78, 0x000000009e800000| 32%| E|  |TAMS 0x000000009e700000, 0x000000009e700000| Complete 
| 488|0x000000009e800000, 0x000000009e900000, 0x000000009e900000|100%| E|CS|TAMS 0x000000009e800000, 0x000000009e800000| Complete 
| 489|0x000000009e900000, 0x000000009ea00000, 0x000000009ea00000|100%| E|CS|TAMS 0x000000009e900000, 0x000000009e900000| Complete 
| 490|0x000000009ea00000, 0x000000009eb00000, 0x000000009eb00000|100%| E|CS|TAMS 0x000000009ea00000, 0x000000009ea00000| Complete 
| 491|0x000000009eb00000, 0x000000009ec00000, 0x000000009ec00000|100%| E|CS|TAMS 0x000000009eb00000, 0x000000009eb00000| Complete 
| 492|0x000000009ec00000, 0x000000009ed00000, 0x000000009ed00000|100%| E|CS|TAMS 0x000000009ec00000, 0x000000009ec00000| Complete 
| 493|0x000000009ed00000, 0x000000009ee00000, 0x000000009ee00000|100%| E|CS|TAMS 0x000000009ed00000, 0x000000009ed00000| Complete 
| 494|0x000000009ee00000, 0x000000009ef00000, 0x000000009ef00000|100%| E|CS|TAMS 0x000000009ee00000, 0x000000009ee00000| Complete 
| 495|0x000000009ef00000, 0x000000009f000000, 0x000000009f000000|100%| E|CS|TAMS 0x000000009ef00000, 0x000000009ef00000| Complete 
| 496|0x000000009f000000, 0x000000009f100000, 0x000000009f100000|100%| E|CS|TAMS 0x000000009f000000, 0x000000009f000000| Complete 
| 497|0x000000009f100000, 0x000000009f200000, 0x000000009f200000|100%| E|CS|TAMS 0x000000009f100000, 0x000000009f100000| Complete 
| 498|0x000000009f200000, 0x000000009f300000, 0x000000009f300000|100%| E|CS|TAMS 0x000000009f200000, 0x000000009f200000| Complete 
| 499|0x000000009f300000, 0x000000009f400000, 0x000000009f400000|100%| E|CS|TAMS 0x000000009f300000, 0x000000009f300000| Complete 
| 500|0x000000009f400000, 0x000000009f500000, 0x000000009f500000|100%| E|CS|TAMS 0x000000009f400000, 0x000000009f400000| Complete 
| 501|0x000000009f500000, 0x000000009f600000, 0x000000009f600000|100%| E|CS|TAMS 0x000000009f500000, 0x000000009f500000| Complete 
| 502|0x000000009f600000, 0x000000009f700000, 0x000000009f700000|100%| E|CS|TAMS 0x000000009f600000, 0x000000009f600000| Complete 
| 503|0x000000009f700000, 0x000000009f800000, 0x000000009f800000|100%| E|CS|TAMS 0x000000009f700000, 0x000000009f700000| Complete 
| 504|0x000000009f800000, 0x000000009f900000, 0x000000009f900000|100%| E|CS|TAMS 0x000000009f800000, 0x000000009f800000| Complete 

Card table byte_map: [0x0000022d7a990000,0x0000022d7ad90000] _byte_map_base: 0x0000022d7a590000

Marking Bits (Prev, Next): (CMBitMap*) 0x0000022d7252aae0, (CMBitMap*) 0x0000022d7252ab20
 Prev Bits: [0x0000022d7b190000, 0x0000022d7d190000)
 Next Bits: [0x0000022d7d190000, 0x0000022d7f190000)

Polling page: 0x0000022d70320000

Metaspace:

Usage:
  Non-class:    173.42 MB used.
      Class:     25.86 MB used.
       Both:    199.28 MB used.

Virtual space:
  Non-class space:      192.00 MB reserved,     174.62 MB ( 91%) committed,  3 nodes.
      Class space:      416.00 MB reserved,      26.94 MB (  6%) committed,  1 nodes.
             Both:      608.00 MB reserved,     201.56 MB ( 33%) committed. 

Chunk freelists:
   Non-Class:  992.00 KB
       Class:  5.10 MB
        Both:  6.07 MB

MaxMetaspaceSize: 512.00 MB
CompressedClassSpaceSize: 416.00 MB
Initial GC threshold: 21.00 MB
Current GC threshold: 334.38 MB
CDS: on
MetaspaceReclaimPolicy: balanced
 - commit_granule_bytes: 65536.
 - commit_granule_words: 8192.
 - virtual_space_node_default_size: 8388608.
 - enlarge_chunks_in_place: 1.
 - new_chunks_are_fully_committed: 0.
 - uncommit_free_chunks: 1.
 - use_allocation_guard: 0.
 - handle_deallocations: 1.


Internal statistics:

num_allocs_failed_limit: 15.
num_arena_births: 4154.
num_arena_deaths: 504.
num_vsnodes_births: 4.
num_vsnodes_deaths: 0.
num_space_committed: 3223.
num_space_uncommitted: 0.
num_chunks_returned_to_freelist: 651.
num_chunks_taken_from_freelist: 13574.
num_chunk_merges: 233.
num_chunk_splits: 8842.
num_chunks_enlarged: 5708.
num_inconsistent_stats: 0.

CodeHeap 'non-profiled nmethods': size=120000Kb used=23259Kb max_used=23259Kb free=96741Kb
 bounds [0x0000022d07ad0000, 0x0000022d09190000, 0x0000022d0f000000]
CodeHeap 'profiled nmethods': size=120000Kb used=65527Kb max_used=65527Kb free=54472Kb
 bounds [0x0000022d00000000, 0x0000022d04010000, 0x0000022d07530000]
CodeHeap 'non-nmethods': size=5760Kb used=2734Kb max_used=2796Kb free=3025Kb
 bounds [0x0000022d07530000, 0x0000022d07800000, 0x0000022d07ad0000]
 total_blobs=29716 nmethods=28388 adapters=1237
 compilation: enabled
              stopped_count=0, restarted_count=0
 full_count=0

Compilation events (20 events):
Event: 5704.410 Thread 0x0000022d7fdf4990 34142       3       org.gradle.api.internal.artifacts.ivyservice.ivyresolve.RepositoryChainDependencyToComponentIdResolver::<init> (31 bytes)
Event: 5704.424 Thread 0x0000022d7fdf4990 nmethod 34142 0x0000022d03ffde10 code [0x0000022d03ffdfc0, 0x0000022d03ffe2c8]
Event: 5704.424 Thread 0x0000022d7fdf4990 34143       3       org.gradle.api.internal.artifacts.ivyservice.ivyresolve.DynamicVersionResolver::<init> (60 bytes)
Event: 5704.426 Thread 0x0000022d7fdf4990 nmethod 34143 0x0000022d03ffe410 code [0x0000022d03ffe620, 0x0000022d03ffef18]
Event: 5704.710 Thread 0x0000022d7fdf43c0 nmethod 34130 0x0000022d0917bd90 code [0x0000022d0917c080, 0x0000022d09180460]
Event: 5704.711 Thread 0x0000022d7fdf43c0 34131       4       org.gradle.api.internal.tasks.DefaultTaskCollection::hasWithName (65 bytes)
Event: 5704.765 Thread 0x0000022d7fdf43c0 nmethod 34131 0x0000022d09181d10 code [0x0000022d09181f40, 0x0000022d09182a10]
Event: 5704.765 Thread 0x0000022d7fdf43c0 34139       4       org.gradle.api.internal.DefaultDomainObjectCollection::didAdd (1 bytes)
Event: 5704.766 Thread 0x0000022d7fdf43c0 nmethod 34139 0x0000022d09183210 code [0x0000022d09183380, 0x0000022d091833f8]
Event: 5705.418 Thread 0x0000022d7fdf43c0 34144       4       org.gradle.api.internal.artifacts.ivyservice.resolveengine.graph.builder.NodeState::maybeCollectStrictVersions (72 bytes)
Event: 5705.425 Thread 0x0000022d7fdf4990 34146       3       org.gradle.api.internal.artifacts.ivyservice.resolveengine.graph.builder.EdgeState::detachFromTargetNodes (64 bytes)
Event: 5705.427 Thread 0x0000022d7fdf4990 nmethod 34146 0x0000022d03fff110 code [0x0000022d03fff320, 0x0000022d03fffaf8]
Event: 5705.598 Thread 0x0000022d7fdf43c0 nmethod 34144 0x0000022d09183510 code [0x0000022d091837c0, 0x0000022d09185b90]
Event: 5705.599 Thread 0x0000022d7fdf43c0 34145       4       org.gradle.api.internal.artifacts.ivyservice.resolveengine.excludes.simple.DefaultModuleIdExclude::hashCode (8 bytes)
Event: 5705.600 Thread 0x0000022d7fdf43c0 nmethod 34145 0x0000022d09186910 code [0x0000022d09186aa0, 0x0000022d09186b58]
Event: 5705.743 Thread 0x0000022d7fdf43c0 34147       4       org.gradle.api.internal.artifacts.ivyservice.ivyresolve.CachingModuleComponentRepository$LocateInCacheRepositoryAccess::getProcessedMetadata (66 bytes)
Event: 5705.972 Thread 0x0000022d7fdf4990 34149       3       org.gradle.api.internal.artifacts.ivyservice.resolveengine.graph.builder.SelectorState::overrideSelection (19 bytes)
Event: 5705.974 Thread 0x0000022d7fdf4990 nmethod 34149 0x0000022d03fffd10 code [0x0000022d03fffec0, 0x0000022d04000038]
Event: 5706.013 Thread 0x0000022d7fdf4990 34150       3       com.google.common.collect.ImmutableList::of (47 bytes)
Event: 5706.014 Thread 0x0000022d7fdf4990 nmethod 34150 0x0000022d04000110 code [0x0000022d04000360, 0x0000022d040012f8]

GC Heap History (20 events):
Event: 5497.423 GC heap before
{Heap before GC invocations=64 (full 0):
 garbage-first heap   total 517120K, used 420486K [0x0000000080000000, 0x0000000100000000)
  region size 1024K, 192 young (196608K), 2 survivors (2048K)
 Metaspace       used 199645K, committed 201408K, reserved 622592K
  class space    used 25929K, committed 26752K, reserved 425984K
}
Event: 5497.449 GC heap after
{Heap after GC invocations=65 (full 0):
 garbage-first heap   total 517120K, used 238845K [0x0000000080000000, 0x0000000100000000)
  region size 1024K, 15 young (15360K), 15 survivors (15360K)
 Metaspace       used 199645K, committed 201408K, reserved 622592K
  class space    used 25929K, committed 26752K, reserved 425984K
}
Event: 5497.989 GC heap before
{Heap before GC invocations=65 (full 0):
 garbage-first heap   total 517120K, used 249085K [0x0000000080000000, 0x0000000100000000)
  region size 1024K, 25 young (25600K), 15 survivors (15360K)
 Metaspace       used 199691K, committed 201472K, reserved 622592K
  class space    used 25934K, committed 26752K, reserved 425984K
}
Event: 5498.082 GC heap after
{Heap after GC invocations=66 (full 0):
 garbage-first heap   total 517120K, used 237661K [0x0000000080000000, 0x0000000100000000)
  region size 1024K, 4 young (4096K), 4 survivors (4096K)
 Metaspace       used 199691K, committed 201472K, reserved 622592K
  class space    used 25934K, committed 26752K, reserved 425984K
}
Event: 5530.551 GC heap before
{Heap before GC invocations=66 (full 0):
 garbage-first heap   total 517120K, used 424029K [0x0000000080000000, 0x0000000100000000)
  region size 1024K, 185 young (189440K), 4 survivors (4096K)
 Metaspace       used 202084K, committed 204032K, reserved 622592K
  class space    used 26272K, committed 27200K, reserved 425984K
}
Event: 5530.604 GC heap after
{Heap after GC invocations=67 (full 0):
 garbage-first heap   total 517120K, used 252762K [0x0000000080000000, 0x0000000100000000)
  region size 1024K, 19 young (19456K), 19 survivors (19456K)
 Metaspace       used 202084K, committed 204032K, reserved 622592K
  class space    used 26272K, committed 27200K, reserved 425984K
}
Event: 5550.340 GC heap before
{Heap before GC invocations=67 (full 0):
 garbage-first heap   total 517120K, used 422746K [0x0000000080000000, 0x0000000100000000)
  region size 1024K, 186 young (190464K), 19 survivors (19456K)
 Metaspace       used 203077K, committed 205248K, reserved 622592K
  class space    used 26386K, committed 27392K, reserved 425984K
}
Event: 5550.440 GC heap after
{Heap after GC invocations=68 (full 0):
 garbage-first heap   total 517120K, used 271626K [0x0000000080000000, 0x0000000100000000)
  region size 1024K, 19 young (19456K), 19 survivors (19456K)
 Metaspace       used 203077K, committed 205248K, reserved 622592K
  class space    used 26386K, committed 27392K, reserved 425984K
}
Event: 5557.521 GC heap before
{Heap before GC invocations=68 (full 0):
 garbage-first heap   total 517120K, used 424202K [0x0000000080000000, 0x0000000100000000)
  region size 1024K, 168 young (172032K), 19 survivors (19456K)
 Metaspace       used 203280K, committed 205440K, reserved 622592K
  class space    used 26398K, committed 27456K, reserved 425984K
}
Event: 5557.583 GC heap after
{Heap after GC invocations=69 (full 0):
 garbage-first heap   total 517120K, used 285912K [0x0000000080000000, 0x0000000100000000)
  region size 1024K, 14 young (14336K), 14 survivors (14336K)
 Metaspace       used 203280K, committed 205440K, reserved 622592K
  class space    used 26398K, committed 27456K, reserved 425984K
}
Event: 5688.191 GC heap before
{Heap before GC invocations=70 (full 0):
 garbage-first heap   total 517120K, used 428248K [0x0000000080000000, 0x0000000100000000)
  region size 1024K, 154 young (157696K), 14 survivors (14336K)
 Metaspace       used 203784K, committed 206080K, reserved 622592K
  class space    used 26451K, committed 27520K, reserved 425984K
}
Event: 5688.521 GC heap after
{Heap after GC invocations=71 (full 0):
 garbage-first heap   total 517120K, used 297720K [0x0000000080000000, 0x0000000100000000)
  region size 1024K, 12 young (12288K), 12 survivors (12288K)
 Metaspace       used 203784K, committed 206080K, reserved 622592K
  class space    used 26451K, committed 27520K, reserved 425984K
}
Event: 5689.747 GC heap before
{Heap before GC invocations=71 (full 0):
 garbage-first heap   total 517120K, used 311032K [0x0000000080000000, 0x0000000100000000)
  region size 1024K, 25 young (25600K), 12 survivors (12288K)
 Metaspace       used 203784K, committed 206080K, reserved 622592K
  class space    used 26451K, committed 27520K, reserved 425984K
}
Event: 5690.338 GC heap after
{Heap after GC invocations=72 (full 0):
 garbage-first heap   total 517120K, used 265966K [0x0000000080000000, 0x0000000100000000)
  region size 1024K, 2 young (2048K), 2 survivors (2048K)
 Metaspace       used 203784K, committed 206080K, reserved 622592K
  class space    used 26451K, committed 27520K, reserved 425984K
}
Event: 5696.850 GC heap before
{Heap before GC invocations=72 (full 0):
 garbage-first heap   total 517120K, used 288494K [0x0000000080000000, 0x0000000100000000)
  region size 1024K, 25 young (25600K), 2 survivors (2048K)
 Metaspace       used 203800K, committed 206080K, reserved 622592K
  class space    used 26452K, committed 27520K, reserved 425984K
}
Event: 5697.046 GC heap after
{Heap after GC invocations=73 (full 0):
 garbage-first heap   total 517120K, used 258798K [0x0000000080000000, 0x0000000100000000)
  region size 1024K, 4 young (4096K), 4 survivors (4096K)
 Metaspace       used 203800K, committed 206080K, reserved 622592K
  class space    used 26452K, committed 27520K, reserved 425984K
}
Event: 5699.914 GC heap before
{Heap before GC invocations=73 (full 0):
 garbage-first heap   total 517120K, used 280302K [0x0000000080000000, 0x0000000100000000)
  region size 1024K, 25 young (25600K), 4 survivors (4096K)
 Metaspace       used 203829K, committed 206080K, reserved 622592K
  class space    used 26452K, committed 27520K, reserved 425984K
}
Event: 5700.137 GC heap after
{Heap after GC invocations=74 (full 0):
 garbage-first heap   total 517120K, used 253789K [0x0000000080000000, 0x0000000100000000)
  region size 1024K, 2 young (2048K), 2 survivors (2048K)
 Metaspace       used 203829K, committed 206080K, reserved 622592K
  class space    used 26452K, committed 27520K, reserved 425984K
}
Event: 5703.670 GC heap before
{Heap before GC invocations=74 (full 0):
 garbage-first heap   total 517120K, used 276317K [0x0000000080000000, 0x0000000100000000)
  region size 1024K, 25 young (25600K), 2 survivors (2048K)
 Metaspace       used 204035K, committed 206336K, reserved 622592K
  class space    used 26475K, committed 27584K, reserved 425984K
}
Event: 5703.707 GC heap after
{Heap after GC invocations=75 (full 0):
 garbage-first heap   total 517120K, used 257892K [0x0000000080000000, 0x0000000100000000)
  region size 1024K, 4 young (4096K), 4 survivors (4096K)
 Metaspace       used 204035K, committed 206336K, reserved 622592K
  class space    used 26475K, committed 27584K, reserved 425984K
}

Dll operation events (15 events):
Event: 0.008 Loaded shared library C:\Program Files\Microsoft\jdk-17.0.17.10-hotspot\bin\java.dll
Event: 0.021 Loaded shared library C:\Program Files\Microsoft\jdk-17.0.17.10-hotspot\bin\jsvml.dll
Event: 0.048 Loaded shared library C:\Program Files\Microsoft\jdk-17.0.17.10-hotspot\bin\zip.dll
Event: 0.050 Loaded shared library C:\Program Files\Microsoft\jdk-17.0.17.10-hotspot\bin\instrument.dll
Event: 0.053 Loaded shared library C:\Program Files\Microsoft\jdk-17.0.17.10-hotspot\bin\net.dll
Event: 0.054 Loaded shared library C:\Program Files\Microsoft\jdk-17.0.17.10-hotspot\bin\nio.dll
Event: 0.056 Loaded shared library C:\Program Files\Microsoft\jdk-17.0.17.10-hotspot\bin\zip.dll
Event: 0.189 Loaded shared library C:\Program Files\Microsoft\jdk-17.0.17.10-hotspot\bin\jimage.dll
Event: 0.327 Loaded shared library C:\Program Files\Microsoft\jdk-17.0.17.10-hotspot\bin\verify.dll
Event: 0.354 Loaded shared library C:\Users\HP\.gradle\native\1def1411415f61bf3af743bc5b6707747c0891f09f0c88961ee8f79bc544acac\windows-amd64\native-platform.dll
Event: 0.373 Loaded shared library C:\Users\HP\.gradle\native\0.2.8\x86_64-windows-gnu\gradle-fileevents.dll
Event: 1.073 Loaded shared library C:\Program Files\Microsoft\jdk-17.0.17.10-hotspot\bin\management.dll
Event: 1.079 Loaded shared library C:\Program Files\Microsoft\jdk-17.0.17.10-hotspot\bin\management_ext.dll
Event: 1.264 Loaded shared library C:\Program Files\Microsoft\jdk-17.0.17.10-hotspot\bin\extnet.dll
Event: 1.475 Loaded shared library C:\Program Files\Microsoft\jdk-17.0.17.10-hotspot\bin\sunmscapi.dll

Deoptimization events (20 events):
Event: 5690.462 Thread 0x0000022d51a518e0 DEOPT PACKING pc=0x0000022d08fdc734 sp=0x000000bf14ef3240
Event: 5690.463 Thread 0x0000022d51a518e0 DEOPT UNPACKING pc=0x0000022d075869a3 sp=0x000000bf14ef31f0 mode 2
Event: 5693.264 Thread 0x0000022d51a518e0 DEOPT PACKING pc=0x0000022d03288dd0 sp=0x000000bf14ef2990
Event: 5693.264 Thread 0x0000022d51a518e0 DEOPT UNPACKING pc=0x0000022d07587143 sp=0x000000bf14ef1e90 mode 0
Event: 5693.269 Thread 0x0000022d51a518e0 DEOPT PACKING pc=0x0000022d03c8928d sp=0x000000bf14ef2a60
Event: 5693.269 Thread 0x0000022d51a518e0 DEOPT UNPACKING pc=0x0000022d07587143 sp=0x000000bf14ef1f08 mode 0
Event: 5693.270 Thread 0x0000022d51a518e0 DEOPT PACKING pc=0x0000022d03c8928d sp=0x000000bf14ef2a60
Event: 5693.270 Thread 0x0000022d51a518e0 DEOPT UNPACKING pc=0x0000022d07587143 sp=0x000000bf14ef1f08 mode 0
Event: 5693.273 Thread 0x0000022d51a518e0 DEOPT PACKING pc=0x0000022d03c8928d sp=0x000000bf14ef2a60
Event: 5693.273 Thread 0x0000022d51a518e0 DEOPT UNPACKING pc=0x0000022d07587143 sp=0x000000bf14ef1f08 mode 0
Event: 5693.274 Thread 0x0000022d51a518e0 DEOPT PACKING pc=0x0000022d03c8928d sp=0x000000bf14ef2a60
Event: 5693.274 Thread 0x0000022d51a518e0 DEOPT UNPACKING pc=0x0000022d07587143 sp=0x000000bf14ef1f08 mode 0
Event: 5693.275 Thread 0x0000022d51a518e0 DEOPT PACKING pc=0x0000022d03c8928d sp=0x000000bf14ef2a60
Event: 5693.275 Thread 0x0000022d51a518e0 DEOPT UNPACKING pc=0x0000022d07587143 sp=0x000000bf14ef1f08 mode 0
Event: 5693.276 Thread 0x0000022d51a518e0 DEOPT PACKING pc=0x0000022d03c8928d sp=0x000000bf14ef2a60
Event: 5693.277 Thread 0x0000022d51a518e0 DEOPT UNPACKING pc=0x0000022d07587143 sp=0x000000bf14ef1f08 mode 0
Event: 5693.277 Thread 0x0000022d51a518e0 DEOPT PACKING pc=0x0000022d03c8928d sp=0x000000bf14ef2a60
Event: 5693.331 Thread 0x0000022d51a518e0 DEOPT UNPACKING pc=0x0000022d07587143 sp=0x000000bf14ef1f08 mode 0
Event: 5706.013 Thread 0x0000022d51a518e0 DEOPT PACKING pc=0x0000022d00eadb82 sp=0x000000bf14ef7e20
Event: 5706.017 Thread 0x0000022d51a518e0 DEOPT UNPACKING pc=0x0000022d07587143 sp=0x000000bf14ef71b8 mode 0

Classes loaded (20 events):
Event: 5484.573 Loading class java/lang/invoke/MethodHandleImpl$CountingWrapper$1
Event: 5484.574 Loading class java/lang/invoke/MethodHandleImpl$CountingWrapper$1 done
Event: 5485.497 Loading class java/util/TreeMap$ValueSpliterator
Event: 5485.499 Loading class java/util/TreeMap$ValueSpliterator done
Event: 5494.534 Loading class java/lang/ExceptionInInitializerError
Event: 5494.536 Loading class java/lang/ExceptionInInitializerError done
Event: 5494.739 Loading class javax/crypto/NoSuchPaddingException
Event: 5494.740 Loading class javax/crypto/NoSuchPaddingException done
Event: 5495.562 Loading class java/security/cert/CertificateEncodingException
Event: 5495.563 Loading class java/security/cert/CertificateEncodingException done
Event: 5500.051 Loading class java/text/MessageFormat$Field
Event: 5500.052 Loading class java/text/MessageFormat$Field done
Event: 5501.269 Loading class sun/reflect/misc/MethodUtil
Event: 5501.270 Loading class sun/reflect/misc/MethodUtil done
Event: 5501.272 Loading class sun/reflect/misc/MethodUtil$1
Event: 5501.273 Loading class sun/reflect/misc/MethodUtil$1 done
Event: 5501.309 Loading class java/util/regex/Pattern$1
Event: 5501.310 Loading class java/util/regex/Pattern$1 done
Event: 5501.960 Loading class sun/nio/fs/WindowsSecurity$Privilege
Event: 5501.961 Loading class sun/nio/fs/WindowsSecurity$Privilege done

Classes unloaded (20 events):
Event: 5366.377 Thread 0x0000022d7fdd3420 Unloading class 0x0000022d126a8000 'java/lang/invoke/LambdaForm$MH+0x0000022d126a8000'
Event: 5366.377 Thread 0x0000022d7fdd3420 Unloading class 0x0000022d126a7c00 'java/lang/invoke/LambdaForm$MH+0x0000022d126a7c00'
Event: 5366.377 Thread 0x0000022d7fdd3420 Unloading class 0x0000022d126a7400 'java/lang/invoke/LambdaForm$MH+0x0000022d126a7400'
Event: 5366.377 Thread 0x0000022d7fdd3420 Unloading class 0x0000022d126a7000 'java/lang/invoke/LambdaForm$MH+0x0000022d126a7000'
Event: 5366.377 Thread 0x0000022d7fdd3420 Unloading class 0x0000022d126a6c00 'java/lang/invoke/LambdaForm$BMH+0x0000022d126a6c00'
Event: 5366.377 Thread 0x0000022d7fdd3420 Unloading class 0x0000022d126a6800 'java/lang/invoke/LambdaForm$DMH+0x0000022d126a6800'
Event: 5366.377 Thread 0x0000022d7fdd3420 Unloading class 0x0000022d126a5800 'java/lang/invoke/LambdaForm$MH+0x0000022d126a5800'
Event: 5366.377 Thread 0x0000022d7fdd3420 Unloading class 0x0000022d126a5400 'java/lang/invoke/LambdaForm$MH+0x0000022d126a5400'
Event: 5366.377 Thread 0x0000022d7fdd3420 Unloading class 0x0000022d126a5000 'java/lang/invoke/LambdaForm$MH+0x0000022d126a5000'
Event: 5366.377 Thread 0x0000022d7fdd3420 Unloading class 0x0000022d1213e000 'jdk/internal/reflect/GeneratedSerializationConstructorAccessor8'
Event: 5366.377 Thread 0x0000022d7fdd3420 Unloading class 0x0000022d1213dc00 'jdk/internal/reflect/GeneratedSerializationConstructorAccessor7'
Event: 5366.377 Thread 0x0000022d7fdd3420 Unloading class 0x0000022d1213d800 'jdk/internal/reflect/GeneratedSerializationConstructorAccessor6'
Event: 5366.377 Thread 0x0000022d7fdd3420 Unloading class 0x0000022d1213d400 'jdk/internal/reflect/GeneratedSerializationConstructorAccessor5'
Event: 5366.377 Thread 0x0000022d7fdd3420 Unloading class 0x0000022d1213d000 'jdk/internal/reflect/GeneratedSerializationConstructorAccessor4'
Event: 5366.377 Thread 0x0000022d7fdd3420 Unloading class 0x0000022d1213cc00 'jdk/internal/reflect/GeneratedSerializationConstructorAccessor3'
Event: 5366.377 Thread 0x0000022d7fdd3420 Unloading class 0x0000022d1213c800 'jdk/internal/reflect/GeneratedSerializationConstructorAccessor2'
Event: 5366.377 Thread 0x0000022d7fdd3420 Unloading class 0x0000022d1213c400 'jdk/internal/reflect/GeneratedSerializationConstructorAccessor1'
Event: 5446.416 Thread 0x0000022d7fdd3420 Unloading class 0x0000022d12528400 'java/lang/invoke/LambdaForm$DMH+0x0000022d12528400'
Event: 5446.416 Thread 0x0000022d7fdd3420 Unloading class 0x0000022d1251c000 'java/lang/invoke/LambdaForm$DMH+0x0000022d1251c000'
Event: 5558.486 Thread 0x0000022d7fdd3420 Unloading class 0x0000022d138c8000 'java/lang/invoke/LambdaForm$DMH+0x0000022d138c8000'

Classes redefined (0 events):
No events

Internal exceptions (20 events):
Event: 5640.618 Thread 0x0000022d51a518e0 Exception <a 'sun/nio/fs/WindowsException'{0x000000009da86a58}> (0x000000009da86a58) 
thrown [s\src\hotspot\share\prims\jni.cpp, line 516]
Event: 5640.624 Thread 0x0000022d51a518e0 Exception <a 'sun/nio/fs/WindowsException'{0x000000009da886d0}> (0x000000009da886d0) 
thrown [s\src\hotspot\share\prims\jni.cpp, line 516]
Event: 5640.629 Thread 0x0000022d51a518e0 Exception <a 'sun/nio/fs/WindowsException'{0x000000009da8a338}> (0x000000009da8a338) 
thrown [s\src\hotspot\share\prims\jni.cpp, line 516]
Event: 5640.632 Thread 0x0000022d51a518e0 Exception <a 'sun/nio/fs/WindowsException'{0x000000009da8bf78}> (0x000000009da8bf78) 
thrown [s\src\hotspot\share\prims\jni.cpp, line 516]
Event: 5646.260 Thread 0x0000022d51a518e0 Exception <a 'sun/nio/fs/WindowsException'{0x000000009be048e0}> (0x000000009be048e0) 
thrown [s\src\hotspot\share\prims\jni.cpp, line 516]
Event: 5646.263 Thread 0x0000022d51a518e0 Exception <a 'sun/nio/fs/WindowsException'{0x000000009be066f0}> (0x000000009be066f0) 
thrown [s\src\hotspot\share\prims\jni.cpp, line 516]
Event: 5646.265 Thread 0x0000022d51a518e0 Exception <a 'sun/nio/fs/WindowsException'{0x000000009be09130}> (0x000000009be09130) 
thrown [s\src\hotspot\share\prims\jni.cpp, line 516]
Event: 5673.954 Thread 0x0000022d442d5ab0 Exception <a 'sun/nio/fs/WindowsException'{0x0000000098e30c08}> (0x0000000098e30c08) 
thrown [s\src\hotspot\share\prims\jni.cpp, line 516]
Event: 5673.975 Thread 0x0000022d442d5ab0 Exception <a 'sun/nio/fs/WindowsException'{0x0000000098e32ca8}> (0x0000000098e32ca8) 
thrown [s\src\hotspot\share\prims\jni.cpp, line 516]
Event: 5673.997 Thread 0x0000022d442d5ab0 Exception <a 'sun/nio/fs/WindowsException'{0x0000000098e440e0}> (0x0000000098e440e0) 
thrown [s\src\hotspot\share\prims\jni.cpp, line 516]
Event: 5674.013 Thread 0x0000022d442d5ab0 Exception <a 'sun/nio/fs/WindowsException'{0x0000000098e45dd8}> (0x0000000098e45dd8) 
thrown [s\src\hotspot\share\prims\jni.cpp, line 516]
Event: 5674.065 Thread 0x0000022d31448b20 Exception <a 'sun/nio/fs/WindowsException'{0x00000000993e0610}> (0x00000000993e0610) 
thrown [s\src\hotspot\share\prims\jni.cpp, line 516]
Event: 5677.078 Thread 0x0000022d31448b20 Exception <a 'sun/nio/fs/WindowsException'{0x0000000098b73438}> (0x0000000098b73438) 
thrown [s\src\hotspot\share\prims\jni.cpp, line 516]
Event: 5677.087 Thread 0x0000022d31448b20 Exception <a 'sun/nio/fs/WindowsException'{0x0000000098b752b0}> (0x0000000098b752b0) 
thrown [s\src\hotspot\share\prims\jni.cpp, line 516]
Event: 5677.091 Thread 0x0000022d31448b20 Exception <a 'sun/nio/fs/WindowsException'{0x0000000098b770a8}> (0x0000000098b770a8) 
thrown [s\src\hotspot\share\prims\jni.cpp, line 516]
Event: 5677.093 Thread 0x0000022d31448b20 Exception <a 'sun/nio/fs/WindowsException'{0x0000000098b78b88}> (0x0000000098b78b88) 
thrown [s\src\hotspot\share\prims\jni.cpp, line 516]
Event: 5687.549 Thread 0x0000022d451e3400 Exception <a 'sun/nio/fs/WindowsException'{0x00000000975c0500}> (0x00000000975c0500) 
thrown [s\src\hotspot\share\prims\jni.cpp, line 516]
Event: 5687.551 Thread 0x0000022d451e3400 Exception <a 'sun/nio/fs/WindowsException'{0x00000000975c2470}> (0x00000000975c2470) 
thrown [s\src\hotspot\share\prims\jni.cpp, line 516]
Event: 5687.551 Thread 0x0000022d451e3400 Exception <a 'sun/nio/fs/WindowsException'{0x00000000975c45d0}> (0x00000000975c45d0) 
thrown [s\src\hotspot\share\prims\jni.cpp, line 516]
Event: 5687.553 Thread 0x0000022d451e3400 Exception <a 'sun/nio/fs/WindowsException'{0x00000000975c6138}> (0x00000000975c6138) 
thrown [s\src\hotspot\share\prims\jni.cpp, line 516]

VM Operations (20 events):
Event: 5696.850 Executing VM operation: G1CollectForAllocation
Event: 5697.046 Executing VM operation: G1CollectForAllocation done
Event: 5698.047 Executing VM operation: Cleanup
Event: 5698.063 Executing VM operation: Cleanup done
Event: 5699.067 Executing VM operation: Cleanup
Event: 5699.084 Executing VM operation: Cleanup done
Event: 5699.894 Executing VM operation: G1CollectForAllocation
Event: 5700.137 Executing VM operation: G1CollectForAllocation done
Event: 5701.150 Executing VM operation: Cleanup
Event: 5701.151 Executing VM operation: Cleanup done
Event: 5702.164 Executing VM operation: Cleanup
Event: 5702.179 Executing VM operation: Cleanup done
Event: 5703.192 Executing VM operation: Cleanup
Event: 5703.193 Executing VM operation: Cleanup done
Event: 5703.669 Executing VM operation: G1CollectForAllocation
Event: 5703.707 Executing VM operation: G1CollectForAllocation done
Event: 5704.709 Executing VM operation: Cleanup
Event: 5704.710 Executing VM operation: Cleanup done
Event: 5705.724 Executing VM operation: Cleanup
Event: 5705.724 Executing VM operation: Cleanup done

Memory protections (0 events):
No events

Nmethod flushes (20 events):
Event: 5502.813 Thread 0x0000022d7fdf6ec0 flushing  nmethod 0x0000022d03a47e10
Event: 5502.813 Thread 0x0000022d7fdf6ec0 flushing  nmethod 0x0000022d03a54090
Event: 5502.813 Thread 0x0000022d7fdf6ec0 flushing  nmethod 0x0000022d03a54f10
Event: 5502.813 Thread 0x0000022d7fdf6ec0 flushing  nmethod 0x0000022d03a5da10
Event: 5502.813 Thread 0x0000022d7fdf6ec0 flushing  nmethod 0x0000022d03a9e990
Event: 5502.814 Thread 0x0000022d7fdf6ec0 flushing  nmethod 0x0000022d03b83790
Event: 5502.814 Thread 0x0000022d7fdf6ec0 flushing  nmethod 0x0000022d03b85d10
Event: 5502.815 Thread 0x0000022d7fdf6ec0 flushing  nmethod 0x0000022d03bf2610
Event: 5554.663 Thread 0x0000022d7fdf6ec0 flushing  nmethod 0x0000022d07d3c710
Event: 5554.672 Thread 0x0000022d7fdf6ec0 flushing  nmethod 0x0000022d07e23a10
Event: 5554.673 Thread 0x0000022d7fdf6ec0 flushing  nmethod 0x0000022d07e43290
Event: 5554.673 Thread 0x0000022d7fdf6ec0 flushing  nmethod 0x0000022d07e46990
Event: 5554.674 Thread 0x0000022d7fdf6ec0 flushing  nmethod 0x0000022d07e50c90
Event: 5554.699 Thread 0x0000022d7fdf6ec0 flushing  nmethod 0x0000022d080a2510
Event: 5554.745 Thread 0x0000022d7fdf6ec0 flushing  nmethod 0x0000022d08530c90
Event: 5554.792 Thread 0x0000022d7fdf6ec0 flushing  nmethod 0x0000022d08b07090
Event: 5554.793 Thread 0x0000022d7fdf6ec0 flushing  nmethod 0x0000022d08b45d90
Event: 5554.820 Thread 0x0000022d7fdf6ec0 flushing  nmethod 0x0000022d08d09990
Event: 5554.833 Thread 0x0000022d7fdf6ec0 flushing  nmethod 0x0000022d08e3e510
Event: 5554.984 Thread 0x0000022d7fdf6ec0 flushing  nmethod 0x0000022d00a3a610

Events (20 events):
Event: 5688.887 Thread 0x0000022d51a518e0 Thread added: 0x0000022d444d9e20
Event: 5688.888 Thread 0x0000022d51a518e0 Thread added: 0x0000022d444d89e0
Event: 5688.890 Thread 0x0000022d51a518e0 Thread added: 0x0000022d444d9400
Event: 5692.041 Thread 0x0000022d51a518e0 Thread added: 0x0000022d32886e30
Event: 5693.573 Thread 0x0000022d51a518e0 Thread added: 0x0000022d32887d60
Event: 5700.534 Thread 0x0000022d51a518e0 Thread added: 0x0000022d32887340
Event: 5700.556 Thread 0x0000022d51a518e0 Thread added: 0x0000022d32887850
Event: 5702.416 Thread 0x0000022d51a518e0 Thread added: 0x0000022d444da840
Event: 5703.584 Thread 0x0000022d51a518e0 Thread added: 0x0000022d35fce5b0
Event: 5706.247 Thread 0x0000022d51a518e0 Thread added: 0x0000022d35fcf4e0
Event: 5706.250 Thread 0x0000022d51a518e0 Thread added: 0x0000022d35fcff00
Event: 5706.252 Thread 0x0000022d51a518e0 Thread added: 0x0000022d35fd0920
Event: 5706.253 Thread 0x0000022d51a518e0 Thread added: 0x0000022d35fceac0
Event: 5706.258 Thread 0x0000022d51a518e0 Thread added: 0x0000022d457bb060
Event: 5706.259 Thread 0x0000022d51a518e0 Thread added: 0x0000022d457bba80
Event: 5706.262 Thread 0x0000022d51a518e0 Thread added: 0x0000022d457bcec0
Event: 5706.268 Thread 0x0000022d51a518e0 Thread added: 0x0000022d457bd3d0
Event: 5706.269 Thread 0x0000022d51a518e0 Thread added: 0x0000022d457bd8e0
Event: 5706.290 Thread 0x0000022d51a518e0 Thread added: 0x0000022d457bbf90
Event: 5706.291 Thread 0x0000022d51a518e0 Thread added: 0x0000022d457bddf0


Dynamic libraries:
0x00007ff634d00000 - 0x00007ff634d0e000 	C:\Program Files\Microsoft\jdk-17.0.17.10-hotspot\bin\java.exe
0x00007ff981b40000 - 0x00007ff981da7000 	C:\WINDOWS\SYSTEM32\ntdll.dll
0x00007ff980b30000 - 0x00007ff980bf9000 	C:\WINDOWS\System32\KERNEL32.DLL
0x00007ff97e9a0000 - 0x00007ff97ed94000 	C:\WINDOWS\System32\KERNELBASE.dll
0x00007ff97e790000 - 0x00007ff97e8db000 	C:\WINDOWS\System32\ucrtbase.dll
0x00007ff90db80000 - 0x00007ff90db98000 	C:\Program Files\Microsoft\jdk-17.0.17.10-hotspot\bin\jli.dll
0x00007ff8de6d0000 - 0x00007ff8de6ee000 	C:\Program Files\Microsoft\jdk-17.0.17.10-hotspot\bin\VCRUNTIME140.dll
0x00007ff97ff00000 - 0x00007ff9800c5000 	C:\WINDOWS\System32\USER32.dll
0x00007ff95f360000 - 0x00007ff95f5f3000 	C:\WINDOWS\WinSxS\amd64_microsoft.windows.common-controls_6595b64144ccf1df_6.0.26100.8115_none_3e075c82e3354f9c\COMCTL32.dll
0x00007ff980a80000 - 0x00007ff980b29000 	C:\WINDOWS\System32\msvcrt.dll
0x00007ff97eda0000 - 0x00007ff97edc7000 	C:\WINDOWS\System32\win32u.dll
0x00007ff980110000 - 0x00007ff98013b000 	C:\WINDOWS\System32\GDI32.dll
0x00007ff97edd0000 - 0x00007ff97eefb000 	C:\WINDOWS\System32\gdi32full.dll
0x00007ff97efb0000 - 0x00007ff97f053000 	C:\WINDOWS\System32\msvcp_win.dll
0x00007ff9800d0000 - 0x00007ff980102000 	C:\WINDOWS\System32\IMM32.DLL
0x00007ff93f400000 - 0x00007ff93f40c000 	C:\Program Files\Microsoft\jdk-17.0.17.10-hotspot\bin\vcruntime140_1.dll
0x00007ff8dd140000 - 0x00007ff8dd1c9000 	C:\Program Files\Microsoft\jdk-17.0.17.10-hotspot\bin\msvcp140.dll
0x00007ff8c2790000 - 0x00007ff8c340a000 	C:\Program Files\Microsoft\jdk-17.0.17.10-hotspot\bin\server\jvm.dll
0x00007ff981160000 - 0x00007ff981216000 	C:\WINDOWS\System32\ADVAPI32.dll
0x00007ff9806f0000 - 0x00007ff980797000 	C:\WINDOWS\System32\sechost.dll
0x00007ff981040000 - 0x00007ff981158000 	C:\WINDOWS\System32\RPCRT4.dll
0x00007ff980140000 - 0x00007ff9801c0000 	C:\WINDOWS\System32\WS2_32.dll
0x00007ff9751a0000 - 0x00007ff9751d6000 	C:\WINDOWS\SYSTEM32\WINMM.dll
0x00007ff97e290000 - 0x00007ff97e2ee000 	C:\WINDOWS\SYSTEM32\POWRPROF.dll
0x00007ff96cc90000 - 0x00007ff96cc9b000 	C:\WINDOWS\SYSTEM32\VERSION.dll
0x00007ff97e270000 - 0x00007ff97e284000 	C:\WINDOWS\SYSTEM32\UMPDC.dll
0x00007ff97d170000 - 0x00007ff97d18b000 	C:\WINDOWS\SYSTEM32\kernel.appcore.dll
0x00007ff92db10000 - 0x00007ff92db1a000 	C:\Program Files\Microsoft\jdk-17.0.17.10-hotspot\bin\jimage.dll
0x00007ff97c300000 - 0x00007ff97c542000 	C:\WINDOWS\SYSTEM32\DBGHELP.DLL
0x00007ff97fb70000 - 0x00007ff97fef2000 	C:\WINDOWS\System32\combase.dll
0x00007ff97fa90000 - 0x00007ff97fb68000 	C:\WINDOWS\System32\OLEAUT32.dll
0x00007ff95d1a0000 - 0x00007ff95d1db000 	C:\WINDOWS\SYSTEM32\dbgcore.DLL
0x00007ff97ef00000 - 0x00007ff97efa5000 	C:\WINDOWS\System32\bcryptPrimitives.dll
0x00007ff92d450000 - 0x00007ff92d45f000 	C:\Program Files\Microsoft\jdk-17.0.17.10-hotspot\bin\instrument.dll
0x00007ff90f6d0000 - 0x00007ff90f6f6000 	C:\Program Files\Microsoft\jdk-17.0.17.10-hotspot\bin\java.dll
0x00007ff8de830000 - 0x00007ff8de906000 	C:\Program Files\Microsoft\jdk-17.0.17.10-hotspot\bin\jsvml.dll
0x00007ff981320000 - 0x00007ff981a87000 	C:\WINDOWS\System32\SHELL32.dll
0x00007ff97e620000 - 0x00007ff97e78a000 	C:\WINDOWS\System32\wintypes.dll
0x00007ff97f060000 - 0x00007ff97f8c8000 	C:\WINDOWS\System32\windows.storage.dll
0x00007ff9808a0000 - 0x00007ff980998000 	C:\WINDOWS\System32\SHCORE.dll
0x00007ff981a90000 - 0x00007ff981af6000 	C:\WINDOWS\System32\shlwapi.dll
0x00007ff97e330000 - 0x00007ff97e359000 	C:\WINDOWS\SYSTEM32\profapi.dll
0x00007ff90f6b0000 - 0x00007ff90f6c8000 	C:\Program Files\Microsoft\jdk-17.0.17.10-hotspot\bin\zip.dll
0x00007ff90e340000 - 0x00007ff90e35b000 	C:\Program Files\Microsoft\jdk-17.0.17.10-hotspot\bin\net.dll
0x00007ff975250000 - 0x00007ff97537d000 	C:\WINDOWS\SYSTEM32\WINHTTP.dll
0x00007ff97d6f0000 - 0x00007ff97d75c000 	C:\WINDOWS\system32\mswsock.dll
0x00007ff90dbb0000 - 0x00007ff90dbc6000 	C:\Program Files\Microsoft\jdk-17.0.17.10-hotspot\bin\nio.dll
0x00007ff90f680000 - 0x00007ff90f690000 	C:\Program Files\Microsoft\jdk-17.0.17.10-hotspot\bin\verify.dll
0x00007ff90f700000 - 0x00007ff90f727000 	C:\Users\HP\.gradle\native\1def1411415f61bf3af743bc5b6707747c0891f09f0c88961ee8f79bc544acac\windows-amd64\native-platform.dll
0x00007ff8de720000 - 0x00007ff8de797000 	C:\Users\HP\.gradle\native\0.2.8\x86_64-windows-gnu\gradle-fileevents.dll
0x00007ff90e8e0000 - 0x00007ff90e8ea000 	C:\Program Files\Microsoft\jdk-17.0.17.10-hotspot\bin\management.dll
0x00007ff90dba0000 - 0x00007ff90dbac000 	C:\Program Files\Microsoft\jdk-17.0.17.10-hotspot\bin\management_ext.dll
0x00007ff9809b0000 - 0x00007ff9809b8000 	C:\WINDOWS\System32\PSAPI.DLL
0x00007ff97cb40000 - 0x00007ff97cb72000 	C:\WINDOWS\SYSTEM32\IPHLPAPI.DLL
0x00007ff980e70000 - 0x00007ff980e7a000 	C:\WINDOWS\System32\NSI.dll
0x00007ff976ad0000 - 0x00007ff976aed000 	C:\WINDOWS\SYSTEM32\dhcpcsvc6.DLL
0x00007ff976aa0000 - 0x00007ff976ac5000 	C:\WINDOWS\SYSTEM32\dhcpcsvc.DLL
0x00007ff97cbd0000 - 0x00007ff97cd02000 	C:\WINDOWS\SYSTEM32\DNSAPI.dll
0x00007ff90cc00000 - 0x00007ff90cc09000 	C:\Program Files\Microsoft\jdk-17.0.17.10-hotspot\bin\extnet.dll
0x00007ff97d9f0000 - 0x00007ff97da0b000 	C:\WINDOWS\SYSTEM32\CRYPTSP.dll
0x00007ff97d0d0000 - 0x00007ff97d109000 	C:\WINDOWS\system32\rsaenh.dll
0x00007ff97d7a0000 - 0x00007ff97d7d3000 	C:\WINDOWS\SYSTEM32\USERENV.dll
0x00007ff97e300000 - 0x00007ff97e32a000 	C:\WINDOWS\SYSTEM32\bcrypt.dll
0x00007ff97da10000 - 0x00007ff97da1c000 	C:\WINDOWS\SYSTEM32\CRYPTBASE.dll
0x00007ff908860000 - 0x00007ff90886e000 	C:\Program Files\Microsoft\jdk-17.0.17.10-hotspot\bin\sunmscapi.dll
0x00007ff97e410000 - 0x00007ff97e587000 	C:\WINDOWS\System32\CRYPT32.dll
0x00007ff97dc10000 - 0x00007ff97dc40000 	C:\WINDOWS\SYSTEM32\ncrypt.dll
0x00007ff97dbc0000 - 0x00007ff97dbff000 	C:\WINDOWS\SYSTEM32\NTASN1.dll
0x00007ff9513e0000 - 0x00007ff9513e8000 	C:\WINDOWS\system32\wshunix.dll
0x00007ff9733e0000 - 0x00007ff9733eb000 	C:\Windows\System32\rasadhlp.dll
0x00007ff976bf0000 - 0x00007ff976c76000 	C:\WINDOWS\System32\fwpuclnt.dll
0x00007ff97d290000 - 0x00007ff97d2c6000 	C:\WINDOWS\SYSTEM32\ntmarta.dll

dbghelp: loaded successfully - version: 4.0.5 - missing functions: none
symbol engine: initialized successfully - sym options: 0x614 - pdb path: .;C:\Program Files\Microsoft\jdk-17.0.17.10-hotspot\bin;C:\WINDOWS\SYSTEM32;C:\WINDOWS\WinSxS\amd64_microsoft.windows.common-controls_6595b64144ccf1df_6.0.26100.8115_none_3e075c82e3354f9c;C:\Program Files\Microsoft\jdk-17.0.17.10-hotspot\bin\server;C:\Users\HP\.gradle\native\1def1411415f61bf3af743bc5b6707747c0891f09f0c88961ee8f79bc544acac\windows-amd64;C:\Users\HP\.gradle\native\0.2.8\x86_64-windows-gnu

VM Arguments:
jvm_args: --add-opens=java.base/java.lang=ALL-UNNAMED --add-opens=java.base/java.lang.invoke=ALL-UNNAMED --add-opens=java.base/java.util=ALL-UNNAMED --add-opens=java.prefs/java.util.prefs=ALL-UNNAMED --add-exports=jdk.compiler/com.sun.tools.javac.api=ALL-UNNAMED --add-exports=jdk.compiler/com.sun.tools.javac.util=ALL-UNNAMED --add-opens=java.base/java.util=ALL-UNNAMED --add-opens=java.prefs/java.util.prefs=ALL-UNNAMED --add-opens=java.base/java.nio.charset=ALL-UNNAMED --add-opens=java.base/java.net=ALL-UNNAMED --add-opens=java.base/java.util.concurrent=ALL-UNNAMED --add-opens=java.base/java.util.concurrent.atomic=ALL-UNNAMED --add-opens=java.xml/javax.xml.namespace=ALL-UNNAMED -XX:MaxMetaspaceSize=512m -Xmx2048m -Dfile.encoding=UTF-8 -Duser.country=IN -Duser.language=en -Duser.variant -javaagent:C:\Users\HP\.gradle\wrapper\dists\gradle-9.0.0-bin\d6wjpkvcgsg3oed0qlfss3wgl\gradle-9.0.0\lib\agents\gradle-instrumentation-agent-9.0.0.jar 
java_command: org.gradle.launcher.daemon.bootstrap.GradleDaemon 9.0.0
java_class_path (initial): C:\Users\HP\.gradle\wrapper\dists\gradle-9.0.0-bin\d6wjpkvcgsg3oed0qlfss3wgl\gradle-9.0.0\lib\gradle-daemon-main-9.0.0.jar
Launcher Type: SUN_STANDARD

[Global flags]
     intx CICompilerCount                          = 4                                         {product} {ergonomic}
   size_t CompressedClassSpaceSize                 = 436207616                                 {product} {ergonomic}
     uint ConcGCThreads                            = 3                                         {product} {ergonomic}
     uint G1ConcRefinementThreads                  = 10                                        {product} {ergonomic}
   size_t G1HeapRegionSize                         = 1048576                                   {product} {ergonomic}
    uintx GCDrainStackTargetSize                   = 64                                        {product} {ergonomic}
   size_t InitialHeapSize                          = 130023424                                 {product} {ergonomic}
   size_t MarkStackSize                            = 4194304                                   {product} {ergonomic}
   size_t MaxHeapSize                              = 2147483648                                {product} {command line}
   size_t MaxMetaspaceSize                         = 536870912                                 {product} {command line}
   size_t MaxNewSize                               = 1287651328                                {product} {ergonomic}
   size_t MinHeapDeltaBytes                        = 1048576                                   {product} {ergonomic}
   size_t MinHeapSize                              = 8388608                                   {product} {ergonomic}
    uintx NonNMethodCodeHeapSize                   = 5839372                                {pd product} {ergonomic}
    uintx NonProfiledCodeHeapSize                  = 122909434                              {pd product} {ergonomic}
    uintx ProfiledCodeHeapSize                     = 122909434                              {pd product} {ergonomic}
    uintx ReservedCodeCacheSize                    = 251658240                              {pd product} {ergonomic}
     bool SegmentedCodeCache                       = true                                      {product} {ergonomic}
   size_t SoftMaxHeapSize                          = 2147483648                             {manageable} {ergonomic}
     bool UseCompressedClassPointers               = true                           {product lp64_product} {ergonomic}
     bool UseCompressedOops                        = true                           {product lp64_product} {ergonomic}
     bool UseG1GC                                  = true                                      {product} {ergonomic}
     bool UseLargePagesIndividualAllocation        = false                                  {pd product} {ergonomic}

Logging:
Log output configuration:
 #0: stdout all=warning uptime,level,tags
 #1: stderr all=off uptime,level,tags

Environment Variables:
JAVA_HOME=C:\Program Files\Microsoft\jdk-17.0.17.10-hotspot\
PATH=C:\Users\HP\AppData\Local\Programs\Microsoft VS Code;C:\Program Files\Microsoft\jdk-17.0.17.10-hotspot\bin;C:\Program Files\Common Files\Oracle\Java\javapath;C:\WINDOWS\system32;C:\WINDOWS;C:\WINDOWS\System32\Wbem;C:\WINDOWS\System32\WindowsPowerShell\v1.0\;C:\WINDOWS\System32\OpenSSH\;C:\MinGW\bin;C:\Program Files\Git\cmd;C:\Program Files\Git\mingw64\bin;C:\Program Files\Git\usr\bin;C:\Program Files\MongoDB\Server\8.2\bin;C:\Users\HP\AppData\Local\nvm;C:\nvm4w\nodejs;C:\ProgramData\chocolatey\bin;C:\Program Files\nodejs\;C:\Program Files\Docker\Docker\resources\bin;C:\Users\HP\flutter\bin;C:\Users\HP\AppData\Local\Pub\Cache\bin;C:\Users\HP\AppData\Local\Programs\Microsoft VS Code\bin;C:\Users\HP\flutter\bin;
USERNAME=HP
OS=Windows_NT
PROCESSOR_IDENTIFIER=Intel64 Family 6 Model 154 Stepping 4, GenuineIntel
TMP=C:\Users\HP\AppData\Local\Temp
TEMP=C:\Users\HP\AppData\Local\Temp



Periodic native trim disabled


---------------  S Y S T E M  ---------------

OS:
 Windows 11 , 64 bit Build 26100 (10.0.26100.8246)
OS uptime: 0 days 1:49 hours
Hyper-V role detected

CPU: total 12 (initial active 12) (6 cores per cpu, 2 threads per core) family 6 model 154 stepping 4 microcode 0x432, cx8, cmov, fxsr, ht, mmx, 3dnowpref, sse, sse2, sse3, ssse3, sse4.1, sse4.2, popcnt, lzcnt, tsc, tscinvbit, avx, avx2, aes, erms, clmul, bmi1, bmi2, adx, sha, fma, vzeroupper, clflush, clflushopt, clwb, hv
Processor Information for processor 0
  Max Mhz: 1300, Current Mhz: 1300, Mhz Limit: 1300
Processor Information for processor 1
  Max Mhz: 1300, Current Mhz: 1300, Mhz Limit: 1300
Processor Information for processor 2
  Max Mhz: 1300, Current Mhz: 1300, Mhz Limit: 1300
Processor Information for processor 3
  Max Mhz: 1300, Current Mhz: 1300, Mhz Limit: 1300
Processor Information for processor 4
  Max Mhz: 1300, Current Mhz: 900, Mhz Limit: 897
Processor Information for processor 5
  Max Mhz: 1300, Current Mhz: 900, Mhz Limit: 897
Processor Information for processor 6
  Max Mhz: 1300, Current Mhz: 900, Mhz Limit: 897
Processor Information for processor 7
  Max Mhz: 1300, Current Mhz: 900, Mhz Limit: 897
Processor Information for processor 8
  Max Mhz: 1300, Current Mhz: 900, Mhz Limit: 897
Processor Information for processor 9
  Max Mhz: 1300, Current Mhz: 900, Mhz Limit: 897
Processor Information for processor 10
  Max Mhz: 1300, Current Mhz: 900, Mhz Limit: 897
Processor Information for processor 11
  Max Mhz: 1300, Current Mhz: 900, Mhz Limit: 897

Memory: 4k page, system-wide physical 7863M (178M free)
TotalPageFile size 24340M (AvailPageFile size 1M)
current process WorkingSet (physical memory assigned to process): 321M, peak: 891M
current process commit charge ("private bytes"): 1078M, peak: 1093M

vm_info: OpenJDK 64-Bit Server VM (17.0.17+10-LTS) for windows-amd64 JRE (17.0.17+10-LTS), built on Oct 13 2025 22:19:56 by "MicrosoftCorporation" with unknown MS VC++:1944

END.
