Initialized native services in: C:\Users\HP\.gradle\native
Initialized jansi services in: C:\Users\HP\.gradle\native
To honour the JVM settings for this build a single-use Daemon process will be forked. For more on this, please refer to https://docs.gradle.org/9.0.0/userguide/gradle_daemon.html#sec:disabling_the_daemon in the Gradle documentation.
Starting process 'Gradle build daemon'. Working directory: C:\Users\HP\.gradle\daemon\9.0.0 Command: C:\Program Files\Microsoft\jdk-17.0.17.10-hotspot\bin\java.exe --add-opens=java.base/java.lang=ALL-UNNAMED --add-opens=java.base/java.lang.invoke=ALL-UNNAMED --add-opens=java.base/java.util=ALL-UNNAMED --add-opens=java.prefs/java.util.prefs=ALL-UNNAMED --add-exports=jdk.compiler/com.sun.tools.javac.api=ALL-UNNAMED --add-exports=jdk.compiler/com.sun.tools.javac.util=ALL-UNNAMED --add-opens=java.base/java.util=ALL-UNNAMED --add-opens=java.prefs/java.util.prefs=ALL-UNNAMED --add-opens=java.base/java.nio.charset=ALL-UNNAMED --add-opens=java.base/java.net=ALL-UNNAMED --add-opens=java.base/java.util.concurrent=ALL-UNNAMED --add-opens=java.base/java.util.concurrent.atomic=ALL-UNNAMED --add-opens=java.xml/javax.xml.namespace=ALL-UNNAMED -XX:MaxMetaspaceSize=512m -Xmx2048m -Dfile.encoding=windows-1252 -Duser.country=IN -Duser.language=en -Duser.variant -cp C:\Users\HP\.gradle\wrapper\dists\gradle-9.0.0-bin\d6wjpkvcgsg3oed0qlfss3wgl\gradle-9.0.0\lib\gradle-daemon-main-9.0.0.jar -javaagent:C:\Users\HP\.gradle\wrapper\dists\gradle-9.0.0-bin\d6wjpkvcgsg3oed0qlfss3wgl\gradle-9.0.0\lib\agents\gradle-instrumentation-agent-9.0.0.jar org.gradle.launcher.daemon.bootstrap.GradleDaemon 9.0.0
Successfully started process 'Gradle build daemon'
An attempt to start the daemon took 1.897 secs.
The client will now receive all logging from the daemon (pid: 22472). The daemon log file: C:\Users\HP\.gradle\daemon\9.0.0\daemon-22472.out.log
Daemon will be stopped at the end of the build 
Using 12 worker leases.
Received JVM installation metadata from 'C:\Program Files\Microsoft\jdk-17.0.17.10-hotspot': {JAVA_HOME=C:\Program Files\Microsoft\jdk-17.0.17.10-hotspot, JAVA_VERSION=17.0.17, JAVA_VENDOR=Microsoft, RUNTIME_NAME=OpenJDK Runtime Environment, RUNTIME_VERSION=17.0.17+10-LTS, VM_NAME=OpenJDK 64-Bit Server VM, VM_VERSION=17.0.17+10-LTS, VM_VENDOR=Microsoft, OS_ARCH=amd64}
Watching the file system is configured to be enabled if available
Now considering [D:\RVU-connect\android] as hierarchies to watch
File system watching is active
Starting Build
Now considering [D:\RVU-connect\node_modules\@react-native\gradle-plugin, D:\RVU-connect\android] as hierarchies to watch
Resource missing. [HTTP HEAD: https://repo.maven.apache.org/maven2/org/gradle/toolchains/foojay-resolver-convention/org.gradle.toolchains.foojay-resolver-convention.gradle.plugin/0.5.0/org.gradle.toolchains.foojay-resolver-convention.gradle.plugin-0.5.0.pom]
Resource missing. [HTTP HEAD: https://dl.google.com/dl/android/maven2/org/gradle/toolchains/foojay-resolver-convention/org.gradle.toolchains.foojay-resolver-convention.gradle.plugin/0.5.0/org.gradle.toolchains.foojay-resolver-convention.gradle.plugin-0.5.0.pom]
Found locally available resource with matching checksum: [https://plugins.gradle.org/m2/org/gradle/toolchains/foojay-resolver-convention/org.gradle.toolchains.foojay-resolver-convention.gradle.plugin/0.5.0/org.gradle.toolchains.foojay-resolver-convention.gradle.plugin-0.5.0.pom, C:\Users\HP\.gradle\caches\modules-2\files-2.1\org.gradle.toolchains.foojay-resolver-convention\org.gradle.toolchains.foojay-resolver-convention.gradle.plugin\0.5.0\eee0c2b09319bd0288afcb9238e7b129ed80966b\org.gradle.toolchains.foojay-resolver-convention.gradle.plugin-0.5.0.pom]
Resource missing. [HTTP HEAD: https://plugins.gradle.org/m2/org/gradle/toolchains/foojay-resolver-convention/org.gradle.toolchains.foojay-resolver-convention.gradle.plugin/0.5.0/org.gradle.toolchains.foojay-resolver-convention.gradle.plugin-0.5.0.jar]
Resolved plugin [id: 'org.gradle.toolchains.foojay-resolver-convention', version: '0.5.0']
Resource missing. [HTTP HEAD: https://repo.maven.apache.org/maven2/org/gradle/toolchains/foojay-resolver/0.5.0/foojay-resolver-0.5.0.pom]
Resource missing. [HTTP HEAD: https://dl.google.com/dl/android/maven2/org/gradle/toolchains/foojay-resolver/0.5.0/foojay-resolver-0.5.0.pom]
Cached resource https://plugins.gradle.org/m2/org/gradle/toolchains/foojay-resolver/0.5.0/foojay-resolver-0.5.0.pom is up-to-date (lastModified: Mon Apr 24 20:27:19 IST 2023).
Cached resource https://plugins.gradle.org/m2/org/gradle/toolchains/foojay-resolver/0.5.0/foojay-resolver-0.5.0.module is up-to-date (lastModified: Mon Apr 24 20:27:20 IST 2023).
Cached resource https://repo.maven.apache.org/maven2/com/google/code/gson/gson/2.9.1/gson-2.9.1.pom is up-to-date (lastModified: Mon Aug 01 02:56:22 IST 2022).
Cached resource https://repo.maven.apache.org/maven2/com/google/code/gson/gson-parent/2.9.1/gson-parent-2.9.1.pom is up-to-date (lastModified: Mon Aug 01 02:56:09 IST 2022).
Cached resource https://repo.maven.apache.org/maven2/org/sonatype/oss/oss-parent/9/oss-parent-9.pom is up-to-date (lastModified: Tue Jan 28 00:45:21 IST 2014).
Cached resource https://plugins.gradle.org/m2/org/gradle/toolchains/foojay-resolver/0.5.0/foojay-resolver-0.5.0.jar is up-to-date (lastModified: Mon Apr 24 20:27:20 IST 2023).
Cached resource https://repo.maven.apache.org/maven2/com/google/code/gson/gson/2.9.1/gson-2.9.1.jar is up-to-date (lastModified: Mon Aug 01 02:56:21 IST 2022).

> Configure project :gradle-plugin
Evaluating project ':gradle-plugin' using build file 'D:\RVU-connect\node_modules\@react-native\gradle-plugin\build.gradle.kts'.
Cached resource https://repo.maven.apache.org/maven2/org/jetbrains/kotlin/jvm/org.jetbrains.kotlin.jvm.gradle.plugin/2.1.20/org.jetbrains.kotlin.jvm.gradle.plugin-2.1.20.pom is up-to-date (lastModified: Thu Mar 20 00:10:05 IST 2025).
Resource missing. [HTTP HEAD: https://repo.maven.apache.org/maven2/org/jetbrains/kotlin/jvm/org.jetbrains.kotlin.jvm.gradle.plugin/2.1.20/org.jetbrains.kotlin.jvm.gradle.plugin-2.1.20.jar]
Resolved plugin [id: 'org.jetbrains.kotlin.jvm', version: '2.1.20', apply: false]
Resource missing. [HTTP HEAD: https://repo.maven.apache.org/maven2/com/ncorti/ktfmt/gradle/com.ncorti.ktfmt.gradle.gradle.plugin/0.22.0/com.ncorti.ktfmt.gradle.gradle.plugin-0.22.0.pom]
Resource missing. [HTTP HEAD: https://dl.google.com/dl/android/maven2/com/ncorti/ktfmt/gradle/com.ncorti.ktfmt.gradle.gradle.plugin/0.22.0/com.ncorti.ktfmt.gradle.gradle.plugin-0.22.0.pom]
Found locally available resource with matching checksum: [https://plugins.gradle.org/m2/com/ncorti/ktfmt/gradle/com.ncorti.ktfmt.gradle.gradle.plugin/0.22.0/com.ncorti.ktfmt.gradle.gradle.plugin-0.22.0.pom, C:\Users\HP\.gradle\caches\modules-2\files-2.1\com.ncorti.ktfmt.gradle\com.ncorti.ktfmt.gradle.gradle.plugin\0.22.0\c7844bfb3684a281bcb326870a1acebeb435a96f\com.ncorti.ktfmt.gradle.gradle.plugin-0.22.0.pom]
Resource missing. [HTTP HEAD: https://plugins.gradle.org/m2/com/ncorti/ktfmt/gradle/com.ncorti.ktfmt.gradle.gradle.plugin/0.22.0/com.ncorti.ktfmt.gradle.gradle.plugin-0.22.0.jar]
Resolved plugin [id: 'com.ncorti.ktfmt.gradle', version: '0.22.0']
Cached resource https://repo.maven.apache.org/maven2/org/jetbrains/kotlin/kotlin-gradle-plugin/2.1.20/kotlin-gradle-plugin-2.1.20.pom is up-to-date (lastModified: Thu Mar 20 00:08:35 IST 2025).
Cached resource https://repo.maven.apache.org/maven2/org/jetbrains/kotlin/kotlin-gradle-plugins-bom/2.1.20/kotlin-gradle-plugins-bom-2.1.20.pom is up-to-date (lastModified: Thu Mar 20 00:08:48 IST 2025).
Cached resource https://repo.maven.apache.org/maven2/org/jetbrains/kotlin/kotlin-gradle-plugins-bom/2.1.20/kotlin-gradle-plugins-bom-2.1.20.module is up-to-date (lastModified: Thu Mar 20 00:08:48 IST 2025).
Cached resource https://repo.maven.apache.org/maven2/org/jetbrains/kotlin/kotlin-gradle-plugin/2.1.20/kotlin-gradle-plugin-2.1.20.module is up-to-date (lastModified: Thu Mar 20 00:08:35 IST 2025).
Resource missing. [HTTP HEAD: https://repo.maven.apache.org/maven2/com/ncorti/ktfmt/gradle/plugin/0.22.0/plugin-0.22.0.pom]
Resource missing. [HTTP HEAD: https://dl.google.com/dl/android/maven2/com/ncorti/ktfmt/gradle/plugin/0.22.0/plugin-0.22.0.pom]
Cached resource https://plugins.gradle.org/m2/com/ncorti/ktfmt/gradle/plugin/0.22.0/plugin-0.22.0.pom is up-to-date (lastModified: Thu Feb 06 17:24:39 IST 2025).
Cached resource https://plugins.gradle.org/m2/com/ncorti/ktfmt/gradle/plugin/0.22.0/plugin-0.22.0.module is up-to-date (lastModified: Thu Feb 06 17:24:39 IST 2025).
Cached resource https://repo.maven.apache.org/maven2/org/jetbrains/kotlin/kotlin-gradle-plugin-idea/2.1.20/kotlin-gradle-plugin-idea-2.1.20.pom is up-to-date (lastModified: Thu Mar 20 00:08:45 IST 2025).
Cached resource https://repo.maven.apache.org/maven2/org/jetbrains/kotlin/kotlin-gradle-plugin-idea/2.1.20/kotlin-gradle-plugin-idea-2.1.20.module is up-to-date (lastModified: Thu Mar 20 00:08:45 IST 2025).
Cached resource https://repo.maven.apache.org/maven2/org/jetbrains/kotlin/kotlin-gradle-plugin-idea-proto/2.1.20/kotlin-gradle-plugin-idea-proto-2.1.20.pom is up-to-date (lastModified: Thu Mar 20 00:08:37 IST 2025).
Cached resource https://repo.maven.apache.org/maven2/org/jetbrains/kotlin/kotlin-klib-commonizer-api/2.1.20/kotlin-klib-commonizer-api-2.1.20.pom is up-to-date (lastModified: Thu Mar 20 00:09:07 IST 2025).
Cached resource https://repo.maven.apache.org/maven2/org/jetbrains/kotlin/kotlin-util-klib-metadata/2.1.20/kotlin-util-klib-metadata-2.1.20.pom is up-to-date (lastModified: Thu Mar 20 00:09:58 IST 2025).
Cached resource https://repo.maven.apache.org/maven2/org/jetbrains/kotlin/kotlin-build-statistics/2.1.20/kotlin-build-statistics-2.1.20.pom is up-to-date (lastModified: Thu Mar 20 00:07:48 IST 2025).
Cached resource https://repo.maven.apache.org/maven2/org/jetbrains/kotlin/kotlin-gradle-plugin-api/2.1.20/kotlin-gradle-plugin-api-2.1.20.pom is up-to-date (lastModified: Thu Mar 20 00:08:45 IST 2025).
Cached resource https://repo.maven.apache.org/maven2/org/jetbrains/kotlin/kotlin-gradle-plugin-model/2.1.20/kotlin-gradle-plugin-model-2.1.20.pom is up-to-date (lastModified: Thu Mar 20 00:08:50 IST 2025).
Cached resource https://repo.maven.apache.org/maven2/org/jetbrains/kotlin/kotlin-gradle-plugin-api/2.1.20/kotlin-gradle-plugin-api-2.1.20.module is up-to-date (lastModified: Thu Mar 20 00:08:45 IST 2025).
Cached resource https://repo.maven.apache.org/maven2/org/jetbrains/kotlin/kotlin-gradle-plugin-model/2.1.20/kotlin-gradle-plugin-model-2.1.20.module is up-to-date (lastModified: Thu Mar 20 00:08:50 IST 2025).
Cached resource https://repo.maven.apache.org/maven2/org/jetbrains/kotlin/kotlin-compiler-runner/2.1.20/kotlin-compiler-runner-2.1.20.pom is up-to-date (lastModified: Thu Mar 20 00:07:52 IST 2025).
Cached resource https://repo.maven.apache.org/maven2/org/jetbrains/kotlin/fus-statistics-gradle-plugin/2.1.20/fus-statistics-gradle-plugin-2.1.20.pom is up-to-date (lastModified: Thu Mar 20 00:10:10 IST 2025).
Cached resource https://repo.maven.apache.org/maven2/org/jetbrains/kotlin/fus-statistics-gradle-plugin/2.1.20/fus-statistics-gradle-plugin-2.1.20.module is up-to-date (lastModified: Thu Mar 20 00:10:10 IST 2025).
Cached resource https://repo.maven.apache.org/maven2/io/github/java-diff-utils/java-diff-utils/4.15/java-diff-utils-4.15.pom is up-to-date (lastModified: Sun Nov 24 03:29:34 IST 2024).
Cached resource https://repo.maven.apache.org/maven2/io/github/java-diff-utils/java-diff-utils-parent/4.15/java-diff-utils-parent-4.15.pom is up-to-date (lastModified: Sun Nov 24 03:28:56 IST 2024).
Cached resource https://repo.maven.apache.org/maven2/org/jetbrains/kotlin/kotlin-stdlib/2.2.0/kotlin-stdlib-2.2.0.pom is up-to-date (lastModified: Mon Jun 23 11:47:20 IST 2025).
Cached resource https://repo.maven.apache.org/maven2/org/jetbrains/kotlin/kotlin-stdlib/2.2.0/kotlin-stdlib-2.2.0.module is up-to-date (lastModified: Mon Jun 23 11:47:20 IST 2025).
Cached resource https://repo.maven.apache.org/maven2/org/jetbrains/kotlin/kotlin-tooling-core/2.1.20/kotlin-tooling-core-2.1.20.pom is up-to-date (lastModified: Thu Mar 20 00:09:53 IST 2025).
Cached resource https://repo.maven.apache.org/maven2/org/jetbrains/kotlin/kotlin-gradle-plugin-annotations/2.1.20/kotlin-gradle-plugin-annotations-2.1.20.pom is up-to-date (lastModified: Thu Mar 20 00:07:43 IST 2025).
Cached resource https://repo.maven.apache.org/maven2/org/jetbrains/kotlin/kotlin-native-utils/2.1.20/kotlin-native-utils-2.1.20.pom is up-to-date (lastModified: Thu Mar 20 00:09:00 IST 2025).
Cached resource https://repo.maven.apache.org/maven2/com/google/code/gson/gson/2.11.0/gson-2.11.0.pom is up-to-date (lastModified: Mon May 20 00:24:42 IST 2024).
Cached resource https://repo.maven.apache.org/maven2/org/jetbrains/kotlin/kotlin-build-tools-api/2.1.20/kotlin-build-tools-api-2.1.20.pom is up-to-date (lastModified: Thu Mar 20 00:07:47 IST 2025).
Cached resource https://repo.maven.apache.org/maven2/com/google/code/gson/gson-parent/2.11.0/gson-parent-2.11.0.pom is up-to-date (lastModified: Mon May 20 00:24:23 IST 2024).
Cached resource https://repo.maven.apache.org/maven2/org/jetbrains/kotlin/kotlin-util-io/2.1.20/kotlin-util-io-2.1.20.pom is up-to-date (lastModified: Thu Mar 20 00:09:56 IST 2025).
Cached resource https://repo.maven.apache.org/maven2/org/jetbrains/kotlin/kotlin-util-klib/2.1.20/kotlin-util-klib-2.1.20.pom is up-to-date (lastModified: Thu Mar 20 00:09:55 IST 2025).
Cached resource https://repo.maven.apache.org/maven2/org/jetbrains/kotlin/kotlin-daemon-client/2.1.20/kotlin-daemon-client-2.1.20.pom is up-to-date (lastModified: Thu Mar 20 00:08:12 IST 2025).
Cached resource https://repo.maven.apache.org/maven2/org/jetbrains/kotlinx/kotlinx-coroutines-core-jvm/1.8.0/kotlinx-coroutines-core-jvm-1.8.0.pom is up-to-date (lastModified: Thu Feb 15 20:01:03 IST 2024).
Cached resource https://repo.maven.apache.org/maven2/org/jetbrains/kotlinx/kotlinx-coroutines-bom/1.8.0/kotlinx-coroutines-bom-1.8.0.pom is up-to-date (lastModified: Thu Feb 15 19:56:11 IST 2024).
Cached resource https://repo.maven.apache.org/maven2/org/jetbrains/kotlinx/kotlinx-coroutines-core-jvm/1.8.0/kotlinx-coroutines-core-jvm-1.8.0.module is up-to-date (lastModified: Thu Feb 15 20:01:04 IST 2024).
Cached resource https://repo.maven.apache.org/maven2/org/jetbrains/annotations/13.0/annotations-13.0.pom is up-to-date (lastModified: Tue Dec 17 17:40:43 IST 2013).
Cached resource https://repo.maven.apache.org/maven2/com/google/errorprone/error_prone_annotations/2.27.0/error_prone_annotations-2.27.0.pom is up-to-date (lastModified: Fri Apr 26 21:26:09 IST 2024).
Cached resource https://repo.maven.apache.org/maven2/com/google/errorprone/error_prone_parent/2.27.0/error_prone_parent-2.27.0.pom is up-to-date (lastModified: Fri Apr 26 21:26:02 IST 2024).
Cached resource https://repo.maven.apache.org/maven2/org/jetbrains/kotlin/kotlin-stdlib/2.2.0/kotlin-stdlib-2.2.0.jar is up-to-date (lastModified: Mon Jun 23 11:47:20 IST 2025).
Cached resource https://repo.maven.apache.org/maven2/org/jetbrains/annotations/13.0/annotations-13.0.jar is up-to-date (lastModified: Tue Dec 17 17:40:42 IST 2013).
Cached resource https://plugins.gradle.org/m2/com/ncorti/ktfmt/gradle/plugin/0.22.0/plugin-0.22.0.jar is up-to-date (lastModified: Thu Feb 06 17:24:39 IST 2025).
Cached resource https://repo.maven.apache.org/maven2/org/jetbrains/kotlin/kotlin-gradle-plugin-idea-proto/2.1.20/kotlin-gradle-plugin-idea-proto-2.1.20.jar is up-to-date (lastModified: Thu Mar 20 00:08:37 IST 2025).
Cached resource https://repo.maven.apache.org/maven2/org/jetbrains/kotlin/kotlin-gradle-plugin-model/2.1.20/kotlin-gradle-plugin-model-2.1.20.jar is up-to-date (lastModified: Thu Mar 20 00:08:50 IST 2025).
Cached resource https://repo.maven.apache.org/maven2/org/jetbrains/kotlin/kotlin-gradle-plugin-api/2.1.20/kotlin-gradle-plugin-api-2.1.20.jar is up-to-date (lastModified: Thu Mar 20 00:08:44 IST 2025).
Cached resource https://repo.maven.apache.org/maven2/org/jetbrains/kotlin/kotlin-klib-commonizer-api/2.1.20/kotlin-klib-commonizer-api-2.1.20.jar is up-to-date (lastModified: Thu Mar 20 00:09:07 IST 2025).
Cached resource https://repo.maven.apache.org/maven2/org/jetbrains/kotlin/kotlin-build-statistics/2.1.20/kotlin-build-statistics-2.1.20.jar is up-to-date (lastModified: Thu Mar 20 00:07:43 IST 2025).
Cached resource https://repo.maven.apache.org/maven2/org/jetbrains/kotlin/fus-statistics-gradle-plugin/2.1.20/fus-statistics-gradle-plugin-2.1.20-gradle85.jar is up-to-date (lastModified: Thu Mar 20 00:10:10 IST 2025).
Cached resource https://repo.maven.apache.org/maven2/org/jetbrains/kotlin/kotlin-gradle-plugin-api/2.1.20/kotlin-gradle-plugin-api-2.1.20-gradle85.jar is up-to-date (lastModified: Thu Mar 20 00:08:43 IST 2025).
Cached resource https://repo.maven.apache.org/maven2/org/jetbrains/kotlin/kotlin-compiler-runner/2.1.20/kotlin-compiler-runner-2.1.20.jar is up-to-date (lastModified: Thu Mar 20 00:07:52 IST 2025).
Cached resource https://repo.maven.apache.org/maven2/org/jetbrains/kotlin/kotlin-util-klib-metadata/2.1.20/kotlin-util-klib-metadata-2.1.20.jar is up-to-date (lastModified: Thu Mar 20 00:09:57 IST 2025).
Cached resource https://repo.maven.apache.org/maven2/org/jetbrains/kotlin/kotlin-native-utils/2.1.20/kotlin-native-utils-2.1.20.jar is up-to-date (lastModified: Thu Mar 20 00:09:00 IST 2025).
Cached resource https://repo.maven.apache.org/maven2/org/jetbrains/kotlin/kotlin-gradle-plugin-annotations/2.1.20/kotlin-gradle-plugin-annotations-2.1.20.jar is up-to-date (lastModified: Thu Mar 20 00:07:42 IST 2025).
Cached resource https://repo.maven.apache.org/maven2/org/jetbrains/kotlin/kotlin-build-tools-api/2.1.20/kotlin-build-tools-api-2.1.20.jar is up-to-date (lastModified: Thu Mar 20 00:07:43 IST 2025).
Cached resource https://repo.maven.apache.org/maven2/org/jetbrains/kotlin/kotlin-tooling-core/2.1.20/kotlin-tooling-core-2.1.20.jar is up-to-date (lastModified: Thu Mar 20 00:09:53 IST 2025).
Cached resource https://repo.maven.apache.org/maven2/com/google/code/gson/gson/2.11.0/gson-2.11.0.jar is up-to-date (lastModified: Mon May 20 00:24:41 IST 2024).
Cached resource https://repo.maven.apache.org/maven2/org/jetbrains/kotlin/kotlin-util-io/2.1.20/kotlin-util-io-2.1.20.jar is up-to-date (lastModified: Thu Mar 20 00:09:55 IST 2025).
Cached resource https://repo.maven.apache.org/maven2/org/jetbrains/kotlin/kotlin-util-klib/2.1.20/kotlin-util-klib-2.1.20.jar is up-to-date (lastModified: Thu Mar 20 00:09:55 IST 2025).
Cached resource https://repo.maven.apache.org/maven2/org/jetbrains/kotlin/kotlin-daemon-client/2.1.20/kotlin-daemon-client-2.1.20.jar is up-to-date (lastModified: Thu Mar 20 00:08:12 IST 2025).
Cached resource https://repo.maven.apache.org/maven2/org/jetbrains/kotlinx/kotlinx-coroutines-core-jvm/1.8.0/kotlinx-coroutines-core-jvm-1.8.0.jar is up-to-date (lastModified: Thu Feb 15 20:01:03 IST 2024).
Cached resource https://repo.maven.apache.org/maven2/com/google/errorprone/error_prone_annotations/2.27.0/error_prone_annotations-2.27.0.jar is up-to-date (lastModified: Fri Apr 26 21:26:09 IST 2024).
Cached resource https://repo.maven.apache.org/maven2/org/jetbrains/kotlin/kotlin-gradle-plugin-idea/2.1.20/kotlin-gradle-plugin-idea-2.1.20.jar is up-to-date (lastModified: Thu Mar 20 00:08:44 IST 2025).
Cached resource https://repo.maven.apache.org/maven2/org/jetbrains/kotlin/kotlin-gradle-plugin/2.1.20/kotlin-gradle-plugin-2.1.20-gradle85.jar is up-to-date (lastModified: Thu Mar 20 00:08:33 IST 2025).
Cached resource https://repo.maven.apache.org/maven2/io/github/java-diff-utils/java-diff-utils/4.15/java-diff-utils-4.15.jar is up-to-date (lastModified: Sun Nov 24 03:29:35 IST 2024).

> Configure project :gradle-plugin:react-native-gradle-plugin
Evaluating project ':gradle-plugin:react-native-gradle-plugin' using build file 'D:\RVU-connect\node_modules\@react-native\gradle-plugin\react-native-gradle-plugin\build.gradle.kts'.
Resolved plugin [id: 'org.jetbrains.kotlin.jvm', version: '2.1.20']
Resolved plugin [id: 'com.ncorti.ktfmt.gradle', version: '0.22.0']
Resolved plugin [id: 'java-gradle-plugin']
Build e23c09ff-07b7-4f89-92c8-de36da086ab8 is started
Using Kotlin Gradle Plugin gradle85 variant
kotlin scripting plugin: created the scripting discovery configuration: kotlinScriptDef
kotlin scripting plugin: created the scripting discovery configuration: testKotlinScriptDef

> Configure project :gradle-plugin:settings-plugin
Evaluating project ':gradle-plugin:settings-plugin' using build file 'D:\RVU-connect\node_modules\@react-native\gradle-plugin\settings-plugin\build.gradle.kts'.
Resolved plugin [id: 'org.jetbrains.kotlin.jvm', version: '2.1.20']
Resolved plugin [id: 'com.ncorti.ktfmt.gradle', version: '0.22.0']
Resolved plugin [id: 'java-gradle-plugin']
Using Kotlin Gradle Plugin gradle85 variant
kotlin scripting plugin: created the scripting discovery configuration: kotlinScriptDef
kotlin scripting plugin: created the scripting discovery configuration: testKotlinScriptDef

> Configure project :gradle-plugin:shared
Evaluating project ':gradle-plugin:shared' using build file 'D:\RVU-connect\node_modules\@react-native\gradle-plugin\shared\build.gradle.kts'.
Resolved plugin [id: 'org.jetbrains.kotlin.jvm', version: '2.1.20']
Resolved plugin [id: 'com.ncorti.ktfmt.gradle', version: '0.22.0']
Using Kotlin Gradle Plugin gradle85 variant
kotlin scripting plugin: created the scripting discovery configuration: kotlinScriptDef
kotlin scripting plugin: created the scripting discovery configuration: testKotlinScriptDef

> Configure project :gradle-plugin:shared-testutil
Evaluating project ':gradle-plugin:shared-testutil' using build file 'D:\RVU-connect\node_modules\@react-native\gradle-plugin\shared-testutil\build.gradle.kts'.
Resolved plugin [id: 'org.jetbrains.kotlin.jvm', version: '2.1.20']
Resolved plugin [id: 'com.ncorti.ktfmt.gradle', version: '0.22.0']
Using Kotlin Gradle Plugin gradle85 variant
kotlin scripting plugin: created the scripting discovery configuration: kotlinScriptDef
kotlin scripting plugin: created the scripting discovery configuration: testKotlinScriptDef
Resolved plugin [id: 'com.facebook.react.settings']
Starting process 'command 'C:\Program Files\Java\jdk-24\bin\java.exe''. Working directory: C:\Users\HP\.gradle\.tmp\tmp-jvm7890022390046807290probe Command: C:\Program Files\Java\jdk-24\bin\java.exe -Xmx32m -Xms32m -cp . JavaProbe
Successfully started process 'command 'C:\Program Files\Java\jdk-24\bin\java.exe''
Received JVM installation metadata from 'C:\Program Files\Java\jdk-24': {JAVA_HOME=C:\Program Files\Java\jdk-24, JAVA_VERSION=24.0.1, JAVA_VENDOR=Oracle Corporation, RUNTIME_NAME=Java(TM) SE Runtime Environment, RUNTIME_VERSION=24.0.1+9-30, VM_NAME=Java HotSpot(TM) 64-Bit Server VM, VM_VERSION=24.0.1+9-30, VM_VENDOR=Oracle Corporation, OS_ARCH=amd64}
Starting process 'command 'C:\Program Files\Java\jdk-25\bin\java.exe''. Working directory: C:\Users\HP\.gradle\.tmp\tmp-jvm13845013679727475895probe Command: C:\Program Files\Java\jdk-25\bin\java.exe -Xmx32m -Xms32m -cp . JavaProbe
Successfully started process 'command 'C:\Program Files\Java\jdk-25\bin\java.exe''
Received JVM installation metadata from 'C:\Program Files\Java\jdk-25': {JAVA_HOME=C:\Program Files\Java\jdk-25, JAVA_VERSION=25, JAVA_VENDOR=Oracle Corporation, RUNTIME_NAME=Java(TM) SE Runtime Environment, RUNTIME_VERSION=25+37-LTS-3491, VM_NAME=Java HotSpot(TM) 64-Bit Server VM, VM_VERSION=25+37-LTS-3491, VM_VENDOR=Oracle Corporation, OS_ARCH=amd64}
Resolve mutations for :gradle-plugin:settings-plugin:checkKotlinGradlePluginConfigurationErrors (Thread[Execution worker Thread 3,5,main]) started.
:gradle-plugin:settings-plugin:checkKotlinGradlePluginConfigurationErrors (Thread[Execution worker Thread 3,5,main]) started.

> Task :gradle-plugin:settings-plugin:checkKotlinGradlePluginConfigurationErrors SKIPPED
Skipping task ':gradle-plugin:settings-plugin:checkKotlinGradlePluginConfigurationErrors' as task onlyIf 'errorDiagnostics are present' is false.
Resolve mutations for :gradle-plugin:shared:checkKotlinGradlePluginConfigurationErrors (Thread[Execution worker Thread 3,5,main]) started.
:gradle-plugin:shared:checkKotlinGradlePluginConfigurationErrors (Thread[Execution worker Thread 3,5,main]) started.

> Task :gradle-plugin:shared:checkKotlinGradlePluginConfigurationErrors SKIPPED
Skipping task ':gradle-plugin:shared:checkKotlinGradlePluginConfigurationErrors' as task onlyIf 'errorDiagnostics are present' is false.
Resolve mutations for :gradle-plugin:shared:compileKotlin (Thread[Execution worker Thread 3,5,main]) started.
:gradle-plugin:shared:compileKotlin (Thread[Execution worker Thread 3,5,main]) started.

> Task :gradle-plugin:shared:compileKotlin
Cached resource https://repo.maven.apache.org/maven2/com/google/code/gson/gson/2.8.9/gson-2.8.9.pom is up-to-date (lastModified: Sat Oct 30 01:30:01 IST 2021).
Cached resource https://repo.maven.apache.org/maven2/org/jetbrains/kotlin/kotlin-stdlib/2.1.20/kotlin-stdlib-2.1.20.pom is up-to-date (lastModified: Thu Mar 20 00:09:41 IST 2025).
Cached resource https://repo.maven.apache.org/maven2/com/google/guava/guava/31.0.1-jre/guava-31.0.1-jre.pom is up-to-date (lastModified: Tue Sep 28 00:49:41 IST 2021).
Cached resource https://repo.maven.apache.org/maven2/com/google/code/gson/gson-parent/2.8.9/gson-parent-2.8.9.pom is up-to-date (lastModified: Sat Oct 30 01:29:40 IST 2021).
Cached resource https://repo.maven.apache.org/maven2/org/jetbrains/kotlin/kotlin-stdlib/2.1.20/kotlin-stdlib-2.1.20.module is up-to-date (lastModified: Thu Mar 20 00:09:41 IST 2025).
Cached resource https://repo.maven.apache.org/maven2/org/sonatype/oss/oss-parent/7/oss-parent-7.pom is up-to-date (lastModified: Mon Mar 07 18:12:48 IST 2011).
Cached resource https://repo.maven.apache.org/maven2/com/google/guava/guava-parent/31.0.1-jre/guava-parent-31.0.1-jre.pom is up-to-date (lastModified: Tue Sep 28 00:48:37 IST 2021).
Cached resource https://repo.maven.apache.org/maven2/com/google/guava/failureaccess/1.0.1/failureaccess-1.0.1.pom is up-to-date (lastModified: Mon Nov 19 23:27:27 IST 2018).
Cached resource https://repo.maven.apache.org/maven2/com/google/code/findbugs/jsr305/3.0.2/jsr305-3.0.2.pom is up-to-date (lastModified: Fri Mar 31 10:25:48 IST 2017).
Cached resource https://repo.maven.apache.org/maven2/com/google/guava/listenablefuture/9999.0-empty-to-avoid-conflict-with-guava/listenablefuture-9999.0-empty-to-avoid-conflict-with-guava.pom is up-to-date (lastModified: Wed Sep 12 01:10:43 IST 2018).
Cached resource https://repo.maven.apache.org/maven2/com/google/guava/guava-parent/26.0-android/guava-parent-26.0-android.pom is up-to-date (lastModified: Thu Aug 02 03:10:05 IST 2018).
Cached resource https://repo.maven.apache.org/maven2/com/google/errorprone/error_prone_annotations/2.7.1/error_prone_annotations-2.7.1.pom is up-to-date (lastModified: Sat May 15 04:34:56 IST 2021).
Cached resource https://repo.maven.apache.org/maven2/org/checkerframework/checker-qual/3.12.0/checker-qual-3.12.0.pom is up-to-date (lastModified: Fri Apr 02 00:18:05 IST 2021).
Cached resource https://repo.maven.apache.org/maven2/com/google/j2objc/j2objc-annotations/1.3/j2objc-annotations-1.3.pom is up-to-date (lastModified: Thu Jan 19 04:39:55 IST 2017).
Cached resource https://repo.maven.apache.org/maven2/com/google/errorprone/error_prone_parent/2.7.1/error_prone_parent-2.7.1.pom is up-to-date (lastModified: Sat May 15 04:34:29 IST 2021).
Cached resource https://repo.maven.apache.org/maven2/org/checkerframework/checker-qual/3.12.0/checker-qual-3.12.0.module is up-to-date (lastModified: Fri Apr 02 00:18:10 IST 2021).
Cached resource https://repo.maven.apache.org/maven2/com/google/code/gson/gson/2.8.9/gson-2.8.9.jar is up-to-date (lastModified: Sat Oct 30 01:30:00 IST 2021).
Cached resource https://repo.maven.apache.org/maven2/org/jetbrains/kotlin/kotlin-stdlib/2.1.20/kotlin-stdlib-2.1.20.jar is up-to-date (lastModified: Thu Mar 20 00:09:41 IST 2025).
Cached resource https://repo.maven.apache.org/maven2/com/google/guava/guava/31.0.1-jre/guava-31.0.1-jre.jar is up-to-date (lastModified: Tue Sep 28 00:49:41 IST 2021).
Cached resource https://repo.maven.apache.org/maven2/com/google/guava/failureaccess/1.0.1/failureaccess-1.0.1.jar is up-to-date (lastModified: Mon Nov 19 23:27:26 IST 2018).
Cached resource https://repo.maven.apache.org/maven2/com/google/code/findbugs/jsr305/3.0.2/jsr305-3.0.2.jar is up-to-date (lastModified: Fri Mar 31 10:25:47 IST 2017).
Cached resource https://repo.maven.apache.org/maven2/com/google/guava/listenablefuture/9999.0-empty-to-avoid-conflict-with-guava/listenablefuture-9999.0-empty-to-avoid-conflict-with-guava.jar is up-to-date (lastModified: Wed Sep 12 01:10:43 IST 2018).
Cached resource https://repo.maven.apache.org/maven2/com/google/j2objc/j2objc-annotations/1.3/j2objc-annotations-1.3.jar is up-to-date (lastModified: Thu Jan 19 04:39:54 IST 2017).
Cached resource https://repo.maven.apache.org/maven2/org/checkerframework/checker-qual/3.12.0/checker-qual-3.12.0.jar is up-to-date (lastModified: Fri Apr 02 00:18:04 IST 2021).
Cached resource https://repo.maven.apache.org/maven2/com/google/errorprone/error_prone_annotations/2.7.1/error_prone_annotations-2.7.1.jar is up-to-date (lastModified: Sat May 15 04:34:55 IST 2021).
Cached resource https://repo.maven.apache.org/maven2/org/jetbrains/kotlin/kotlin-build-tools-impl/2.1.20/kotlin-build-tools-impl-2.1.20.pom is up-to-date (lastModified: Thu Mar 20 00:07:50 IST 2025).
Cached resource https://repo.maven.apache.org/maven2/org/jetbrains/kotlin/kotlin-compiler-embeddable/2.1.20/kotlin-compiler-embeddable-2.1.20.pom is up-to-date (lastModified: Thu Mar 20 00:08:11 IST 2025).
Cached resource https://repo.maven.apache.org/maven2/org/jetbrains/kotlin/kotlin-scripting-compiler-impl-embeddable/2.1.20/kotlin-scripting-compiler-impl-embeddable-2.1.20.pom is up-to-date (lastModified: Thu Mar 20 00:09:40 IST 2025).
Cached resource https://repo.maven.apache.org/maven2/org/jetbrains/kotlin/kotlin-scripting-compiler-embeddable/2.1.20/kotlin-scripting-compiler-embeddable-2.1.20.pom is up-to-date (lastModified: Thu Mar 20 00:09:24 IST 2025).
Cached resource https://repo.maven.apache.org/maven2/org/jetbrains/kotlin/kotlin-script-runtime/2.1.20/kotlin-script-runtime-2.1.20.pom is up-to-date (lastModified: Thu Mar 20 00:09:13 IST 2025).
Cached resource https://repo.maven.apache.org/maven2/org/jetbrains/kotlin/kotlin-reflect/1.6.10/kotlin-reflect-1.6.10.pom is up-to-date (lastModified: Tue Dec 14 11:20:36 IST 2021).
Cached resource https://repo.maven.apache.org/maven2/org/jetbrains/kotlin/kotlin-daemon-embeddable/2.1.20/kotlin-daemon-embeddable-2.1.20.pom is up-to-date (lastModified: Thu Mar 20 00:08:52 IST 2025).
Cached resource https://repo.maven.apache.org/maven2/org/jetbrains/intellij/deps/trove4j/1.0.20200330/trove4j-1.0.20200330.pom is up-to-date (lastModified: Thu Apr 02 07:43:05 IST 2020).
Cached resource https://repo.maven.apache.org/maven2/org/jetbrains/kotlin/kotlin-scripting-common/2.1.20/kotlin-scripting-common-2.1.20.pom is up-to-date (lastModified: Thu Mar 20 00:10:03 IST 2025).
Cached resource https://repo.maven.apache.org/maven2/org/jetbrains/kotlin/kotlin-scripting-jvm/2.1.20/kotlin-scripting-jvm-2.1.20.pom is up-to-date (lastModified: Thu Mar 20 00:09:36 IST 2025).
Cached resource https://repo.maven.apache.org/maven2/org/jetbrains/kotlin/kotlin-scripting-common/2.1.20/kotlin-scripting-common-2.1.20.jar is up-to-date (lastModified: Thu Mar 20 00:10:03 IST 2025).
Cached resource https://repo.maven.apache.org/maven2/org/jetbrains/kotlin/kotlin-compiler-embeddable/2.1.20/kotlin-compiler-embeddable-2.1.20.jar is up-to-date (lastModified: Thu Mar 20 00:08:10 IST 2025).
Cached resource https://repo.maven.apache.org/maven2/org/jetbrains/kotlin/kotlin-scripting-compiler-impl-embeddable/2.1.20/kotlin-scripting-compiler-impl-embeddable-2.1.20.jar is up-to-date (lastModified: Thu Mar 20 00:09:40 IST 2025).
Cached resource https://repo.maven.apache.org/maven2/org/jetbrains/kotlin/kotlin-scripting-compiler-embeddable/2.1.20/kotlin-scripting-compiler-embeddable-2.1.20.jar is up-to-date (lastModified: Thu Mar 20 00:09:23 IST 2025).
Cached resource https://repo.maven.apache.org/maven2/org/jetbrains/kotlin/kotlin-reflect/1.6.10/kotlin-reflect-1.6.10.jar is up-to-date (lastModified: Tue Dec 14 11:20:35 IST 2021).
Cached resource https://repo.maven.apache.org/maven2/org/jetbrains/intellij/deps/trove4j/1.0.20200330/trove4j-1.0.20200330.jar is up-to-date (lastModified: Thu Apr 02 07:43:05 IST 2020).
Cached resource https://repo.maven.apache.org/maven2/org/jetbrains/kotlin/kotlin-scripting-jvm/2.1.20/kotlin-scripting-jvm-2.1.20.jar is up-to-date (lastModified: Thu Mar 20 00:09:35 IST 2025).
Cached resource https://repo.maven.apache.org/maven2/org/jetbrains/kotlin/kotlin-script-runtime/2.1.20/kotlin-script-runtime-2.1.20.jar is up-to-date (lastModified: Thu Mar 20 00:09:13 IST 2025).
Cached resource https://repo.maven.apache.org/maven2/org/jetbrains/kotlin/kotlin-build-tools-impl/2.1.20/kotlin-build-tools-impl-2.1.20.jar is up-to-date (lastModified: Thu Mar 20 00:07:50 IST 2025).
Cached resource https://repo.maven.apache.org/maven2/org/jetbrains/kotlin/kotlin-daemon-embeddable/2.1.20/kotlin-daemon-embeddable-2.1.20.jar is up-to-date (lastModified: Thu Mar 20 00:08:52 IST 2025).
Caching disabled for task ':gradle-plugin:shared:compileKotlin' because:
  Build cache is disabled
Skipping task ':gradle-plugin:shared:compileKotlin' as it is up-to-date.

> Task :gradle-plugin:shared:compileKotlin UP-TO-DATE
Resolve mutations for :gradle-plugin:shared:compileJava (Thread[Execution worker Thread 3,5,main]) started.
:gradle-plugin:shared:compileJava (Thread[Execution worker Thread 3,5,main]) started.

> Task :gradle-plugin:shared:compileJava NO-SOURCE
Skipping task ':gradle-plugin:shared:compileJava' as it has no source files and no previous output files.
Resolve mutations for :gradle-plugin:shared:processResources (Thread[Execution worker Thread 3,5,main]) started.
:gradle-plugin:shared:processResources (Thread[Execution worker Thread 3,5,main]) started.

> Task :gradle-plugin:shared:processResources NO-SOURCE
Skipping task ':gradle-plugin:shared:processResources' as it has no source files and no previous output files.
Resolve mutations for :gradle-plugin:shared:classes (Thread[Execution worker Thread 3,5,main]) started.
:gradle-plugin:shared:classes (Thread[Execution worker Thread 3,5,main]) started.

> Task :gradle-plugin:shared:classes UP-TO-DATE
Skipping task ':gradle-plugin:shared:classes' as it has no actions.
Resolve mutations for :gradle-plugin:shared:jar (Thread[Execution worker Thread 3,5,main]) started.
:gradle-plugin:shared:jar (Thread[Execution worker Thread 3,5,main]) started.

> Task :gradle-plugin:shared:jar UP-TO-DATE
Caching disabled for task ':gradle-plugin:shared:jar' because:
  Build cache is disabled
  Not worth caching
Skipping task ':gradle-plugin:shared:jar' as it is up-to-date.
work action resolve shared.jar (project :gradle-plugin:shared) (Thread[Execution worker Thread 3,5,main]) started.
Resolve mutations for :gradle-plugin:settings-plugin:compileKotlin (Thread[Execution worker Thread 3,5,main]) started.
:gradle-plugin:settings-plugin:compileKotlin (Thread[Execution worker Thread 3,5,main]) started.

> Task :gradle-plugin:settings-plugin:compileKotlin
Resource missing. [HTTP HEAD: https://dl.google.com/dl/android/maven2/org/jetbrains/kotlin/kotlin-stdlib/2.1.20/kotlin-stdlib-2.1.20.pom]
Resource missing. [HTTP HEAD: https://dl.google.com/dl/android/maven2/com/squareup/javapoet/1.13.0/javapoet-1.13.0.pom]
Resource missing. [HTTP HEAD: https://dl.google.com/dl/android/maven2/com/google/code/gson/gson/2.8.9/gson-2.8.9.pom]
Resource missing. [HTTP HEAD: https://dl.google.com/dl/android/maven2/com/google/guava/guava/31.0.1-jre/guava-31.0.1-jre.pom]
Cached resource https://repo.maven.apache.org/maven2/com/squareup/javapoet/1.13.0/javapoet-1.13.0.pom is up-to-date (lastModified: Thu Jun 18 21:14:24 IST 2020).
Resource missing. [HTTP HEAD: https://dl.google.com/dl/android/maven2/org/sonatype/oss/oss-parent/7/oss-parent-7.pom]
Resource missing. [HTTP HEAD: https://dl.google.com/dl/android/maven2/org/jetbrains/annotations/13.0/annotations-13.0.pom]
Resource missing. [HTTP HEAD: https://dl.google.com/dl/android/maven2/com/google/guava/failureaccess/1.0.1/failureaccess-1.0.1.pom]
Resource missing. [HTTP HEAD: https://dl.google.com/dl/android/maven2/com/google/code/findbugs/jsr305/3.0.2/jsr305-3.0.2.pom]
Resource missing. [HTTP HEAD: https://dl.google.com/dl/android/maven2/com/google/errorprone/error_prone_annotations/2.7.1/error_prone_annotations-2.7.1.pom]
Resource missing. [HTTP HEAD: https://dl.google.com/dl/android/maven2/com/google/guava/listenablefuture/9999.0-empty-to-avoid-conflict-with-guava/listenablefuture-9999.0-empty-to-avoid-conflict-with-guava.pom]
Resource missing. [HTTP HEAD: https://dl.google.com/dl/android/maven2/org/checkerframework/checker-qual/3.12.0/checker-qual-3.12.0.pom]
Resource missing. [HTTP HEAD: https://dl.google.com/dl/android/maven2/com/google/j2objc/j2objc-annotations/1.3/j2objc-annotations-1.3.pom]
Cached resource https://repo.maven.apache.org/maven2/com/squareup/javapoet/1.13.0/javapoet-1.13.0.jar is up-to-date (lastModified: Thu Jun 18 21:14:23 IST 2020).
Resource missing. [HTTP HEAD: https://dl.google.com/dl/android/maven2/org/jetbrains/kotlin/kotlin-build-tools-impl/2.1.20/kotlin-build-tools-impl-2.1.20.pom]
Resource missing. [HTTP HEAD: https://dl.google.com/dl/android/maven2/org/jetbrains/kotlin/kotlin-scripting-compiler-impl-embeddable/2.1.20/kotlin-scripting-compiler-impl-embeddable-2.1.20.pom]
Resource missing. [HTTP HEAD: https://dl.google.com/dl/android/maven2/org/jetbrains/kotlin/kotlin-compiler-runner/2.1.20/kotlin-compiler-runner-2.1.20.pom]
Resource missing. [HTTP HEAD: https://dl.google.com/dl/android/maven2/org/jetbrains/kotlin/kotlin-scripting-compiler-embeddable/2.1.20/kotlin-scripting-compiler-embeddable-2.1.20.pom]
Resource missing. [HTTP HEAD: https://dl.google.com/dl/android/maven2/org/jetbrains/kotlin/kotlin-build-tools-api/2.1.20/kotlin-build-tools-api-2.1.20.pom]
Resource missing. [HTTP HEAD: https://dl.google.com/dl/android/maven2/org/jetbrains/kotlin/kotlin-compiler-embeddable/2.1.20/kotlin-compiler-embeddable-2.1.20.pom]
Resource missing. [HTTP HEAD: https://dl.google.com/dl/android/maven2/org/jetbrains/kotlin/kotlin-reflect/1.6.10/kotlin-reflect-1.6.10.pom]
Resource missing. [HTTP HEAD: https://dl.google.com/dl/android/maven2/org/jetbrains/kotlin/kotlin-daemon-embeddable/2.1.20/kotlin-daemon-embeddable-2.1.20.pom]
Resource missing. [HTTP HEAD: https://dl.google.com/dl/android/maven2/org/jetbrains/kotlin/kotlin-script-runtime/2.1.20/kotlin-script-runtime-2.1.20.pom]
Resource missing. [HTTP HEAD: https://dl.google.com/dl/android/maven2/org/jetbrains/intellij/deps/trove4j/1.0.20200330/trove4j-1.0.20200330.pom]
Resource missing. [HTTP HEAD: https://dl.google.com/dl/android/maven2/org/jetbrains/kotlinx/kotlinx-coroutines-core-jvm/1.8.0/kotlinx-coroutines-core-jvm-1.8.0.pom]
Resource missing. [HTTP HEAD: https://dl.google.com/dl/android/maven2/org/jetbrains/kotlin/kotlin-daemon-client/2.1.20/kotlin-daemon-client-2.1.20.pom]
Resource missing. [HTTP HEAD: https://dl.google.com/dl/android/maven2/org/jetbrains/kotlin/kotlin-scripting-jvm/2.1.20/kotlin-scripting-jvm-2.1.20.pom]
Resource missing. [HTTP HEAD: https://dl.google.com/dl/android/maven2/org/jetbrains/kotlin/kotlin-scripting-common/2.1.20/kotlin-scripting-common-2.1.20.pom]
Caching disabled for task ':gradle-plugin:settings-plugin:compileKotlin' because:
  Build cache is disabled
Skipping task ':gradle-plugin:settings-plugin:compileKotlin' as it is up-to-date.

> Task :gradle-plugin:settings-plugin:compileKotlin UP-TO-DATE
Resolve mutations for :gradle-plugin:settings-plugin:compileJava (Thread[Execution worker Thread 3,5,main]) started.
:gradle-plugin:settings-plugin:compileJava (Thread[Execution worker Thread 3,5,main]) started.

> Task :gradle-plugin:settings-plugin:compileJava NO-SOURCE
Skipping task ':gradle-plugin:settings-plugin:compileJava' as it has no source files and no previous output files.
Resolve mutations for :gradle-plugin:settings-plugin:pluginDescriptors (Thread[Execution worker Thread 3,5,main]) started.
:gradle-plugin:settings-plugin:pluginDescriptors (Thread[Execution worker Thread 3,5,main]) started.

> Task :gradle-plugin:settings-plugin:pluginDescriptors UP-TO-DATE
Caching disabled for task ':gradle-plugin:settings-plugin:pluginDescriptors' because:
  Build cache is disabled
  Not worth caching
Skipping task ':gradle-plugin:settings-plugin:pluginDescriptors' as it is up-to-date.
Resolve mutations for :gradle-plugin:settings-plugin:processResources (Thread[Execution worker Thread 3,5,main]) started.
:gradle-plugin:settings-plugin:processResources (Thread[Execution worker Thread 3,5,main]) started.

> Task :gradle-plugin:settings-plugin:processResources UP-TO-DATE
Caching disabled for task ':gradle-plugin:settings-plugin:processResources' because:
  Build cache is disabled
  Not worth caching
Skipping task ':gradle-plugin:settings-plugin:processResources' as it is up-to-date.
Resolve mutations for :gradle-plugin:settings-plugin:classes (Thread[Execution worker Thread 3,5,main]) started.
:gradle-plugin:settings-plugin:classes (Thread[Execution worker Thread 3,5,main]) started.

> Task :gradle-plugin:settings-plugin:classes UP-TO-DATE
Skipping task ':gradle-plugin:settings-plugin:classes' as it has no actions.
Resolve mutations for :gradle-plugin:settings-plugin:jar (Thread[Execution worker Thread 3,5,main]) started.
:gradle-plugin:settings-plugin:jar (Thread[Execution worker Thread 3,5,main]) started.

> Task :gradle-plugin:settings-plugin:jar UP-TO-DATE
Caching disabled for task ':gradle-plugin:settings-plugin:jar' because:
  Build cache is disabled
  Not worth caching
Skipping task ':gradle-plugin:settings-plugin:jar' as it is up-to-date.
Cached resource https://plugins.gradle.org/m2/com/squareup/javapoet/1.13.0/javapoet-1.13.0.pom is up-to-date (lastModified: Thu Jun 18 21:14:24 IST 2020).
Cached resource https://plugins.gradle.org/m2/com/google/guava/guava/31.0.1-jre/guava-31.0.1-jre.pom is up-to-date (lastModified: Tue Sep 28 00:49:41 IST 2021).
Cached resource https://plugins.gradle.org/m2/org/jetbrains/kotlin/kotlin-stdlib/2.1.20/kotlin-stdlib-2.1.20.pom is up-to-date (lastModified: Thu Mar 20 00:09:41 IST 2025).
Cached resource https://plugins.gradle.org/m2/org/jetbrains/kotlin/kotlin-stdlib/2.1.20/kotlin-stdlib-2.1.20.module is up-to-date (lastModified: Thu Mar 20 00:09:41 IST 2025).
Cached resource https://plugins.gradle.org/m2/org/sonatype/oss/oss-parent/7/oss-parent-7.pom is up-to-date (lastModified: Mon Mar 07 18:12:48 IST 2011).
Cached resource https://plugins.gradle.org/m2/com/google/guava/guava-parent/31.0.1-jre/guava-parent-31.0.1-jre.pom is up-to-date (lastModified: Tue Sep 28 00:48:37 IST 2021).
Cached resource https://plugins.gradle.org/m2/com/google/code/gson/gson/2.8.9/gson-2.8.9.pom is up-to-date (lastModified: Sat Oct 30 01:30:01 IST 2021).
Cached resource https://plugins.gradle.org/m2/com/google/code/gson/gson-parent/2.8.9/gson-parent-2.8.9.pom is up-to-date (lastModified: Sat Oct 30 01:29:40 IST 2021).
Cached resource https://plugins.gradle.org/m2/org/jetbrains/annotations/13.0/annotations-13.0.pom is up-to-date (lastModified: Tue Dec 17 17:40:43 IST 2013).
Cached resource https://plugins.gradle.org/m2/com/google/guava/failureaccess/1.0.1/failureaccess-1.0.1.pom is up-to-date (lastModified: Mon Nov 19 23:27:27 IST 2018).
Cached resource https://plugins.gradle.org/m2/com/google/code/findbugs/jsr305/3.0.2/jsr305-3.0.2.pom is up-to-date (lastModified: Fri Mar 31 10:25:48 IST 2017).
Cached resource https://plugins.gradle.org/m2/org/checkerframework/checker-qual/3.12.0/checker-qual-3.12.0.pom is up-to-date (lastModified: Fri Apr 02 00:18:05 IST 2021).
Cached resource https://plugins.gradle.org/m2/com/google/guava/listenablefuture/9999.0-empty-to-avoid-conflict-with-guava/listenablefuture-9999.0-empty-to-avoid-conflict-with-guava.pom is up-to-date (lastModified: Wed Sep 12 01:10:43 IST 2018).
Cached resource https://plugins.gradle.org/m2/com/google/guava/guava-parent/26.0-android/guava-parent-26.0-android.pom is up-to-date (lastModified: Thu Aug 02 03:10:05 IST 2018).
Cached resource https://plugins.gradle.org/m2/com/google/j2objc/j2objc-annotations/1.3/j2objc-annotations-1.3.pom is up-to-date (lastModified: Thu Jan 19 04:39:55 IST 2017).
Cached resource https://plugins.gradle.org/m2/org/checkerframework/checker-qual/3.12.0/checker-qual-3.12.0.module is up-to-date (lastModified: Fri Apr 02 00:18:10 IST 2021).
Cached resource https://plugins.gradle.org/m2/org/sonatype/oss/oss-parent/9/oss-parent-9.pom is up-to-date (lastModified: Tue Jan 28 00:45:21 IST 2014).
Cached resource https://plugins.gradle.org/m2/com/google/errorprone/error_prone_annotations/2.7.1/error_prone_annotations-2.7.1.pom is up-to-date (lastModified: Sat May 15 04:34:56 IST 2021).
Cached resource https://plugins.gradle.org/m2/com/google/errorprone/error_prone_parent/2.7.1/error_prone_parent-2.7.1.pom is up-to-date (lastModified: Sat May 15 04:34:29 IST 2021).
Cached resource https://plugins.gradle.org/m2/org/checkerframework/checker-qual/3.12.0/checker-qual-3.12.0.jar is up-to-date (lastModified: Fri Apr 02 00:18:04 IST 2021).
Cached resource https://plugins.gradle.org/m2/com/google/code/findbugs/jsr305/3.0.2/jsr305-3.0.2.jar is up-to-date (lastModified: Fri Mar 31 10:25:47 IST 2017).
Cached resource https://plugins.gradle.org/m2/org/jetbrains/annotations/13.0/annotations-13.0.jar is up-to-date (lastModified: Tue Dec 17 17:40:42 IST 2013).
Cached resource https://plugins.gradle.org/m2/org/jetbrains/kotlin/kotlin-stdlib/2.1.20/kotlin-stdlib-2.1.20.jar is up-to-date (lastModified: Thu Mar 20 00:09:41 IST 2025).
Cached resource https://plugins.gradle.org/m2/com/google/guava/failureaccess/1.0.1/failureaccess-1.0.1.jar is up-to-date (lastModified: Mon Nov 19 23:27:26 IST 2018).
Cached resource https://plugins.gradle.org/m2/com/google/guava/listenablefuture/9999.0-empty-to-avoid-conflict-with-guava/listenablefuture-9999.0-empty-to-avoid-conflict-with-guava.jar is up-to-date (lastModified: Wed Sep 12 01:10:43 IST 2018).
Cached resource https://plugins.gradle.org/m2/com/squareup/javapoet/1.13.0/javapoet-1.13.0.jar is up-to-date (lastModified: Thu Jun 18 21:14:23 IST 2020).
Cached resource https://plugins.gradle.org/m2/com/google/j2objc/j2objc-annotations/1.3/j2objc-annotations-1.3.jar is up-to-date (lastModified: Thu Jan 19 04:39:54 IST 2017).
Cached resource https://plugins.gradle.org/m2/com/google/errorprone/error_prone_annotations/2.7.1/error_prone_annotations-2.7.1.jar is up-to-date (lastModified: Sat May 15 04:34:55 IST 2021).
Cached resource https://plugins.gradle.org/m2/com/google/guava/guava/31.0.1-jre/guava-31.0.1-jre.jar is up-to-date (lastModified: Tue Sep 28 00:49:41 IST 2021).
Cached resource https://plugins.gradle.org/m2/com/google/code/gson/gson/2.8.9/gson-2.8.9.jar is up-to-date (lastModified: Sat Oct 30 01:30:00 IST 2021).
Settings evaluated using settings file 'D:\RVU-connect\android\settings.gradle'.
Projects loaded. Root project using build file 'D:\RVU-connect\android\build.gradle'.
Included projects: [root project 'RVUconnect_App', project ':app', project ':react-native-firebase_app', project ':react-native-firebase_auth', project ':react-native-firebase_firestore', project ':react-native-safe-area-context', project ':react-native-screens', project ':react-native-vector-icons']
Registering project ':gradle-plugin' in composite build. Will substitute for module ':gradle-plugin-root'.
Registering project ':gradle-plugin:react-native-gradle-plugin' in composite build. Will substitute for module 'com.facebook.react:react-native-gradle-plugin'.
Registering project ':gradle-plugin:settings-plugin' in composite build. Will substitute for module 'com.facebook.react:settings-plugin'.
Registering project ':gradle-plugin:shared' in composite build. Will substitute for module 'com.facebook.react:shared'.
Registering project ':gradle-plugin:shared-testutil' in composite build. Will substitute for module 'com.facebook.react:shared-testutil'.

> Configure project :
Evaluating root project 'RVUconnect_App' using build file 'D:\RVU-connect\android\build.gradle'.
Found project 'project :gradle-plugin:react-native-gradle-plugin' as substitute for module 'com.facebook.react:react-native-gradle-plugin'.
Cached resource https://dl.google.com/dl/android/maven2/com/google/gms/google-services/4.4.0/google-services-4.4.0.pom is up-to-date (lastModified: Fri Sep 15 00:03:55 IST 2023).
Cached resource https://dl.google.com/dl/android/maven2/com/google/gms/google-services/4.4.0/google-services-4.4.0.module is up-to-date (lastModified: Fri Sep 15 00:03:55 IST 2023).
Resource missing. [HTTP HEAD: https://dl.google.com/dl/android/maven2/org/jetbrains/kotlin/kotlin-gradle-plugin/2.1.20/kotlin-gradle-plugin-2.1.20.pom]
Cached resource https://dl.google.com/dl/android/maven2/com/android/tools/build/gradle/8.12.0/gradle-8.12.0.pom is up-to-date (lastModified: Thu Jul 31 22:18:26 IST 2025).
Cached resource https://dl.google.com/dl/android/maven2/com/android/tools/build/gradle/8.12.0/gradle-8.12.0.module is up-to-date (lastModified: Thu Jul 31 22:18:26 IST 2025).
Cached resource https://dl.google.com/dl/android/maven2/com/android/tools/build/gradle-api/7.3.0/gradle-api-7.3.0.pom is up-to-date (lastModified: Thu Sep 15 22:30:00 IST 2022).
Cached resource https://dl.google.com/dl/android/maven2/com/google/android/gms/strict-version-matcher-plugin/1.2.4/strict-version-matcher-plugin-1.2.4.pom is up-to-date (lastModified: Fri Jun 24 00:06:06 IST 2022).
Resource missing. [HTTP HEAD: https://dl.google.com/dl/android/maven2/org/jetbrains/kotlin/kotlin-stdlib-jdk8/1.7.22/kotlin-stdlib-jdk8-1.7.22.pom]
Cached resource https://dl.google.com/dl/android/maven2/com/android/tools/build/gradle-api/7.3.0/gradle-api-7.3.0.module is up-to-date (lastModified: Thu Sep 15 22:30:00 IST 2022).
Cached resource https://dl.google.com/dl/android/maven2/com/google/android/gms/strict-version-matcher-plugin/1.2.4/strict-version-matcher-plugin-1.2.4.module is up-to-date (lastModified: Fri Jun 24 00:06:06 IST 2022).
Cached resource https://repo.maven.apache.org/maven2/org/jetbrains/kotlin/kotlin-stdlib-jdk8/1.7.22/kotlin-stdlib-jdk8-1.7.22.pom is up-to-date (lastModified: Mon Nov 28 15:20:29 IST 2022).
Resource missing. [HTTP HEAD: https://dl.google.com/dl/android/maven2/org/jetbrains/kotlin/kotlin-gradle-plugins-bom/2.1.20/kotlin-gradle-plugins-bom-2.1.20.pom]
Resource missing. [HTTP HEAD: https://dl.google.com/dl/android/maven2/org/jetbrains/kotlin/kotlin-gradle-plugin-idea/2.1.20/kotlin-gradle-plugin-idea-2.1.20.pom]
Resource missing. [HTTP HEAD: https://dl.google.com/dl/android/maven2/org/jetbrains/kotlin/kotlin-gradle-plugin-idea-proto/2.1.20/kotlin-gradle-plugin-idea-proto-2.1.20.pom]
Resource missing. [HTTP HEAD: https://dl.google.com/dl/android/maven2/org/jetbrains/kotlin/kotlin-klib-commonizer-api/2.1.20/kotlin-klib-commonizer-api-2.1.20.pom]
Resource missing. [HTTP HEAD: https://dl.google.com/dl/android/maven2/org/jetbrains/kotlin/kotlin-build-statistics/2.1.20/kotlin-build-statistics-2.1.20.pom]
Resource missing. [HTTP HEAD: https://dl.google.com/dl/android/maven2/org/jetbrains/kotlin/kotlin-gradle-plugin-model/2.1.20/kotlin-gradle-plugin-model-2.1.20.pom]
Resource missing. [HTTP HEAD: https://dl.google.com/dl/android/maven2/org/jetbrains/kotlin/kotlin-util-klib-metadata/2.1.20/kotlin-util-klib-metadata-2.1.20.pom]
Resource missing. [HTTP HEAD: https://dl.google.com/dl/android/maven2/org/jetbrains/kotlin/fus-statistics-gradle-plugin/2.1.20/fus-statistics-gradle-plugin-2.1.20.pom]
Resource missing. [HTTP HEAD: https://dl.google.com/dl/android/maven2/org/jetbrains/kotlin/kotlin-gradle-plugin-api/2.1.20/kotlin-gradle-plugin-api-2.1.20.pom]
Resource missing. [HTTP HEAD: https://dl.google.com/dl/android/maven2/com/google/code/gson/gson/2.11.0/gson-2.11.0.pom]
Cached resource https://dl.google.com/dl/android/maven2/com/android/tools/build/gradle-api/8.12.0/gradle-api-8.12.0.pom is up-to-date (lastModified: Thu Jul 31 22:18:26 IST 2025).
Cached resource https://dl.google.com/dl/android/maven2/com/android/tools/build/gradle-api/8.12.0/gradle-api-8.12.0.module is up-to-date (lastModified: Thu Jul 31 22:18:26 IST 2025).
Cached resource https://dl.google.com/dl/android/maven2/com/android/tools/lint/lint-typedef-remover/31.12.0/lint-typedef-remover-31.12.0.pom is up-to-date (lastModified: Thu Jul 31 22:18:26 IST 2025).
Cached resource https://dl.google.com/dl/android/maven2/com/android/tools/build/aapt2-proto/8.12.0-13700139/aapt2-proto-8.12.0-13700139.pom is up-to-date (lastModified: Thu Jul 31 22:18:26 IST 2025).
Cached resource https://dl.google.com/dl/android/maven2/com/android/tools/lint/lint-model/31.12.0/lint-model-31.12.0.pom is up-to-date (lastModified: Thu Jul 31 22:18:26 IST 2025).
Cached resource https://dl.google.com/dl/android/maven2/com/android/tools/sdk-common/31.12.0/sdk-common-31.12.0.pom is up-to-date (lastModified: Thu Jul 31 22:18:26 IST 2025).
Cached resource https://dl.google.com/dl/android/maven2/com/android/tools/build/gradle-settings-api/8.12.0/gradle-settings-api-8.12.0.pom is up-to-date (lastModified: Thu Jul 31 22:18:26 IST 2025).
Cached resource https://dl.google.com/dl/android/maven2/com/android/tools/build/aaptcompiler/8.12.0/aaptcompiler-8.12.0.pom is up-to-date (lastModified: Thu Jul 31 22:18:26 IST 2025).
Cached resource https://dl.google.com/dl/android/maven2/androidx/databinding/databinding-compiler-common/8.12.0/databinding-compiler-common-8.12.0.pom is up-to-date (lastModified: Thu Jul 31 22:18:26 IST 2025).
Cached resource https://dl.google.com/dl/android/maven2/com/android/tools/sdklib/31.12.0/sdklib-31.12.0.pom is up-to-date (lastModified: Thu Jul 31 22:18:26 IST 2025).
Cached resource https://dl.google.com/dl/android/maven2/com/android/tools/repository/31.12.0/repository-31.12.0.pom is up-to-date (lastModified: Thu Jul 31 22:18:26 IST 2025).
Cached resource https://dl.google.com/dl/android/maven2/com/android/tools/ddms/ddmlib/31.12.0/ddmlib-31.12.0.pom is up-to-date (lastModified: Thu Jul 31 22:18:26 IST 2025).
Cached resource https://dl.google.com/dl/android/maven2/com/android/tools/analytics-library/shared/31.12.0/shared-31.12.0.pom is up-to-date (lastModified: Thu Jul 31 22:18:26 IST 2025).
Cached resource https://dl.google.com/dl/android/maven2/com/android/tools/build/builder-test-api/8.12.0/builder-test-api-8.12.0.pom is up-to-date (lastModified: Thu Jul 31 22:18:26 IST 2025).
Cached resource https://dl.google.com/dl/android/maven2/com/android/tools/build/aaptcompiler/8.12.0/aaptcompiler-8.12.0.module is up-to-date (lastModified: Thu Jul 31 22:18:26 IST 2025).
Cached resource https://dl.google.com/dl/android/maven2/androidx/databinding/databinding-common/8.12.0/databinding-common-8.12.0.pom is up-to-date (lastModified: Thu Jul 31 22:18:26 IST 2025).
Cached resource https://dl.google.com/dl/android/maven2/com/android/tools/utp/android-test-plugin-host-additional-test-output-proto/31.12.0/android-test-plugin-host-additional-test-output-proto-31.12.0.pom is up-to-date (lastModified: Thu Jul 31 22:18:26 IST 2025).
Cached resource https://dl.google.com/dl/android/maven2/com/android/tools/layoutlib/layoutlib-api/31.12.0/layoutlib-api-31.12.0.pom is up-to-date (lastModified: Thu Jul 31 22:18:26 IST 2025).
Cached resource https://dl.google.com/dl/android/maven2/com/android/tools/build/aapt2-proto/8.12.0-13700139/aapt2-proto-8.12.0-13700139.module is up-to-date (lastModified: Thu Jul 31 22:18:26 IST 2025).
Cached resource https://dl.google.com/dl/android/maven2/com/android/tools/build/gradle-settings-api/8.12.0/gradle-settings-api-8.12.0.module is up-to-date (lastModified: Thu Jul 31 22:18:26 IST 2025).
Cached resource https://dl.google.com/dl/android/maven2/com/android/tools/utp/android-device-provider-gradle-proto/31.12.0/android-device-provider-gradle-proto-31.12.0.pom is up-to-date (lastModified: Thu Jul 31 22:18:26 IST 2025).
Cached resource https://dl.google.com/dl/android/maven2/com/android/databinding/baseLibrary/8.12.0/baseLibrary-8.12.0.pom is up-to-date (lastModified: Thu Jul 31 22:18:26 IST 2025).
Cached resource https://dl.google.com/dl/android/maven2/com/android/tools/build/builder-test-api/8.12.0/builder-test-api-8.12.0.module is up-to-date (lastModified: Thu Jul 31 22:18:26 IST 2025).
Cached resource https://dl.google.com/dl/android/maven2/com/android/tools/utp/android-test-plugin-host-apk-installer-proto/31.12.0/android-test-plugin-host-apk-installer-proto-31.12.0.pom is up-to-date (lastModified: Thu Jul 31 22:18:26 IST 2025).
Cached resource https://dl.google.com/dl/android/maven2/com/android/tools/analytics-library/crash/31.12.0/crash-31.12.0.pom is up-to-date (lastModified: Thu Jul 31 22:18:26 IST 2025).
Cached resource https://dl.google.com/dl/android/maven2/com/android/tools/build/transform-api/2.0.0-deprecated-use-gradle-api/transform-api-2.0.0-deprecated-use-gradle-api.pom is up-to-date (lastModified: Sat Sep 21 05:54:08 IST 2019).
Resource missing. [HTTP HEAD: https://dl.google.com/dl/android/maven2/commons-io/commons-io/2.16.1/commons-io-2.16.1.pom]
Cached resource https://dl.google.com/dl/android/maven2/com/android/tools/utp/android-test-plugin-host-emulator-control-proto/31.12.0/android-test-plugin-host-emulator-control-proto-31.12.0.pom is up-to-date (lastModified: Thu Jul 31 22:18:26 IST 2025).
Resource missing. [HTTP HEAD: https://dl.google.com/dl/android/maven2/org/apache/httpcomponents/httpmime/4.5.6/httpmime-4.5.6.pom]
Cached resource https://dl.google.com/dl/android/maven2/com/android/tools/utp/android-test-plugin-result-listener-gradle-proto/31.12.0/android-test-plugin-result-listener-gradle-proto-31.12.0.pom is up-to-date (lastModified: Thu Jul 31 22:18:26 IST 2025).
Cached resource https://dl.google.com/dl/android/maven2/com/android/tools/utp/android-device-provider-ddmlib-proto/31.12.0/android-device-provider-ddmlib-proto-31.12.0.pom is up-to-date (lastModified: Thu Jul 31 22:18:26 IST 2025).
Cached resource https://dl.google.com/dl/android/maven2/com/android/tools/utp/android-test-plugin-host-coverage-proto/31.12.0/android-test-plugin-host-coverage-proto-31.12.0.pom is up-to-date (lastModified: Thu Jul 31 22:18:26 IST 2025).
Cached resource https://dl.google.com/dl/android/maven2/com/android/tools/utp/android-device-provider-profile-proto/31.12.0/android-device-provider-profile-proto-31.12.0.pom is up-to-date (lastModified: Thu Jul 31 22:18:26 IST 2025).
Cached resource https://dl.google.com/dl/android/maven2/com/android/tools/utp/android-test-plugin-host-logcat-proto/31.12.0/android-test-plugin-host-logcat-proto-31.12.0.pom is up-to-date (lastModified: Thu Jul 31 22:18:26 IST 2025).
Resource missing. [HTTP HEAD: https://dl.google.com/dl/android/maven2/org/ow2/asm/asm-analysis/9.7.1/asm-analysis-9.7.1.pom]
Cached resource https://repo.maven.apache.org/maven2/commons-io/commons-io/2.16.1/commons-io-2.16.1.pom is up-to-date (lastModified: Fri Apr 05 06:55:32 IST 2024).
Resource missing. [HTTP HEAD: https://dl.google.com/dl/android/maven2/org/bouncycastle/bcpkix-jdk18on/1.79/bcpkix-jdk18on-1.79.pom]
Cached resource https://dl.google.com/dl/android/maven2/com/android/tools/build/bundletool/1.18.1/bundletool-1.18.1.pom is up-to-date (lastModified: Wed Mar 05 20:59:56 IST 2025).
Cached resource https://dl.google.com/dl/android/maven2/com/android/tools/build/jetifier/jetifier-core/1.0.0-beta10/jetifier-core-1.0.0-beta10.pom is up-to-date (lastModified: Wed Sep 02 22:30:00 IST 2020).
Cached resource https://dl.google.com/dl/android/maven2/com/android/tools/build/jetifier/jetifier-processor/1.0.0-beta10/jetifier-processor-1.0.0-beta10.pom is up-to-date (lastModified: Wed Sep 02 22:30:00 IST 2020).
Cached resource https://repo.maven.apache.org/maven2/org/bouncycastle/bcpkix-jdk18on/1.79/bcpkix-jdk18on-1.79.pom is up-to-date (lastModified: Wed Oct 30 07:34:11 IST 2024).
Resource missing. [HTTP HEAD: https://dl.google.com/dl/android/maven2/org/glassfish/jaxb/jaxb-runtime/2.3.2/jaxb-runtime-2.3.2.pom]
Resource missing. [HTTP HEAD: https://dl.google.com/dl/android/maven2/org/ow2/asm/asm/9.7.1/asm-9.7.1.pom]
Resource missing. [HTTP HEAD: https://dl.google.com/dl/android/maven2/net/sf/jopt-simple/jopt-simple/4.9/jopt-simple-4.9.pom]
Resource missing. [HTTP HEAD: https://dl.google.com/dl/android/maven2/org/ow2/asm/asm-util/9.7.1/asm-util-9.7.1.pom]
Cached resource https://dl.google.com/dl/android/maven2/com/android/tools/build/jetifier/jetifier-processor/1.0.0-beta10/jetifier-processor-1.0.0-beta10.module is up-to-date (lastModified: Wed Sep 02 22:30:00 IST 2020).
Cached resource https://repo.maven.apache.org/maven2/org/apache/httpcomponents/httpmime/4.5.6/httpmime-4.5.6.pom is up-to-date (lastModified: Thu Jul 05 17:13:07 IST 2018).
Cached resource https://repo.maven.apache.org/maven2/org/glassfish/jaxb/jaxb-runtime/2.3.2/jaxb-runtime-2.3.2.pom is up-to-date (lastModified: Wed Jan 02 21:02:23 IST 2019).
Resource missing. [HTTP HEAD: https://dl.google.com/dl/android/maven2/org/apache/commons/commons-parent/69/commons-parent-69.pom]
Resource missing. [HTTP HEAD: https://dl.google.com/dl/android/maven2/org/ow2/asm/asm-commons/9.7.1/asm-commons-9.7.1.pom]
Resource missing. [HTTP HEAD: https://dl.google.com/dl/android/maven2/com/google/protobuf/protobuf-java-util/3.25.5/protobuf-java-util-3.25.5.pom]
Resource missing. [HTTP HEAD: https://dl.google.com/dl/android/maven2/com/google/protobuf/protobuf-java/3.25.5/protobuf-java-3.25.5.pom]
Cached resource https://repo.maven.apache.org/maven2/org/ow2/asm/asm-analysis/9.7.1/asm-analysis-9.7.1.pom is up-to-date (lastModified: Sun Oct 06 12:56:13 IST 2024).
Cached resource https://repo.maven.apache.org/maven2/org/ow2/asm/asm-util/9.7.1/asm-util-9.7.1.pom is up-to-date (lastModified: Sun Oct 06 12:56:24 IST 2024).
Cached resource https://repo.maven.apache.org/maven2/org/apache/commons/commons-parent/69/commons-parent-69.pom is up-to-date (lastModified: Fri Mar 29 18:31:01 IST 2024).
Resource missing. [HTTP HEAD: https://dl.google.com/dl/android/maven2/org/apache/httpcomponents/httpcomponents-client/4.5.6/httpcomponents-client-4.5.6.pom]
Resource missing. [HTTP HEAD: https://dl.google.com/dl/android/maven2/io/grpc/grpc-core/1.69.1/grpc-core-1.69.1.pom]
Resource missing. [HTTP HEAD: https://dl.google.com/dl/android/maven2/com/sun/xml/bind/mvn/jaxb-runtime-parent/2.3.2/jaxb-runtime-parent-2.3.2.pom]
Cached resource https://repo.maven.apache.org/maven2/com/google/protobuf/protobuf-java/3.25.5/protobuf-java-3.25.5.pom is up-to-date (lastModified: Thu Sep 19 04:18:19 IST 2024).
Cached resource https://dl.google.com/dl/android/maven2/com/android/tools/build/jetifier/jetifier-core/1.0.0-beta10/jetifier-core-1.0.0-beta10.module is up-to-date (lastModified: Wed Sep 02 22:30:00 IST 2020).
Resource missing. [HTTP HEAD: https://dl.google.com/dl/android/maven2/org/ow2/ow2/1.5.1/ow2-1.5.1.pom]
Cached resource https://repo.maven.apache.org/maven2/org/apache/httpcomponents/httpcomponents-client/4.5.6/httpcomponents-client-4.5.6.pom is up-to-date (lastModified: Thu Jul 05 17:11:19 IST 2018).
Resource missing. [HTTP HEAD: https://dl.google.com/dl/android/maven2/org/apache/apache/31/apache-31.pom]
Cached resource https://repo.maven.apache.org/maven2/io/grpc/grpc-core/1.69.1/grpc-core-1.69.1.pom is up-to-date (lastModified: Fri Jan 17 02:37:45 IST 2025).
Cached resource https://repo.maven.apache.org/maven2/org/ow2/ow2/1.5.1/ow2-1.5.1.pom is up-to-date (lastModified: Fri Apr 09 15:58:51 IST 2021).
Resource missing. [HTTP HEAD: https://dl.google.com/dl/android/maven2/org/apache/httpcomponents/httpcomponents-parent/10/httpcomponents-parent-10.pom]
Cached resource https://repo.maven.apache.org/maven2/org/apache/apache/31/apache-31.pom is up-to-date (lastModified: Thu Nov 09 03:44:57 IST 2023).
Resource missing. [HTTP HEAD: https://dl.google.com/dl/android/maven2/io/grpc/grpc-protobuf/1.69.1/grpc-protobuf-1.69.1.pom]
Cached resource https://repo.maven.apache.org/maven2/org/ow2/asm/asm/9.7.1/asm-9.7.1.pom is up-to-date (lastModified: Sun Oct 06 12:56:10 IST 2024).
Resource missing. [HTTP HEAD: https://dl.google.com/dl/android/maven2/io/grpc/grpc-inprocess/1.69.1/grpc-inprocess-1.69.1.pom]
Cached resource https://repo.maven.apache.org/maven2/io/grpc/grpc-protobuf/1.69.1/grpc-protobuf-1.69.1.pom is up-to-date (lastModified: Fri Jan 17 02:37:15 IST 2025).
Cached resource https://repo.maven.apache.org/maven2/org/apache/httpcomponents/httpcomponents-parent/10/httpcomponents-parent-10.pom is up-to-date (lastModified: Fri Oct 27 21:40:16 IST 2017).
Resource missing. [HTTP HEAD: https://dl.google.com/dl/android/maven2/io/grpc/grpc-stub/1.69.1/grpc-stub-1.69.1.pom]
Resource missing. [HTTP HEAD: https://dl.google.com/dl/android/maven2/com/google/crypto/tink/tink/1.7.0/tink-1.7.0.pom]
Resource missing. [HTTP HEAD: https://dl.google.com/dl/android/maven2/com/google/protobuf/protobuf-parent/3.25.5/protobuf-parent-3.25.5.pom]
Cached resource https://repo.maven.apache.org/maven2/io/grpc/grpc-inprocess/1.69.1/grpc-inprocess-1.69.1.pom is up-to-date (lastModified: Fri Jan 17 02:38:14 IST 2025).
Resource missing. [HTTP HEAD: https://dl.google.com/dl/android/maven2/io/grpc/grpc-netty/1.69.1/grpc-netty-1.69.1.pom]
Resource missing. [HTTP HEAD: https://dl.google.com/dl/android/maven2/org/apache/apache/18/apache-18.pom]
Cached resource https://repo.maven.apache.org/maven2/io/grpc/grpc-stub/1.69.1/grpc-stub-1.69.1.pom is up-to-date (lastModified: Fri Jan 17 02:38:00 IST 2025).
Cached resource https://repo.maven.apache.org/maven2/com/google/crypto/tink/tink/1.7.0/tink-1.7.0.pom is up-to-date (lastModified: Wed Aug 10 07:42:41 IST 2022).
Cached resource https://repo.maven.apache.org/maven2/com/google/protobuf/protobuf-parent/3.25.5/protobuf-parent-3.25.5.pom is up-to-date (lastModified: Thu Sep 19 04:18:07 IST 2024).
Resource missing. [HTTP HEAD: https://dl.google.com/dl/android/maven2/com/google/flatbuffers/flatbuffers-java/1.12.0/flatbuffers-java-1.12.0.pom]
Cached resource https://repo.maven.apache.org/maven2/io/grpc/grpc-netty/1.69.1/grpc-netty-1.69.1.pom is up-to-date (lastModified: Fri Jan 17 02:40:11 IST 2025).
Resource missing. [HTTP HEAD: https://dl.google.com/dl/android/maven2/org/tensorflow/tensorflow-lite-metadata/0.2.0/tensorflow-lite-metadata-0.2.0.pom]
Resource missing. [HTTP HEAD: https://dl.google.com/dl/android/maven2/com/google/protobuf/protobuf-bom/3.25.5/protobuf-bom-3.25.5.pom]
Resource missing. [HTTP HEAD: https://dl.google.com/dl/android/maven2/org/junit/junit-bom/5.10.2/junit-bom-5.10.2.pom]
Cached resource https://repo.maven.apache.org/maven2/com/google/flatbuffers/flatbuffers-java/1.12.0/flatbuffers-java-1.12.0.pom is up-to-date (lastModified: Fri Mar 13 04:39:15 IST 2020).
Cached resource https://dl.google.com/dl/android/maven2/com/google/testing/platform/core-proto/0.0.9-alpha03/core-proto-0.0.9-alpha03.pom is up-to-date (lastModified: Tue Dec 17 02:36:48 IST 2024).
Cached resource https://repo.maven.apache.org/maven2/com/google/protobuf/protobuf-bom/3.25.5/protobuf-bom-3.25.5.pom is up-to-date (lastModified: Thu Sep 19 04:18:04 IST 2024).
Cached resource https://repo.maven.apache.org/maven2/org/tensorflow/tensorflow-lite-metadata/0.2.0/tensorflow-lite-metadata-0.2.0.pom is up-to-date (lastModified: Tue May 18 06:19:32 IST 2021).
Cached resource https://repo.maven.apache.org/maven2/org/junit/junit-bom/5.10.2/junit-bom-5.10.2.pom is up-to-date (lastModified: Sun Feb 04 14:05:24 IST 2024).
Cached resource https://repo.maven.apache.org/maven2/org/junit/junit-bom/5.10.2/junit-bom-5.10.2.module is up-to-date (lastModified: Sun Feb 04 14:05:25 IST 2024).
Cached resource https://dl.google.com/dl/android/maven2/com/android/tools/build/builder/8.12.0/builder-8.12.0.pom is up-to-date (lastModified: Thu Jul 31 22:18:26 IST 2025).
Cached resource https://dl.google.com/dl/android/maven2/com/android/tools/build/builder-model/8.12.0/builder-model-8.12.0.pom is up-to-date (lastModified: Thu Jul 31 22:18:26 IST 2025).
Cached resource https://dl.google.com/dl/android/maven2/com/android/tools/build/builder/8.12.0/builder-8.12.0.module is up-to-date (lastModified: Thu Jul 31 22:18:26 IST 2025).
Cached resource https://dl.google.com/dl/android/maven2/com/android/tools/build/builder-model/8.12.0/builder-model-8.12.0.module is up-to-date (lastModified: Thu Jul 31 22:18:26 IST 2025).
Cached resource https://repo.maven.apache.org/maven2/net/sf/jopt-simple/jopt-simple/4.9/jopt-simple-4.9.pom is up-to-date (lastModified: Sun Jun 28 00:18:07 IST 2015).
Cached resource https://repo.maven.apache.org/maven2/org/ow2/asm/asm-commons/9.7.1/asm-commons-9.7.1.pom is up-to-date (lastModified: Sun Oct 06 12:56:16 IST 2024).
Cached resource https://repo.maven.apache.org/maven2/com/google/protobuf/protobuf-java-util/3.25.5/protobuf-java-util-3.25.5.pom is up-to-date (lastModified: Thu Sep 19 04:18:27 IST 2024).
Cached resource https://repo.maven.apache.org/maven2/com/sun/xml/bind/mvn/jaxb-runtime-parent/2.3.2/jaxb-runtime-parent-2.3.2.pom is up-to-date (lastModified: Wed Jan 02 21:04:13 IST 2019).
Resource missing. [HTTP HEAD: https://dl.google.com/dl/android/maven2/com/sun/xml/bind/mvn/jaxb-parent/2.3.2/jaxb-parent-2.3.2.pom]
Cached resource https://repo.maven.apache.org/maven2/com/sun/xml/bind/mvn/jaxb-parent/2.3.2/jaxb-parent-2.3.2.pom is up-to-date (lastModified: Wed Jan 02 21:04:07 IST 2019).
Cached resource https://repo.maven.apache.org/maven2/org/apache/apache/18/apache-18.pom is up-to-date (lastModified: Mon May 16 02:22:10 IST 2016).
Resource missing. [HTTP HEAD: https://dl.google.com/dl/android/maven2/com/sun/xml/bind/jaxb-bom-ext/2.3.2/jaxb-bom-ext-2.3.2.pom]
Cached resource https://repo.maven.apache.org/maven2/com/sun/xml/bind/jaxb-bom-ext/2.3.2/jaxb-bom-ext-2.3.2.pom is up-to-date (lastModified: Wed Jan 02 21:04:06 IST 2019).
Resource missing. [HTTP HEAD: https://dl.google.com/dl/android/maven2/org/glassfish/jaxb/jaxb-bom/2.3.2/jaxb-bom-2.3.2.pom]
Cached resource https://repo.maven.apache.org/maven2/org/glassfish/jaxb/jaxb-bom/2.3.2/jaxb-bom-2.3.2.pom is up-to-date (lastModified: Wed Jan 02 21:02:33 IST 2019).
Resource missing. [HTTP HEAD: https://dl.google.com/dl/android/maven2/org/eclipse/ee4j/project/1.0.5/project-1.0.5.pom]
Cached resource https://repo.maven.apache.org/maven2/org/eclipse/ee4j/project/1.0.5/project-1.0.5.pom is up-to-date (lastModified: Fri Nov 09 16:44:08 IST 2018).
Resource missing. [HTTP HEAD: https://dl.google.com/dl/android/maven2/org/jetbrains/kotlin/kotlin-stdlib-jdk8/1.8.0/kotlin-stdlib-jdk8-1.8.0.pom]
Cached resource https://repo.maven.apache.org/maven2/org/jetbrains/kotlin/kotlin-stdlib-jdk8/1.8.0/kotlin-stdlib-jdk8-1.8.0.pom is up-to-date (lastModified: Wed Dec 28 01:56:25 IST 2022).
Resource missing. [HTTP HEAD: https://dl.google.com/dl/android/maven2/org/jetbrains/kotlin/kotlin-gradle-plugin-annotations/2.1.20/kotlin-gradle-plugin-annotations-2.1.20.pom]
Resource missing. [HTTP HEAD: https://dl.google.com/dl/android/maven2/org/jetbrains/kotlin/kotlin-tooling-core/2.1.20/kotlin-tooling-core-2.1.20.pom]
Resource missing. [HTTP HEAD: https://dl.google.com/dl/android/maven2/org/jetbrains/kotlin/kotlin-native-utils/2.1.20/kotlin-native-utils-2.1.20.pom]
Resource missing. [HTTP HEAD: https://dl.google.com/dl/android/maven2/org/jetbrains/kotlin/kotlin-util-klib/2.1.20/kotlin-util-klib-2.1.20.pom]
Resource missing. [HTTP HEAD: https://dl.google.com/dl/android/maven2/org/jetbrains/kotlin/kotlin-util-io/2.1.20/kotlin-util-io-2.1.20.pom]
Resource missing. [HTTP HEAD: https://dl.google.com/dl/android/maven2/com/google/errorprone/error_prone_annotations/2.27.0/error_prone_annotations-2.27.0.pom]
Resource missing. [HTTP HEAD: https://dl.google.com/dl/android/maven2/com/google/guava/guava/33.3.1-jre/guava-33.3.1-jre.pom]
Cached resource https://repo.maven.apache.org/maven2/com/google/guava/guava/33.3.1-jre/guava-33.3.1-jre.pom is up-to-date (lastModified: Tue Sep 24 01:42:57 IST 2024).
Resource missing. [HTTP HEAD: https://dl.google.com/dl/android/maven2/com/google/guava/guava-parent/33.3.1-jre/guava-parent-33.3.1-jre.pom]
Cached resource https://repo.maven.apache.org/maven2/com/google/guava/guava-parent/33.3.1-jre/guava-parent-33.3.1-jre.pom is up-to-date (lastModified: Tue Sep 24 01:39:01 IST 2024).
Cached resource https://repo.maven.apache.org/maven2/com/google/guava/guava/33.3.1-jre/guava-33.3.1-jre.module is up-to-date (lastModified: Tue Sep 24 01:42:57 IST 2024).
Resource missing. [HTTP HEAD: https://dl.google.com/dl/android/maven2/org/jetbrains/kotlin/kotlin-stdlib-jdk8/2.1.20/kotlin-stdlib-jdk8-2.1.20.pom]
Cached resource https://repo.maven.apache.org/maven2/org/jetbrains/kotlin/kotlin-stdlib-jdk8/2.1.20/kotlin-stdlib-jdk8-2.1.20.pom is up-to-date (lastModified: Thu Mar 20 00:09:50 IST 2025).
Resource missing. [HTTP HEAD: https://dl.google.com/dl/android/maven2/org/jetbrains/kotlin/kotlin-reflect/2.1.20/kotlin-reflect-2.1.20.pom]
Resource missing. [HTTP HEAD: https://dl.google.com/dl/android/maven2/net/sf/kxml/kxml2/2.3.0/kxml2-2.3.0.pom]
Resource missing. [HTTP HEAD: https://dl.google.com/dl/android/maven2/javax/inject/javax.inject/1/javax.inject-1.pom]
Resource missing. [HTTP HEAD: https://dl.google.com/dl/android/maven2/org/bouncycastle/bcprov-jdk18on/1.79/bcprov-jdk18on-1.79.pom]
Resource missing. [HTTP HEAD: https://dl.google.com/dl/android/maven2/org/apache/commons/commons-compress/1.21/commons-compress-1.21.pom]
Cached resource https://repo.maven.apache.org/maven2/org/jetbrains/kotlin/kotlin-reflect/2.1.20/kotlin-reflect-2.1.20.pom is up-to-date (lastModified: Thu Mar 20 00:09:20 IST 2025).
Cached resource https://repo.maven.apache.org/maven2/javax/inject/javax.inject/1/javax.inject-1.pom is up-to-date (lastModified: Wed Oct 14 05:05:00 IST 2009).
Cached resource https://repo.maven.apache.org/maven2/org/bouncycastle/bcprov-jdk18on/1.79/bcprov-jdk18on-1.79.pom is up-to-date (lastModified: Wed Oct 30 07:33:35 IST 2024).
Cached resource https://repo.maven.apache.org/maven2/org/apache/commons/commons-compress/1.21/commons-compress-1.21.pom is up-to-date (lastModified: Fri Jul 09 22:41:50 IST 2021).
Cached resource https://repo.maven.apache.org/maven2/net/sf/kxml/kxml2/2.3.0/kxml2-2.3.0.pom is up-to-date (lastModified: Tue Apr 21 11:34:25 IST 2009).
Cached resource https://dl.google.com/dl/android/maven2/com/android/tools/common/31.12.0/common-31.12.0.pom is up-to-date (lastModified: Thu Jul 31 22:18:26 IST 2025).
Resource missing. [HTTP HEAD: https://dl.google.com/dl/android/maven2/org/apache/commons/commons-parent/52/commons-parent-52.pom]
Cached resource https://repo.maven.apache.org/maven2/org/apache/commons/commons-parent/52/commons-parent-52.pom is up-to-date (lastModified: Thu Jul 30 23:09:54 IST 2020).
Resource missing. [HTTP HEAD: https://dl.google.com/dl/android/maven2/org/apache/apache/23/apache-23.pom]
Cached resource https://repo.maven.apache.org/maven2/org/apache/apache/23/apache-23.pom is up-to-date (lastModified: Wed Jan 22 20:41:04 IST 2020).
Resource missing. [HTTP HEAD: https://dl.google.com/dl/android/maven2/org/apache/httpcomponents/httpcore/4.4.16/httpcore-4.4.16.pom]
Cached resource https://dl.google.com/dl/android/maven2/com/android/tools/dvlib/31.12.0/dvlib-31.12.0.pom is up-to-date (lastModified: Thu Jul 31 22:18:26 IST 2025).
Cached resource https://repo.maven.apache.org/maven2/org/apache/httpcomponents/httpcore/4.4.16/httpcore-4.4.16.pom is up-to-date (lastModified: Sat Nov 26 15:15:01 IST 2022).
Resource missing. [HTTP HEAD: https://dl.google.com/dl/android/maven2/org/apache/httpcomponents/httpcomponents-core/4.4.16/httpcomponents-core-4.4.16.pom]
Cached resource https://repo.maven.apache.org/maven2/org/apache/httpcomponents/httpcomponents-core/4.4.16/httpcomponents-core-4.4.16.pom is up-to-date (lastModified: Sat Nov 26 15:14:44 IST 2022).
Resource missing. [HTTP HEAD: https://dl.google.com/dl/android/maven2/org/apache/httpcomponents/httpcomponents-parent/11/httpcomponents-parent-11.pom]
Cached resource https://repo.maven.apache.org/maven2/org/apache/httpcomponents/httpcomponents-parent/11/httpcomponents-parent-11.pom is up-to-date (lastModified: Tue Oct 30 17:18:50 IST 2018).
Resource missing. [HTTP HEAD: https://dl.google.com/dl/android/maven2/org/apache/apache/21/apache-21.pom]
Cached resource https://repo.maven.apache.org/maven2/org/apache/apache/21/apache-21.pom is up-to-date (lastModified: Sun Aug 19 00:42:15 IST 2018).
Resource missing. [HTTP HEAD: https://dl.google.com/dl/android/maven2/org/jetbrains/kotlinx/kotlinx-coroutines-core/1.9.0/kotlinx-coroutines-core-1.9.0.pom]
Resource missing. [HTTP HEAD: https://dl.google.com/dl/android/maven2/com/sun/activation/javax.activation/1.2.0/javax.activation-1.2.0.pom]
Resource missing. [HTTP HEAD: https://dl.google.com/dl/android/maven2/com/google/jimfs/jimfs/1.1/jimfs-1.1.pom]
Cached resource https://repo.maven.apache.org/maven2/org/jetbrains/kotlinx/kotlinx-coroutines-core/1.9.0/kotlinx-coroutines-core-1.9.0.pom is up-to-date (lastModified: Fri Sep 13 19:40:25 IST 2024).
Cached resource https://repo.maven.apache.org/maven2/com/sun/activation/javax.activation/1.2.0/javax.activation-1.2.0.pom is up-to-date (lastModified: Thu Sep 07 04:43:11 IST 2017).
Cached resource https://repo.maven.apache.org/maven2/com/google/jimfs/jimfs/1.1/jimfs-1.1.pom is up-to-date (lastModified: Sat Feb 13 03:43:22 IST 2016).
Resource missing. [HTTP HEAD: https://dl.google.com/dl/android/maven2/com/sun/activation/all/1.2.0/all-1.2.0.pom]
Resource missing. [HTTP HEAD: https://dl.google.com/dl/android/maven2/com/google/jimfs/jimfs-parent/1.1/jimfs-parent-1.1.pom]
Resource missing. [HTTP HEAD: https://dl.google.com/dl/android/maven2/org/jetbrains/kotlinx/kotlinx-coroutines-bom/1.9.0/kotlinx-coroutines-bom-1.9.0.pom]
Cached resource https://repo.maven.apache.org/maven2/com/sun/activation/all/1.2.0/all-1.2.0.pom is up-to-date (lastModified: Thu Sep 07 04:43:05 IST 2017).
Cached resource https://repo.maven.apache.org/maven2/org/jetbrains/kotlinx/kotlinx-coroutines-bom/1.9.0/kotlinx-coroutines-bom-1.9.0.pom is up-to-date (lastModified: Fri Sep 13 19:37:20 IST 2024).
Cached resource https://repo.maven.apache.org/maven2/com/google/jimfs/jimfs-parent/1.1/jimfs-parent-1.1.pom is up-to-date (lastModified: Sat Feb 13 03:43:08 IST 2016).
Resource missing. [HTTP HEAD: https://dl.google.com/dl/android/maven2/net/java/jvnet-parent/1/jvnet-parent-1.pom]
Cached resource https://repo.maven.apache.org/maven2/org/jetbrains/kotlinx/kotlinx-coroutines-core/1.9.0/kotlinx-coroutines-core-1.9.0.module is up-to-date (lastModified: Fri Sep 13 19:40:32 IST 2024).
Cached resource https://repo.maven.apache.org/maven2/net/java/jvnet-parent/1/jvnet-parent-1.pom is up-to-date (lastModified: Mon May 09 14:42:04 IST 2011).
Resource missing. [HTTP HEAD: https://dl.google.com/dl/android/maven2/org/jetbrains/annotations/23.0.0/annotations-23.0.0.pom]
Cached resource https://repo.maven.apache.org/maven2/org/jetbrains/annotations/23.0.0/annotations-23.0.0.pom is up-to-date (lastModified: Wed Nov 10 16:09:30 IST 2021).
Resource missing. [HTTP HEAD: https://dl.google.com/dl/android/maven2/org/apache/httpcomponents/httpclient/4.5.14/httpclient-4.5.14.pom]
Cached resource https://dl.google.com/dl/android/maven2/com/android/tools/annotations/31.12.0/annotations-31.12.0.pom is up-to-date (lastModified: Thu Jul 31 22:18:26 IST 2025).
Cached resource https://repo.maven.apache.org/maven2/org/apache/httpcomponents/httpclient/4.5.14/httpclient-4.5.14.pom is up-to-date (lastModified: Thu Dec 01 00:10:54 IST 2022).
Resource missing. [HTTP HEAD: https://dl.google.com/dl/android/maven2/org/apache/httpcomponents/httpcomponents-client/4.5.14/httpcomponents-client-4.5.14.pom]
Cached resource https://repo.maven.apache.org/maven2/org/apache/httpcomponents/httpcomponents-client/4.5.14/httpcomponents-client-4.5.14.pom is up-to-date (lastModified: Thu Dec 01 00:10:19 IST 2022).
Resource missing. [HTTP HEAD: https://dl.google.com/dl/android/maven2/net/java/dev/jna/jna-platform/5.6.0/jna-platform-5.6.0.pom]
Cached resource https://dl.google.com/dl/android/maven2/com/android/tools/analytics-library/protos/31.12.0/protos-31.12.0.pom is up-to-date (lastModified: Thu Jul 31 22:18:26 IST 2025).
Cached resource https://repo.maven.apache.org/maven2/net/java/dev/jna/jna-platform/5.6.0/jna-platform-5.6.0.pom is up-to-date (lastModified: Tue Jul 14 21:59:31 IST 2020).
Resource missing. [HTTP HEAD: https://dl.google.com/dl/android/maven2/com/googlecode/juniversalchardet/juniversalchardet/1.0.3/juniversalchardet-1.0.3.pom]
Cached resource https://repo.maven.apache.org/maven2/com/googlecode/juniversalchardet/juniversalchardet/1.0.3/juniversalchardet-1.0.3.pom is up-to-date (lastModified: Mon Sep 19 23:08:24 IST 2011).
Resource missing. [HTTP HEAD: https://dl.google.com/dl/android/maven2/javax/annotation/javax.annotation-api/1.3.2/javax.annotation-api-1.3.2.pom]
Cached resource https://repo.maven.apache.org/maven2/javax/annotation/javax.annotation-api/1.3.2/javax.annotation-api-1.3.2.pom is up-to-date (lastModified: Wed Feb 21 15:54:24 IST 2018).
Resource missing. [HTTP HEAD: https://dl.google.com/dl/android/maven2/net/java/jvnet-parent/3/jvnet-parent-3.pom]
Cached resource https://repo.maven.apache.org/maven2/net/java/jvnet-parent/3/jvnet-parent-3.pom is up-to-date (lastModified: Tue Mar 20 19:59:14 IST 2012).
Resource missing. [HTTP HEAD: https://dl.google.com/dl/android/maven2/org/ow2/asm/asm-tree/9.7.1/asm-tree-9.7.1.pom]
Cached resource https://repo.maven.apache.org/maven2/org/ow2/asm/asm-tree/9.7.1/asm-tree-9.7.1.pom is up-to-date (lastModified: Sun Oct 06 12:56:21 IST 2024).
Resource missing. [HTTP HEAD: https://dl.google.com/dl/android/maven2/org/bouncycastle/bcutil-jdk18on/1.79/bcutil-jdk18on-1.79.pom]
Cached resource https://repo.maven.apache.org/maven2/org/bouncycastle/bcutil-jdk18on/1.79/bcutil-jdk18on-1.79.pom is up-to-date (lastModified: Wed Oct 30 07:32:18 IST 2024).
Resource missing. [HTTP HEAD: https://dl.google.com/dl/android/maven2/org/glassfish/jaxb/txw2/2.3.2/txw2-2.3.2.pom]
Resource missing. [HTTP HEAD: https://dl.google.com/dl/android/maven2/jakarta/xml/bind/jakarta.xml.bind-api/2.3.2/jakarta.xml.bind-api-2.3.2.pom]
Resource missing. [HTTP HEAD: https://dl.google.com/dl/android/maven2/jakarta/activation/jakarta.activation-api/1.2.1/jakarta.activation-api-1.2.1.pom]
Resource missing. [HTTP HEAD: https://dl.google.com/dl/android/maven2/com/sun/xml/fastinfoset/FastInfoset/1.2.16/FastInfoset-1.2.16.pom]
Resource missing. [HTTP HEAD: https://dl.google.com/dl/android/maven2/com/sun/istack/istack-commons-runtime/3.0.8/istack-commons-runtime-3.0.8.pom]
Resource missing. [HTTP HEAD: https://dl.google.com/dl/android/maven2/org/jvnet/staxex/stax-ex/1.8.1/stax-ex-1.8.1.pom]
Cached resource https://repo.maven.apache.org/maven2/jakarta/xml/bind/jakarta.xml.bind-api/2.3.2/jakarta.xml.bind-api-2.3.2.pom is up-to-date (lastModified: Thu Dec 27 21:01:07 IST 2018).
Cached resource https://repo.maven.apache.org/maven2/org/glassfish/jaxb/txw2/2.3.2/txw2-2.3.2.pom is up-to-date (lastModified: Wed Jan 02 21:02:11 IST 2019).
Cached resource https://repo.maven.apache.org/maven2/jakarta/activation/jakarta.activation-api/1.2.1/jakarta.activation-api-1.2.1.pom is up-to-date (lastModified: Wed Nov 21 03:46:34 IST 2018).
Cached resource https://repo.maven.apache.org/maven2/com/sun/xml/fastinfoset/FastInfoset/1.2.16/FastInfoset-1.2.16.pom is up-to-date (lastModified: Thu Dec 27 20:04:00 IST 2018).
Cached resource https://repo.maven.apache.org/maven2/com/sun/istack/istack-commons-runtime/3.0.8/istack-commons-runtime-3.0.8.pom is up-to-date (lastModified: Thu Dec 27 20:19:38 IST 2018).
Cached resource https://repo.maven.apache.org/maven2/org/jvnet/staxex/stax-ex/1.8.1/stax-ex-1.8.1.pom is up-to-date (lastModified: Thu Dec 27 20:44:28 IST 2018).
Resource missing. [HTTP HEAD: https://dl.google.com/dl/android/maven2/com/sun/istack/istack-commons/3.0.8/istack-commons-3.0.8.pom]
Resource missing. [HTTP HEAD: https://dl.google.com/dl/android/maven2/com/sun/xml/fastinfoset/fastinfoset-project/1.2.16/fastinfoset-project-1.2.16.pom]
Cached resource https://repo.maven.apache.org/maven2/com/sun/istack/istack-commons/3.0.8/istack-commons-3.0.8.pom is up-to-date (lastModified: Thu Dec 27 20:19:39 IST 2018).
Resource missing. [HTTP HEAD: https://dl.google.com/dl/android/maven2/com/sun/activation/all/1.2.1/all-1.2.1.pom]
Resource missing. [HTTP HEAD: https://dl.google.com/dl/android/maven2/jakarta/xml/bind/jakarta.xml.bind-api-parent/2.3.2/jakarta.xml.bind-api-parent-2.3.2.pom]
Resource missing. [HTTP HEAD: https://dl.google.com/dl/android/maven2/com/sun/xml/bind/mvn/jaxb-txw-parent/2.3.2/jaxb-txw-parent-2.3.2.pom]
Cached resource https://repo.maven.apache.org/maven2/jakarta/xml/bind/jakarta.xml.bind-api-parent/2.3.2/jakarta.xml.bind-api-parent-2.3.2.pom is up-to-date (lastModified: Thu Dec 27 21:01:07 IST 2018).
Cached resource https://repo.maven.apache.org/maven2/com/sun/xml/fastinfoset/fastinfoset-project/1.2.16/fastinfoset-project-1.2.16.pom is up-to-date (lastModified: Thu Dec 27 20:04:07 IST 2018).
Cached resource https://repo.maven.apache.org/maven2/com/sun/xml/bind/mvn/jaxb-txw-parent/2.3.2/jaxb-txw-parent-2.3.2.pom is up-to-date (lastModified: Wed Jan 02 21:04:04 IST 2019).
Cached resource https://repo.maven.apache.org/maven2/com/sun/activation/all/1.2.1/all-1.2.1.pom is up-to-date (lastModified: Wed Nov 21 03:44:39 IST 2018).
Resource missing. [HTTP HEAD: https://dl.google.com/dl/android/maven2/org/eclipse/ee4j/project/1.0.2/project-1.0.2.pom]
Cached resource https://repo.maven.apache.org/maven2/org/eclipse/ee4j/project/1.0.2/project-1.0.2.pom is up-to-date (lastModified: Fri Oct 05 20:26:58 IST 2018).
Resource missing. [HTTP HEAD: https://dl.google.com/dl/android/maven2/com/google/dagger/dagger/2.28.3/dagger-2.28.3.pom]
Resource missing. [HTTP HEAD: https://dl.google.com/dl/android/maven2/com/google/auto/value/auto-value-annotations/1.6.2/auto-value-annotations-1.6.2.pom]
Resource missing. [HTTP HEAD: https://dl.google.com/dl/android/maven2/org/slf4j/slf4j-api/1.7.30/slf4j-api-1.7.30.pom]
Resource missing. [HTTP HEAD: https://dl.google.com/dl/android/maven2/org/bitbucket/b_c/jose4j/0.9.5/jose4j-0.9.5.pom]
Cached resource https://repo.maven.apache.org/maven2/com/google/dagger/dagger/2.28.3/dagger-2.28.3.pom is up-to-date (lastModified: Sat Jul 18 03:07:29 IST 2020).
Cached resource https://repo.maven.apache.org/maven2/com/google/auto/value/auto-value-annotations/1.6.2/auto-value-annotations-1.6.2.pom is up-to-date (lastModified: Tue Jun 26 21:52:26 IST 2018).
Cached resource https://repo.maven.apache.org/maven2/org/slf4j/slf4j-api/1.7.30/slf4j-api-1.7.30.pom is up-to-date (lastModified: Tue Dec 17 02:33:37 IST 2019).
Cached resource https://repo.maven.apache.org/maven2/org/bitbucket/b_c/jose4j/0.9.5/jose4j-0.9.5.pom is up-to-date (lastModified: Thu Feb 15 04:04:19 IST 2024).
Resource missing. [HTTP HEAD: https://dl.google.com/dl/android/maven2/com/google/auto/value/auto-value-parent/1.6.2/auto-value-parent-1.6.2.pom]
Resource missing. [HTTP HEAD: https://dl.google.com/dl/android/maven2/org/slf4j/slf4j-parent/1.7.30/slf4j-parent-1.7.30.pom]
Cached resource https://repo.maven.apache.org/maven2/org/slf4j/slf4j-parent/1.7.30/slf4j-parent-1.7.30.pom is up-to-date (lastModified: Tue Dec 17 02:33:27 IST 2019).
Cached resource https://repo.maven.apache.org/maven2/com/google/auto/value/auto-value-parent/1.6.2/auto-value-parent-1.6.2.pom is up-to-date (lastModified: Tue Jun 26 21:52:04 IST 2018).
Resource missing. [HTTP HEAD: https://dl.google.com/dl/android/maven2/com/google/auto/auto-parent/6/auto-parent-6.pom]
Cached resource https://repo.maven.apache.org/maven2/com/google/auto/auto-parent/6/auto-parent-6.pom is up-to-date (lastModified: Tue Jan 16 23:23:53 IST 2018).
Resource missing. [HTTP HEAD: https://dl.google.com/dl/android/maven2/org/jdom/jdom2/2.0.6/jdom2-2.0.6.pom]
Cached resource https://repo.maven.apache.org/maven2/org/jdom/jdom2/2.0.6/jdom2-2.0.6.pom is up-to-date (lastModified: Mon Feb 16 08:48:23 IST 2015).
Resource missing. [HTTP HEAD: https://dl.google.com/dl/android/maven2/com/google/j2objc/j2objc-annotations/2.8/j2objc-annotations-2.8.pom]
Cached resource https://repo.maven.apache.org/maven2/com/google/j2objc/j2objc-annotations/2.8/j2objc-annotations-2.8.pom is up-to-date (lastModified: Wed Jan 11 09:23:42 IST 2023).
Resource missing. [HTTP HEAD: https://dl.google.com/dl/android/maven2/org/sonatype/oss/oss-parent/9/oss-parent-9.pom]
Resource missing. [HTTP HEAD: https://dl.google.com/dl/android/maven2/com/google/errorprone/error_prone_annotations/2.30.0/error_prone_annotations-2.30.0.pom]
Cached resource https://repo.maven.apache.org/maven2/com/google/errorprone/error_prone_annotations/2.30.0/error_prone_annotations-2.30.0.pom is up-to-date (lastModified: Sun Aug 11 00:08:17 IST 2024).
Resource missing. [HTTP HEAD: https://dl.google.com/dl/android/maven2/com/google/errorprone/error_prone_parent/2.30.0/error_prone_parent-2.30.0.pom]
Cached resource https://repo.maven.apache.org/maven2/com/google/errorprone/error_prone_parent/2.30.0/error_prone_parent-2.30.0.pom is up-to-date (lastModified: Sun Aug 11 00:08:19 IST 2024).
Resource missing. [HTTP HEAD: https://dl.google.com/dl/android/maven2/org/codehaus/mojo/animal-sniffer-annotations/1.24/animal-sniffer-annotations-1.24.pom]
Resource missing. [HTTP HEAD: https://dl.google.com/dl/android/maven2/com/google/android/annotations/4.1.1.4/annotations-4.1.1.4.pom]
Resource missing. [HTTP HEAD: https://dl.google.com/dl/android/maven2/io/grpc/grpc-context/1.69.1/grpc-context-1.69.1.pom]
Resource missing. [HTTP HEAD: https://dl.google.com/dl/android/maven2/io/perfmark/perfmark-api/0.27.0/perfmark-api-0.27.0.pom]
Resource missing. [HTTP HEAD: https://dl.google.com/dl/android/maven2/io/grpc/grpc-api/1.69.1/grpc-api-1.69.1.pom]
Cached resource https://repo.maven.apache.org/maven2/org/codehaus/mojo/animal-sniffer-annotations/1.24/animal-sniffer-annotations-1.24.pom is up-to-date (lastModified: Thu Jul 04 19:24:02 IST 2024).
Cached resource https://repo.maven.apache.org/maven2/com/google/android/annotations/4.1.1.4/annotations-4.1.1.4.pom is up-to-date (lastModified: Sat Sep 01 05:03:43 IST 2012).
Cached resource https://repo.maven.apache.org/maven2/io/grpc/grpc-api/1.69.1/grpc-api-1.69.1.pom is up-to-date (lastModified: Fri Jan 17 02:40:32 IST 2025).
Cached resource https://repo.maven.apache.org/maven2/io/grpc/grpc-context/1.69.1/grpc-context-1.69.1.pom is up-to-date (lastModified: Fri Jan 17 02:38:25 IST 2025).
Resource missing. [HTTP HEAD: https://dl.google.com/dl/android/maven2/org/codehaus/mojo/animal-sniffer-parent/1.24/animal-sniffer-parent-1.24.pom]
Cached resource https://repo.maven.apache.org/maven2/org/codehaus/mojo/animal-sniffer-parent/1.24/animal-sniffer-parent-1.24.pom is up-to-date (lastModified: Thu Jul 04 19:22:42 IST 2024).
Cached resource https://repo.maven.apache.org/maven2/io/perfmark/perfmark-api/0.27.0/perfmark-api-0.27.0.pom is up-to-date (lastModified: Thu Dec 21 12:17:38 IST 2023).
Cached resource https://repo.maven.apache.org/maven2/io/perfmark/perfmark-api/0.27.0/perfmark-api-0.27.0.module is up-to-date (lastModified: Thu Dec 21 12:17:41 IST 2023).
Resource missing. [HTTP HEAD: https://dl.google.com/dl/android/maven2/org/codehaus/mojo/mojo-parent/84/mojo-parent-84.pom]
Cached resource https://repo.maven.apache.org/maven2/org/codehaus/mojo/mojo-parent/84/mojo-parent-84.pom is up-to-date (lastModified: Fri Jun 14 03:43:15 IST 2024).
Resource missing. [HTTP HEAD: https://dl.google.com/dl/android/maven2/io/grpc/grpc-util/1.69.1/grpc-util-1.69.1.pom]
Resource missing. [HTTP HEAD: https://dl.google.com/dl/android/maven2/io/netty/netty-transport-native-unix-common/4.1.110.Final/netty-transport-native-unix-common-4.1.110.Final.pom]
Cached resource https://repo.maven.apache.org/maven2/io/grpc/grpc-util/1.69.1/grpc-util-1.69.1.pom is up-to-date (lastModified: Fri Jan 17 02:38:42 IST 2025).
Cached resource https://repo.maven.apache.org/maven2/io/netty/netty-transport-native-unix-common/4.1.110.Final/netty-transport-native-unix-common-4.1.110.Final.pom is up-to-date (lastModified: Wed May 22 15:40:01 IST 2024).
Resource missing. [HTTP HEAD: https://dl.google.com/dl/android/maven2/io/netty/netty-handler-proxy/4.1.110.Final/netty-handler-proxy-4.1.110.Final.pom]
Resource missing. [HTTP HEAD: https://dl.google.com/dl/android/maven2/io/netty/netty-parent/4.1.110.Final/netty-parent-4.1.110.Final.pom]
Resource missing. [HTTP HEAD: https://dl.google.com/dl/android/maven2/io/netty/netty-codec-http2/4.1.110.Final/netty-codec-http2-4.1.110.Final.pom]
Cached resource https://repo.maven.apache.org/maven2/io/netty/netty-parent/4.1.110.Final/netty-parent-4.1.110.Final.pom is up-to-date (lastModified: Wed May 22 15:42:11 IST 2024).
Cached resource https://repo.maven.apache.org/maven2/io/netty/netty-handler-proxy/4.1.110.Final/netty-handler-proxy-4.1.110.Final.pom is up-to-date (lastModified: Wed May 22 12:20:31 IST 2024).
Cached resource https://repo.maven.apache.org/maven2/io/netty/netty-codec-http2/4.1.110.Final/netty-codec-http2-4.1.110.Final.pom is up-to-date (lastModified: Wed May 22 12:20:29 IST 2024).
Resource missing. [HTTP HEAD: https://dl.google.com/dl/android/maven2/io/grpc/grpc-protobuf-lite/1.69.1/grpc-protobuf-lite-1.69.1.pom]
Resource missing. [HTTP HEAD: https://dl.google.com/dl/android/maven2/com/google/api/grpc/proto-google-common-protos/2.48.0/proto-google-common-protos-2.48.0.pom]
Cached resource https://repo.maven.apache.org/maven2/com/google/api/grpc/proto-google-common-protos/2.48.0/proto-google-common-protos-2.48.0.pom is up-to-date (lastModified: Sat Oct 26 01:11:40 IST 2024).
Cached resource https://repo.maven.apache.org/maven2/io/grpc/grpc-protobuf-lite/1.69.1/grpc-protobuf-lite-1.69.1.pom is up-to-date (lastModified: Fri Jan 17 02:38:36 IST 2025).
Resource missing. [HTTP HEAD: https://dl.google.com/dl/android/maven2/org/checkerframework/checker-qual/2.5.8/checker-qual-2.5.8.pom]
Cached resource https://repo.maven.apache.org/maven2/org/checkerframework/checker-qual/2.5.8/checker-qual-2.5.8.pom is up-to-date (lastModified: Thu Dec 06 05:22:45 IST 2018).
Cached resource https://dl.google.com/dl/android/maven2/com/android/tools/build/manifest-merger/31.12.0/manifest-merger-31.12.0.pom is up-to-date (lastModified: Thu Jul 31 22:18:26 IST 2025).
Cached resource https://dl.google.com/dl/android/maven2/com/android/signflinger/8.12.0/signflinger-8.12.0.pom is up-to-date (lastModified: Thu Jul 31 22:18:26 IST 2025).
Cached resource https://dl.google.com/dl/android/maven2/com/android/zipflinger/8.12.0/zipflinger-8.12.0.pom is up-to-date (lastModified: Thu Jul 31 22:18:26 IST 2025).
Cached resource https://dl.google.com/dl/android/maven2/com/android/tools/build/apksig/8.12.0/apksig-8.12.0.pom is up-to-date (lastModified: Thu Jul 31 22:18:26 IST 2025).
Cached resource https://dl.google.com/dl/android/maven2/com/android/tools/build/apkzlib/8.12.0/apkzlib-8.12.0.pom is up-to-date (lastModified: Thu Jul 31 22:18:26 IST 2025).
Resource missing. [HTTP HEAD: https://dl.google.com/dl/android/maven2/com/squareup/javawriter/2.5.0/javawriter-2.5.0.pom]
Cached resource https://dl.google.com/dl/android/maven2/com/android/tools/analytics-library/tracker/31.12.0/tracker-31.12.0.pom is up-to-date (lastModified: Thu Jul 31 22:18:26 IST 2025).
Cached resource https://repo.maven.apache.org/maven2/com/squareup/javawriter/2.5.0/javawriter-2.5.0.pom is up-to-date (lastModified: Sat Apr 19 00:53:29 IST 2014).
Cached resource https://dl.google.com/dl/android/maven2/com/android/tools/build/manifest-merger/31.12.0/manifest-merger-31.12.0.module is up-to-date (lastModified: Thu Jul 31 22:18:26 IST 2025).
Resource missing. [HTTP HEAD: https://dl.google.com/dl/android/maven2/org/checkerframework/checker-qual/3.43.0/checker-qual-3.43.0.pom]
Cached resource https://repo.maven.apache.org/maven2/org/checkerframework/checker-qual/3.43.0/checker-qual-3.43.0.pom is up-to-date (lastModified: Thu May 02 00:33:24 IST 2024).
Cached resource https://repo.maven.apache.org/maven2/org/checkerframework/checker-qual/3.43.0/checker-qual-3.43.0.module is up-to-date (lastModified: Thu May 02 00:33:25 IST 2024).
Resource missing. [HTTP HEAD: https://dl.google.com/dl/android/maven2/com/google/j2objc/j2objc-annotations/3.0.0/j2objc-annotations-3.0.0.pom]
Cached resource https://repo.maven.apache.org/maven2/com/google/j2objc/j2objc-annotations/3.0.0/j2objc-annotations-3.0.0.pom is up-to-date (lastModified: Sat Mar 09 22:42:57 IST 2024).
Resource missing. [HTTP HEAD: https://dl.google.com/dl/android/maven2/com/google/guava/failureaccess/1.0.2/failureaccess-1.0.2.pom]
Cached resource https://repo.maven.apache.org/maven2/com/google/guava/failureaccess/1.0.2/failureaccess-1.0.2.pom is up-to-date (lastModified: Tue Oct 17 18:46:09 IST 2023).
Resource missing. [HTTP HEAD: https://dl.google.com/dl/android/maven2/com/google/guava/guava-parent/26.0-android/guava-parent-26.0-android.pom]
Resource missing. [HTTP HEAD: https://dl.google.com/dl/android/maven2/org/jetbrains/kotlin/kotlin-stdlib-jdk7/2.1.20/kotlin-stdlib-jdk7-2.1.20.pom]
Cached resource https://repo.maven.apache.org/maven2/org/jetbrains/kotlin/kotlin-stdlib-jdk7/2.1.20/kotlin-stdlib-jdk7-2.1.20.pom is up-to-date (lastModified: Thu Mar 20 00:09:40 IST 2025).
Resource missing. [HTTP HEAD: https://dl.google.com/dl/android/maven2/org/jetbrains/kotlinx/kotlinx-coroutines-core-jvm/1.9.0/kotlinx-coroutines-core-jvm-1.9.0.pom]
Cached resource https://repo.maven.apache.org/maven2/org/jetbrains/kotlinx/kotlinx-coroutines-core-jvm/1.9.0/kotlinx-coroutines-core-jvm-1.9.0.pom is up-to-date (lastModified: Fri Sep 13 19:40:19 IST 2024).
Cached resource https://repo.maven.apache.org/maven2/org/jetbrains/kotlinx/kotlinx-coroutines-core-jvm/1.9.0/kotlinx-coroutines-core-jvm-1.9.0.module is up-to-date (lastModified: Fri Sep 13 19:40:20 IST 2024).
Resource missing. [HTTP HEAD: https://dl.google.com/dl/android/maven2/commons-codec/commons-codec/1.11/commons-codec-1.11.pom]
Resource missing. [HTTP HEAD: https://dl.google.com/dl/android/maven2/commons-logging/commons-logging/1.2/commons-logging-1.2.pom]
Cached resource https://repo.maven.apache.org/maven2/commons-codec/commons-codec/1.11/commons-codec-1.11.pom is up-to-date (lastModified: Tue Oct 17 20:24:30 IST 2017).
Cached resource https://repo.maven.apache.org/maven2/commons-logging/commons-logging/1.2/commons-logging-1.2.pom is up-to-date (lastModified: Sat Jul 05 23:42:28 IST 2014).
Resource missing. [HTTP HEAD: https://dl.google.com/dl/android/maven2/org/apache/commons/commons-parent/34/commons-parent-34.pom]
Resource missing. [HTTP HEAD: https://dl.google.com/dl/android/maven2/org/apache/commons/commons-parent/42/commons-parent-42.pom]
Cached resource https://repo.maven.apache.org/maven2/org/apache/commons/commons-parent/34/commons-parent-34.pom is up-to-date (lastModified: Sun Apr 13 16:44:52 IST 2014).
Resource missing. [HTTP HEAD: https://dl.google.com/dl/android/maven2/org/apache/apache/13/apache-13.pom]
Cached resource https://repo.maven.apache.org/maven2/org/apache/commons/commons-parent/42/commons-parent-42.pom is up-to-date (lastModified: Sat Dec 24 19:49:29 IST 2016).
Cached resource https://repo.maven.apache.org/maven2/org/apache/apache/13/apache-13.pom is up-to-date (lastModified: Thu Jan 17 20:53:18 IST 2013).
Resource missing. [HTTP HEAD: https://dl.google.com/dl/android/maven2/net/java/dev/jna/jna/5.6.0/jna-5.6.0.pom]
Cached resource https://repo.maven.apache.org/maven2/net/java/dev/jna/jna/5.6.0/jna-5.6.0.pom is up-to-date (lastModified: Tue Jul 14 21:55:38 IST 2020).
Resource missing. [HTTP HEAD: https://dl.google.com/dl/android/maven2/io/netty/netty-handler/4.1.110.Final/netty-handler-4.1.110.Final.pom]
Resource missing. [HTTP HEAD: https://dl.google.com/dl/android/maven2/io/netty/netty-buffer/4.1.110.Final/netty-buffer-4.1.110.Final.pom]
Resource missing. [HTTP HEAD: https://dl.google.com/dl/android/maven2/io/netty/netty-codec/4.1.110.Final/netty-codec-4.1.110.Final.pom]
Resource missing. [HTTP HEAD: https://dl.google.com/dl/android/maven2/io/netty/netty-common/4.1.110.Final/netty-common-4.1.110.Final.pom]
Resource missing. [HTTP HEAD: https://dl.google.com/dl/android/maven2/io/netty/netty-codec-http/4.1.110.Final/netty-codec-http-4.1.110.Final.pom]
Resource missing. [HTTP HEAD: https://dl.google.com/dl/android/maven2/io/netty/netty-transport/4.1.110.Final/netty-transport-4.1.110.Final.pom]
Cached resource https://repo.maven.apache.org/maven2/io/netty/netty-handler/4.1.110.Final/netty-handler-4.1.110.Final.pom is up-to-date (lastModified: Wed May 22 15:40:34 IST 2024).
Cached resource https://repo.maven.apache.org/maven2/io/netty/netty-common/4.1.110.Final/netty-common-4.1.110.Final.pom is up-to-date (lastModified: Wed May 22 15:42:25 IST 2024).
Cached resource https://repo.maven.apache.org/maven2/io/netty/netty-codec/4.1.110.Final/netty-codec-4.1.110.Final.pom is up-to-date (lastModified: Wed May 22 15:40:12 IST 2024).
Cached resource https://repo.maven.apache.org/maven2/io/netty/netty-transport/4.1.110.Final/netty-transport-4.1.110.Final.pom is up-to-date (lastModified: Wed May 22 15:40:58 IST 2024).
Cached resource https://repo.maven.apache.org/maven2/io/netty/netty-codec-http/4.1.110.Final/netty-codec-http-4.1.110.Final.pom is up-to-date (lastModified: Wed May 22 15:40:48 IST 2024).
Cached resource https://repo.maven.apache.org/maven2/io/netty/netty-buffer/4.1.110.Final/netty-buffer-4.1.110.Final.pom is up-to-date (lastModified: Wed May 22 15:41:07 IST 2024).
Resource missing. [HTTP HEAD: https://dl.google.com/dl/android/maven2/io/netty/netty-codec-socks/4.1.110.Final/netty-codec-socks-4.1.110.Final.pom]
Cached resource https://repo.maven.apache.org/maven2/io/netty/netty-codec-socks/4.1.110.Final/netty-codec-socks-4.1.110.Final.pom is up-to-date (lastModified: Wed May 22 12:20:32 IST 2024).
Resource missing. [HTTP HEAD: https://dl.google.com/dl/android/maven2/io/netty/netty-resolver/4.1.110.Final/netty-resolver-4.1.110.Final.pom]
Cached resource https://repo.maven.apache.org/maven2/io/netty/netty-resolver/4.1.110.Final/netty-resolver-4.1.110.Final.pom is up-to-date (lastModified: Wed May 22 15:41:36 IST 2024).
Ignoring listeners of task graph ready event, as this build (:gradle-plugin) has already executed work.
Resolve mutations for :gradle-plugin:react-native-gradle-plugin:checkKotlinGradlePluginConfigurationErrors (Thread[included builds,5,main]) started.
:gradle-plugin:react-native-gradle-plugin:checkKotlinGradlePluginConfigurationErrors (Thread[included builds,5,main]) started.

> Task :gradle-plugin:react-native-gradle-plugin:checkKotlinGradlePluginConfigurationErrors SKIPPED
Skipping task ':gradle-plugin:react-native-gradle-plugin:checkKotlinGradlePluginConfigurationErrors' as task onlyIf 'errorDiagnostics are present' is false.

> Task :gradle-plugin:react-native-gradle-plugin:compileKotlin UP-TO-DATE
Cached resource https://dl.google.com/dl/android/maven2/com/android/tools/build/gradle-api/8.12.0/gradle-api-8.12.0.jar is up-to-date (lastModified: Thu Jul 31 22:18:26 IST 2025).
Cached resource https://dl.google.com/dl/android/maven2/com/android/zipflinger/8.12.0/zipflinger-8.12.0.jar is up-to-date (lastModified: Thu Jul 31 22:18:26 IST 2025).
Cached resource https://dl.google.com/dl/android/maven2/com/android/tools/build/gradle/8.12.0/gradle-8.12.0.jar is up-to-date (lastModified: Thu Jul 31 22:18:26 IST 2025).
Cached resource https://dl.google.com/dl/android/maven2/com/android/tools/build/manifest-merger/31.12.0/manifest-merger-31.12.0.jar is up-to-date (lastModified: Thu Jul 31 22:18:26 IST 2025).
Cached resource https://repo.maven.apache.org/maven2/com/squareup/javawriter/2.5.0/javawriter-2.5.0.jar is up-to-date (lastModified: Sat Apr 19 00:53:28 IST 2014).
Cached resource https://dl.google.com/dl/android/maven2/com/android/tools/build/apkzlib/8.12.0/apkzlib-8.12.0.jar is up-to-date (lastModified: Thu Jul 31 22:18:26 IST 2025).
Cached resource https://dl.google.com/dl/android/maven2/com/android/tools/build/builder-model/8.12.0/builder-model-8.12.0.jar is up-to-date (lastModified: Thu Jul 31 22:18:26 IST 2025).
Cached resource https://dl.google.com/dl/android/maven2/com/android/tools/build/builder/8.12.0/builder-8.12.0.jar is up-to-date (lastModified: Thu Jul 31 22:18:26 IST 2025).
Cached resource https://dl.google.com/dl/android/maven2/com/android/tools/build/apksig/8.12.0/apksig-8.12.0.jar is up-to-date (lastModified: Thu Jul 31 22:18:26 IST 2025).
Cached resource https://repo.maven.apache.org/maven2/org/ow2/asm/asm/9.7.1/asm-9.7.1.jar is up-to-date (lastModified: Sun Oct 06 12:56:10 IST 2024).
Caching disabled for task ':gradle-plugin:react-native-gradle-plugin:compileKotlin' because:
  Build cache is disabled
Skipping task ':gradle-plugin:react-native-gradle-plugin:compileKotlin' as it is up-to-date.

> Task :gradle-plugin:react-native-gradle-plugin:compileJava NO-SOURCE
Skipping task ':gradle-plugin:react-native-gradle-plugin:compileJava' as it has no source files and no previous output files.
:gradle-plugin:react-native-gradle-plugin:pluginDescriptors (Thread[Execution worker Thread 11,5,main]) started.

> Task :gradle-plugin:react-native-gradle-plugin:pluginDescriptors UP-TO-DATE
Caching disabled for task ':gradle-plugin:react-native-gradle-plugin:pluginDescriptors' because:
  Build cache is disabled
  Not worth caching
Skipping task ':gradle-plugin:react-native-gradle-plugin:pluginDescriptors' as it is up-to-date.
Resolve mutations for :gradle-plugin:react-native-gradle-plugin:processResources (Thread[Execution worker Thread 11,5,main]) started.
:gradle-plugin:react-native-gradle-plugin:processResources (Thread[Execution worker Thread 11,5,main]) started.

> Task :gradle-plugin:react-native-gradle-plugin:processResources UP-TO-DATE
Caching disabled for task ':gradle-plugin:react-native-gradle-plugin:processResources' because:
  Build cache is disabled
  Not worth caching
Skipping task ':gradle-plugin:react-native-gradle-plugin:processResources' as it is up-to-date.
Resolve mutations for :gradle-plugin:react-native-gradle-plugin:classes (Thread[Execution worker Thread 11,5,main]) started.
:gradle-plugin:react-native-gradle-plugin:classes (Thread[Execution worker Thread 11,5,main]) started.

> Task :gradle-plugin:react-native-gradle-plugin:classes UP-TO-DATE
Skipping task ':gradle-plugin:react-native-gradle-plugin:classes' as it has no actions.
Resolve mutations for :gradle-plugin:react-native-gradle-plugin:jar (Thread[Execution worker Thread 11,5,main]) started.
:gradle-plugin:react-native-gradle-plugin:jar (Thread[Execution worker Thread 11,5,main]) started.

> Task :gradle-plugin:react-native-gradle-plugin:jar UP-TO-DATE
Caching disabled for task ':gradle-plugin:react-native-gradle-plugin:jar' because:
  Build cache is disabled
  Not worth caching
Skipping task ':gradle-plugin:react-native-gradle-plugin:jar' as it is up-to-date.

> Configure project :
Resolve mutations for :gradle-plugin:react-native-gradle-plugin:compileKotlin (Thread[included builds,5,main]) started.
:gradle-plugin:react-native-gradle-plugin:compileKotlin (Thread[included builds,5,main]) started.
Resolve mutations for :gradle-plugin:react-native-gradle-plugin:compileJava (Thread[included builds,5,main]) started.
:gradle-plugin:react-native-gradle-plugin:compileJava (Thread[included builds,5,main]) started.
Resolve mutations for :gradle-plugin:react-native-gradle-plugin:pluginDescriptors (Thread[included builds,5,main]) started.
Cached resource https://dl.google.com/dl/android/maven2/com/google/android/gms/strict-version-matcher-plugin/1.2.4/strict-version-matcher-plugin-1.2.4.jar is up-to-date (lastModified: Fri Jun 24 00:06:06 IST 2022).
Cached resource https://dl.google.com/dl/android/maven2/com/android/tools/build/jetifier/jetifier-core/1.0.0-beta10/jetifier-core-1.0.0-beta10.jar is up-to-date (lastModified: Wed Sep 02 22:30:00 IST 2020).
Cached resource https://dl.google.com/dl/android/maven2/com/android/tools/build/jetifier/jetifier-processor/1.0.0-beta10/jetifier-processor-1.0.0-beta10.jar is up-to-date (lastModified: Wed Sep 02 22:30:00 IST 2020).
Cached resource https://dl.google.com/dl/android/maven2/com/android/tools/repository/31.12.0/repository-31.12.0.jar is up-to-date (lastModified: Thu Jul 31 22:18:26 IST 2025).
Cached resource https://dl.google.com/dl/android/maven2/com/android/tools/lint/lint-model/31.12.0/lint-model-31.12.0.jar is up-to-date (lastModified: Thu Jul 31 22:18:26 IST 2025).
Cached resource https://dl.google.com/dl/android/maven2/com/android/tools/build/aaptcompiler/8.12.0/aaptcompiler-8.12.0.jar is up-to-date (lastModified: Thu Jul 31 22:18:26 IST 2025).
Cached resource https://dl.google.com/dl/android/maven2/com/android/tools/analytics-library/tracker/31.12.0/tracker-31.12.0.jar is up-to-date (lastModified: Thu Jul 31 22:18:26 IST 2025).
Cached resource https://dl.google.com/dl/android/maven2/com/google/gms/google-services/4.4.0/google-services-4.4.0.jar is up-to-date (lastModified: Fri Sep 15 00:03:55 IST 2023).
Cached resource https://dl.google.com/dl/android/maven2/androidx/databinding/databinding-compiler-common/8.12.0/databinding-compiler-common-8.12.0.jar is up-to-date (lastModified: Thu Jul 31 22:18:26 IST 2025).
Cached resource https://dl.google.com/dl/android/maven2/com/android/tools/sdk-common/31.12.0/sdk-common-31.12.0.jar is up-to-date (lastModified: Thu Jul 31 22:18:26 IST 2025).
Cached resource https://dl.google.com/dl/android/maven2/com/android/tools/build/gradle-settings-api/8.12.0/gradle-settings-api-8.12.0.jar is up-to-date (lastModified: Thu Jul 31 22:18:26 IST 2025).
Cached resource https://dl.google.com/dl/android/maven2/com/android/tools/sdklib/31.12.0/sdklib-31.12.0.jar is up-to-date (lastModified: Thu Jul 31 22:18:26 IST 2025).
Cached resource https://repo.maven.apache.org/maven2/org/jetbrains/kotlin/kotlin-reflect/2.1.20/kotlin-reflect-2.1.20.jar is up-to-date (lastModified: Thu Mar 20 00:09:20 IST 2025).
Cached resource https://repo.maven.apache.org/maven2/org/jetbrains/kotlin/kotlin-stdlib-jdk8/2.1.20/kotlin-stdlib-jdk8-2.1.20.jar is up-to-date (lastModified: Thu Mar 20 00:09:49 IST 2025).
Cached resource https://repo.maven.apache.org/maven2/org/jetbrains/kotlin/kotlin-stdlib-jdk7/2.1.20/kotlin-stdlib-jdk7-2.1.20.jar is up-to-date (lastModified: Thu Mar 20 00:09:40 IST 2025).
Cached resource https://repo.maven.apache.org/maven2/org/jetbrains/kotlinx/kotlinx-coroutines-core-jvm/1.9.0/kotlinx-coroutines-core-jvm-1.9.0.jar is up-to-date (lastModified: Fri Sep 13 19:40:18 IST 2024).
Cached resource https://dl.google.com/dl/android/maven2/com/android/tools/layoutlib/layoutlib-api/31.12.0/layoutlib-api-31.12.0.jar is up-to-date (lastModified: Thu Jul 31 22:18:26 IST 2025).
Cached resource https://repo.maven.apache.org/maven2/com/google/protobuf/protobuf-java-util/3.25.5/protobuf-java-util-3.25.5.jar is up-to-date (lastModified: Thu Sep 19 04:18:27 IST 2024).
Cached resource https://dl.google.com/dl/android/maven2/com/android/tools/common/31.12.0/common-31.12.0.jar is up-to-date (lastModified: Thu Jul 31 22:18:26 IST 2025).
Cached resource https://repo.maven.apache.org/maven2/io/grpc/grpc-util/1.69.1/grpc-util-1.69.1.jar is up-to-date (lastModified: Fri Jan 17 02:38:44 IST 2025).
Cached resource https://dl.google.com/dl/android/maven2/com/android/tools/build/bundletool/1.18.1/bundletool-1.18.1.jar is up-to-date (lastModified: Wed Mar 05 20:59:56 IST 2025).
Cached resource https://dl.google.com/dl/android/maven2/com/android/tools/build/builder-test-api/8.12.0/builder-test-api-8.12.0.jar is up-to-date (lastModified: Thu Jul 31 22:18:26 IST 2025).
Cached resource https://repo.maven.apache.org/maven2/io/grpc/grpc-inprocess/1.69.1/grpc-inprocess-1.69.1.jar is up-to-date (lastModified: Fri Jan 17 02:38:17 IST 2025).
Cached resource https://dl.google.com/dl/android/maven2/com/android/tools/utp/android-test-plugin-result-listener-gradle-proto/31.12.0/android-test-plugin-result-listener-gradle-proto-31.12.0.jar is up-to-date (lastModified: Thu Jul 31 22:18:26 IST 2025).
Cached resource https://dl.google.com/dl/android/maven2/com/android/tools/analytics-library/shared/31.12.0/shared-31.12.0.jar is up-to-date (lastModified: Thu Jul 31 22:18:26 IST 2025).
Cached resource https://dl.google.com/dl/android/maven2/com/android/tools/dvlib/31.12.0/dvlib-31.12.0.jar is up-to-date (lastModified: Thu Jul 31 22:18:26 IST 2025).
Cached resource https://dl.google.com/dl/android/maven2/com/android/tools/ddms/ddmlib/31.12.0/ddmlib-31.12.0.jar is up-to-date (lastModified: Thu Jul 31 22:18:26 IST 2025).
Cached resource https://dl.google.com/dl/android/maven2/com/android/tools/utp/android-test-plugin-host-emulator-control-proto/31.12.0/android-test-plugin-host-emulator-control-proto-31.12.0.jar is up-to-date (lastModified: Thu Jul 31 22:18:26 IST 2025).
Cached resource https://dl.google.com/dl/android/maven2/com/android/tools/analytics-library/crash/31.12.0/crash-31.12.0.jar is up-to-date (lastModified: Thu Jul 31 22:18:26 IST 2025).
Cached resource https://repo.maven.apache.org/maven2/com/google/jimfs/jimfs/1.1/jimfs-1.1.jar is up-to-date (lastModified: Sat Feb 13 03:43:22 IST 2016).
Cached resource https://dl.google.com/dl/android/maven2/com/android/tools/lint/lint-typedef-remover/31.12.0/lint-typedef-remover-31.12.0.jar is up-to-date (lastModified: Thu Jul 31 22:18:26 IST 2025).
Cached resource https://repo.maven.apache.org/maven2/io/grpc/grpc-api/1.69.1/grpc-api-1.69.1.jar is up-to-date (lastModified: Fri Jan 17 02:40:31 IST 2025).
Cached resource https://repo.maven.apache.org/maven2/com/google/crypto/tink/tink/1.7.0/tink-1.7.0.jar is up-to-date (lastModified: Wed Aug 10 07:42:40 IST 2022).
Cached resource https://repo.maven.apache.org/maven2/io/grpc/grpc-protobuf/1.69.1/grpc-protobuf-1.69.1.jar is up-to-date (lastModified: Fri Jan 17 02:37:12 IST 2025).
Cached resource https://repo.maven.apache.org/maven2/io/grpc/grpc-core/1.69.1/grpc-core-1.69.1.jar is up-to-date (lastModified: Fri Jan 17 02:37:46 IST 2025).
Cached resource https://repo.maven.apache.org/maven2/com/google/guava/guava/33.3.1-jre/guava-33.3.1-jre.jar is up-to-date (lastModified: Tue Sep 24 01:42:57 IST 2024).
Cached resource https://repo.maven.apache.org/maven2/io/grpc/grpc-protobuf-lite/1.69.1/grpc-protobuf-lite-1.69.1.jar is up-to-date (lastModified: Fri Jan 17 02:38:37 IST 2025).
Cached resource https://repo.maven.apache.org/maven2/io/grpc/grpc-stub/1.69.1/grpc-stub-1.69.1.jar is up-to-date (lastModified: Fri Jan 17 02:37:57 IST 2025).
Cached resource https://dl.google.com/dl/android/maven2/androidx/databinding/databinding-common/8.12.0/databinding-common-8.12.0.jar is up-to-date (lastModified: Thu Jul 31 22:18:26 IST 2025).
Cached resource https://repo.maven.apache.org/maven2/io/grpc/grpc-netty/1.69.1/grpc-netty-1.69.1.jar is up-to-date (lastModified: Fri Jan 17 02:40:09 IST 2025).
Cached resource https://dl.google.com/dl/android/maven2/com/android/tools/utp/android-test-plugin-host-logcat-proto/31.12.0/android-test-plugin-host-logcat-proto-31.12.0.jar is up-to-date (lastModified: Thu Jul 31 22:18:26 IST 2025).
Cached resource https://dl.google.com/dl/android/maven2/com/android/tools/utp/android-test-plugin-host-additional-test-output-proto/31.12.0/android-test-plugin-host-additional-test-output-proto-31.12.0.jar is up-to-date (lastModified: Thu Jul 31 22:18:26 IST 2025).
Cached resource https://dl.google.com/dl/android/maven2/com/android/tools/utp/android-device-provider-profile-proto/31.12.0/android-device-provider-profile-proto-31.12.0.jar is up-to-date (lastModified: Thu Jul 31 22:18:26 IST 2025).
Cached resource https://dl.google.com/dl/android/maven2/com/android/tools/build/transform-api/2.0.0-deprecated-use-gradle-api/transform-api-2.0.0-deprecated-use-gradle-api.jar is up-to-date (lastModified: Thu May 18 02:15:00 IST 2017).
Cached resource https://dl.google.com/dl/android/maven2/com/android/tools/utp/android-test-plugin-host-apk-installer-proto/31.12.0/android-test-plugin-host-apk-installer-proto-31.12.0.jar is up-to-date (lastModified: Thu Jul 31 22:18:26 IST 2025).
Cached resource https://dl.google.com/dl/android/maven2/com/android/tools/utp/android-device-provider-gradle-proto/31.12.0/android-device-provider-gradle-proto-31.12.0.jar is up-to-date (lastModified: Thu Jul 31 22:18:26 IST 2025).
Cached resource https://repo.maven.apache.org/maven2/org/apache/httpcomponents/httpmime/4.5.6/httpmime-4.5.6.jar is up-to-date (lastModified: Thu Jul 05 17:13:05 IST 2018).
Cached resource https://dl.google.com/dl/android/maven2/com/android/tools/utp/android-device-provider-ddmlib-proto/31.12.0/android-device-provider-ddmlib-proto-31.12.0.jar is up-to-date (lastModified: Thu Jul 31 22:18:26 IST 2025).
Cached resource https://repo.maven.apache.org/maven2/org/ow2/asm/asm-analysis/9.7.1/asm-analysis-9.7.1.jar is up-to-date (lastModified: Sun Oct 06 12:56:13 IST 2024).
Cached resource https://repo.maven.apache.org/maven2/commons-io/commons-io/2.16.1/commons-io-2.16.1.jar is up-to-date (lastModified: Fri Apr 05 06:55:33 IST 2024).
Cached resource https://repo.maven.apache.org/maven2/io/grpc/grpc-context/1.69.1/grpc-context-1.69.1.jar is up-to-date (lastModified: Fri Jan 17 02:38:28 IST 2025).
Cached resource https://repo.maven.apache.org/maven2/org/ow2/asm/asm-commons/9.7.1/asm-commons-9.7.1.jar is up-to-date (lastModified: Sun Oct 06 12:56:16 IST 2024).
Cached resource https://repo.maven.apache.org/maven2/org/ow2/asm/asm-util/9.7.1/asm-util-9.7.1.jar is up-to-date (lastModified: Sun Oct 06 12:56:24 IST 2024).
Cached resource https://repo.maven.apache.org/maven2/org/bouncycastle/bcpkix-jdk18on/1.79/bcpkix-jdk18on-1.79.jar is up-to-date (lastModified: Wed Oct 30 07:34:11 IST 2024).
Cached resource https://repo.maven.apache.org/maven2/org/ow2/asm/asm-tree/9.7.1/asm-tree-9.7.1.jar is up-to-date (lastModified: Sun Oct 06 12:56:21 IST 2024).
Cached resource https://repo.maven.apache.org/maven2/org/glassfish/jaxb/jaxb-runtime/2.3.2/jaxb-runtime-2.3.2.jar is up-to-date (lastModified: Wed Jan 02 21:02:23 IST 2019).
Cached resource https://dl.google.com/dl/android/maven2/com/android/tools/build/aapt2-proto/8.12.0-13700139/aapt2-proto-8.12.0-13700139.jar is up-to-date (lastModified: Thu Jul 31 22:18:26 IST 2025).
Cached resource https://repo.maven.apache.org/maven2/com/google/protobuf/protobuf-java/3.25.5/protobuf-java-3.25.5.jar is up-to-date (lastModified: Thu Sep 19 04:18:18 IST 2024).
Cached resource https://repo.maven.apache.org/maven2/net/sf/jopt-simple/jopt-simple/4.9/jopt-simple-4.9.jar is up-to-date (lastModified: Sun Jun 28 00:18:06 IST 2015).
Cached resource https://repo.maven.apache.org/maven2/com/google/api/grpc/proto-google-common-protos/2.48.0/proto-google-common-protos-2.48.0.jar is up-to-date (lastModified: Sat Oct 26 01:11:40 IST 2024).
Cached resource https://repo.maven.apache.org/maven2/com/google/flatbuffers/flatbuffers-java/1.12.0/flatbuffers-java-1.12.0.jar is up-to-date (lastModified: Fri Mar 13 04:39:15 IST 2020).
Cached resource https://repo.maven.apache.org/maven2/org/tensorflow/tensorflow-lite-metadata/0.2.0/tensorflow-lite-metadata-0.2.0.jar is up-to-date (lastModified: Tue May 18 06:19:23 IST 2021).
Cached resource https://repo.maven.apache.org/maven2/org/jetbrains/annotations/23.0.0/annotations-23.0.0.jar is up-to-date (lastModified: Wed Nov 10 16:09:30 IST 2021).
Cached resource https://dl.google.com/dl/android/maven2/com/android/databinding/baseLibrary/8.12.0/baseLibrary-8.12.0.jar is up-to-date (lastModified: Thu Jul 31 22:18:26 IST 2025).
Cached resource https://repo.maven.apache.org/maven2/com/google/guava/failureaccess/1.0.2/failureaccess-1.0.2.jar is up-to-date (lastModified: Tue Oct 17 18:46:09 IST 2023).
Cached resource https://repo.maven.apache.org/maven2/org/checkerframework/checker-qual/3.43.0/checker-qual-3.43.0.jar is up-to-date (lastModified: Thu May 02 00:33:23 IST 2024).
Cached resource https://repo.maven.apache.org/maven2/com/google/errorprone/error_prone_annotations/2.30.0/error_prone_annotations-2.30.0.jar is up-to-date (lastModified: Sun Aug 11 00:08:17 IST 2024).
Cached resource https://repo.maven.apache.org/maven2/com/google/j2objc/j2objc-annotations/3.0.0/j2objc-annotations-3.0.0.jar is up-to-date (lastModified: Sat Mar 09 22:42:59 IST 2024).
Cached resource https://repo.maven.apache.org/maven2/javax/inject/javax.inject/1/javax.inject-1.jar is up-to-date (lastModified: Wed Oct 14 05:05:00 IST 2009).
Cached resource https://repo.maven.apache.org/maven2/com/google/dagger/dagger/2.28.3/dagger-2.28.3.jar is up-to-date (lastModified: Sat Jul 18 03:07:29 IST 2020).
Cached resource https://repo.maven.apache.org/maven2/org/apache/commons/commons-compress/1.21/commons-compress-1.21.jar is up-to-date (lastModified: Fri Jul 09 22:41:50 IST 2021).
Cached resource https://repo.maven.apache.org/maven2/org/bouncycastle/bcutil-jdk18on/1.79/bcutil-jdk18on-1.79.jar is up-to-date (lastModified: Wed Oct 30 07:32:18 IST 2024).
Cached resource https://repo.maven.apache.org/maven2/org/bouncycastle/bcprov-jdk18on/1.79/bcprov-jdk18on-1.79.jar is up-to-date (lastModified: Wed Oct 30 07:33:35 IST 2024).
Cached resource https://repo.maven.apache.org/maven2/net/sf/kxml/kxml2/2.3.0/kxml2-2.3.0.jar is up-to-date (lastModified: Tue Apr 21 11:34:25 IST 2009).
Cached resource https://dl.google.com/dl/android/maven2/com/android/tools/utp/android-test-plugin-host-coverage-proto/31.12.0/android-test-plugin-host-coverage-proto-31.12.0.jar is up-to-date (lastModified: Thu Jul 31 22:18:26 IST 2025).
Cached resource https://repo.maven.apache.org/maven2/org/apache/httpcomponents/httpclient/4.5.14/httpclient-4.5.14.jar is up-to-date (lastModified: Thu Dec 01 00:10:53 IST 2022).
Cached resource https://dl.google.com/dl/android/maven2/com/google/testing/platform/core-proto/0.0.9-alpha03/core-proto-0.0.9-alpha03.jar is up-to-date (lastModified: Tue Dec 17 02:36:48 IST 2024).
Cached resource https://repo.maven.apache.org/maven2/org/apache/httpcomponents/httpcore/4.4.16/httpcore-4.4.16.jar is up-to-date (lastModified: Sat Nov 26 15:15:00 IST 2022).
Cached resource https://repo.maven.apache.org/maven2/com/sun/activation/javax.activation/1.2.0/javax.activation-1.2.0.jar is up-to-date (lastModified: Thu Sep 07 04:43:11 IST 2017).
Cached resource https://repo.maven.apache.org/maven2/org/jvnet/staxex/stax-ex/1.8.1/stax-ex-1.8.1.jar is up-to-date (lastModified: Thu Dec 27 20:44:27 IST 2018).
Cached resource https://repo.maven.apache.org/maven2/com/googlecode/juniversalchardet/juniversalchardet/1.0.3/juniversalchardet-1.0.3.jar is up-to-date (lastModified: Mon Sep 19 23:08:24 IST 2011).
Cached resource https://repo.maven.apache.org/maven2/com/sun/istack/istack-commons-runtime/3.0.8/istack-commons-runtime-3.0.8.jar is up-to-date (lastModified: Thu Dec 27 20:19:38 IST 2018).
Cached resource https://repo.maven.apache.org/maven2/jakarta/xml/bind/jakarta.xml.bind-api/2.3.2/jakarta.xml.bind-api-2.3.2.jar is up-to-date (lastModified: Thu Dec 27 21:01:07 IST 2018).
Cached resource https://repo.maven.apache.org/maven2/org/glassfish/jaxb/txw2/2.3.2/txw2-2.3.2.jar is up-to-date (lastModified: Wed Jan 02 21:02:11 IST 2019).
Cached resource https://repo.maven.apache.org/maven2/net/java/dev/jna/jna-platform/5.6.0/jna-platform-5.6.0.jar is up-to-date (lastModified: Tue Jul 14 21:58:39 IST 2020).
Cached resource https://repo.maven.apache.org/maven2/javax/annotation/javax.annotation-api/1.3.2/javax.annotation-api-1.3.2.jar is up-to-date (lastModified: Wed Feb 21 15:54:23 IST 2018).
Cached resource https://repo.maven.apache.org/maven2/com/sun/xml/fastinfoset/FastInfoset/1.2.16/FastInfoset-1.2.16.jar is up-to-date (lastModified: Thu Dec 27 20:04:00 IST 2018).
Cached resource https://repo.maven.apache.org/maven2/jakarta/activation/jakarta.activation-api/1.2.1/jakarta.activation-api-1.2.1.jar is up-to-date (lastModified: Wed Nov 21 03:46:31 IST 2018).
Cached resource https://dl.google.com/dl/android/maven2/com/android/tools/analytics-library/protos/31.12.0/protos-31.12.0.jar is up-to-date (lastModified: Thu Jul 31 22:18:26 IST 2025).
Cached resource https://dl.google.com/dl/android/maven2/com/android/signflinger/8.12.0/signflinger-8.12.0.jar is up-to-date (lastModified: Thu Jul 31 22:18:26 IST 2025).
Cached resource https://dl.google.com/dl/android/maven2/com/android/tools/annotations/31.12.0/annotations-31.12.0.jar is up-to-date (lastModified: Thu Jul 31 22:18:26 IST 2025).
Cached resource https://repo.maven.apache.org/maven2/com/google/android/annotations/4.1.1.4/annotations-4.1.1.4.jar is up-to-date (lastModified: Sat Sep 01 05:03:43 IST 2012).
Cached resource https://repo.maven.apache.org/maven2/org/jdom/jdom2/2.0.6/jdom2-2.0.6.jar is up-to-date (lastModified: Mon Feb 16 08:48:23 IST 2015).
Cached resource https://repo.maven.apache.org/maven2/org/slf4j/slf4j-api/1.7.30/slf4j-api-1.7.30.jar is up-to-date (lastModified: Tue Dec 17 02:33:36 IST 2019).
Cached resource https://repo.maven.apache.org/maven2/org/bitbucket/b_c/jose4j/0.9.5/jose4j-0.9.5.jar is up-to-date (lastModified: Thu Feb 15 04:04:18 IST 2024).
Cached resource https://repo.maven.apache.org/maven2/com/google/auto/value/auto-value-annotations/1.6.2/auto-value-annotations-1.6.2.jar is up-to-date (lastModified: Tue Jun 26 21:52:26 IST 2018).
Cached resource https://repo.maven.apache.org/maven2/io/perfmark/perfmark-api/0.27.0/perfmark-api-0.27.0.jar is up-to-date (lastModified: Thu Dec 21 12:17:37 IST 2023).
Cached resource https://repo.maven.apache.org/maven2/org/codehaus/mojo/animal-sniffer-annotations/1.24/animal-sniffer-annotations-1.24.jar is up-to-date (lastModified: Thu Jul 04 19:24:04 IST 2024).
Cached resource https://repo.maven.apache.org/maven2/io/netty/netty-codec-http/4.1.110.Final/netty-codec-http-4.1.110.Final.jar is up-to-date (lastModified: Wed May 22 15:40:46 IST 2024).
Cached resource https://repo.maven.apache.org/maven2/io/netty/netty-codec-http2/4.1.110.Final/netty-codec-http2-4.1.110.Final.jar is up-to-date (lastModified: Wed May 22 12:20:29 IST 2024).
Cached resource https://repo.maven.apache.org/maven2/io/netty/netty-handler-proxy/4.1.110.Final/netty-handler-proxy-4.1.110.Final.jar is up-to-date (lastModified: Wed May 22 12:20:31 IST 2024).
Cached resource https://repo.maven.apache.org/maven2/commons-logging/commons-logging/1.2/commons-logging-1.2.jar is up-to-date (lastModified: Sat Jul 05 23:42:25 IST 2014).
Cached resource https://repo.maven.apache.org/maven2/commons-codec/commons-codec/1.11/commons-codec-1.11.jar is up-to-date (lastModified: Tue Oct 17 20:24:04 IST 2017).
Cached resource https://repo.maven.apache.org/maven2/io/netty/netty-codec-socks/4.1.110.Final/netty-codec-socks-4.1.110.Final.jar is up-to-date (lastModified: Wed May 22 12:20:32 IST 2024).
Cached resource https://repo.maven.apache.org/maven2/net/java/dev/jna/jna/5.6.0/jna-5.6.0.jar is up-to-date (lastModified: Tue Jul 14 21:55:28 IST 2020).
Cached resource https://repo.maven.apache.org/maven2/io/netty/netty-codec/4.1.110.Final/netty-codec-4.1.110.Final.jar is up-to-date (lastModified: Wed May 22 15:40:10 IST 2024).
Cached resource https://repo.maven.apache.org/maven2/io/netty/netty-buffer/4.1.110.Final/netty-buffer-4.1.110.Final.jar is up-to-date (lastModified: Wed May 22 15:41:06 IST 2024).
Cached resource https://repo.maven.apache.org/maven2/io/netty/netty-resolver/4.1.110.Final/netty-resolver-4.1.110.Final.jar is up-to-date (lastModified: Wed May 22 15:41:35 IST 2024).
Cached resource https://repo.maven.apache.org/maven2/io/netty/netty-transport/4.1.110.Final/netty-transport-4.1.110.Final.jar is up-to-date (lastModified: Wed May 22 15:40:57 IST 2024).
Cached resource https://repo.maven.apache.org/maven2/io/netty/netty-common/4.1.110.Final/netty-common-4.1.110.Final.jar is up-to-date (lastModified: Wed May 22 15:42:23 IST 2024).
Cached resource https://repo.maven.apache.org/maven2/io/netty/netty-transport-native-unix-common/4.1.110.Final/netty-transport-native-unix-common-4.1.110.Final.jar is up-to-date (lastModified: Wed May 22 15:39:59 IST 2024).
Cached resource https://repo.maven.apache.org/maven2/io/netty/netty-handler/4.1.110.Final/netty-handler-4.1.110.Final.jar is up-to-date (lastModified: Wed May 22 15:40:33 IST 2024).

> Configure project :app
Evaluating project ':app' using build file 'D:\RVU-connect\android\app\build.gradle'.
Using default execution profile
Build 9efa2f40-e169-45ed-aa97-00a1cbc63d25 is started
Using Kotlin Gradle Plugin gradle85 variant
C/C++: android.ndkVersion from module build.gradle is [27.1.12297006]
C/C++: android.ndkPath from module build.gradle is not set
C/C++: ndk.dir in local.properties is not set
C/C++: Not considering ANDROID_NDK_HOME because support was removed after deprecation period.
C/C++: sdkFolder is C:\Users\HP\AppData\Local\Android\Sdk
C/C++: android.ndkVersion from module build.gradle is [27.1.12297006]
C/C++: android.ndkPath from module build.gradle is not set
C/C++: ndk.dir in local.properties is not set
C/C++: Not considering ANDROID_NDK_HOME because support was removed after deprecation period.
C/C++: sdkFolder is C:\Users\HP\AppData\Local\Android\Sdk
C/C++: android.ndkVersion from module build.gradle is [27.1.12297006]
C/C++: android.ndkPath from module build.gradle is not set
C/C++: ndk.dir in local.properties is not set
C/C++: Not considering ANDROID_NDK_HOME because support was removed after deprecation period.
C/C++: sdkFolder is C:\Users\HP\AppData\Local\Android\Sdk
C/C++: android.ndkVersion from module build.gradle is [27.1.12297006]
C/C++: android.ndkPath from module build.gradle is not set
C/C++: ndk.dir in local.properties is not set
C/C++: Not considering ANDROID_NDK_HOME because support was removed after deprecation period.
C/C++: sdkFolder is C:\Users\HP\AppData\Local\Android\Sdk
C/C++: android.ndkVersion from module build.gradle is [27.1.12297006]
C/C++: android.ndkPath from module build.gradle is not set
C/C++: ndk.dir in local.properties is not set
C/C++: Not considering ANDROID_NDK_HOME because support was removed after deprecation period.
C/C++: sdkFolder is C:\Users\HP\AppData\Local\Android\Sdk
C/C++: android.ndkVersion from module build.gradle is [27.1.12297006]
C/C++: android.ndkPath from module build.gradle is not set
C/C++: ndk.dir in local.properties is not set
C/C++: Not considering ANDROID_NDK_HOME because support was removed after deprecation period.
C/C++: sdkFolder is C:\Users\HP\AppData\Local\Android\Sdk
C/C++: android.ndkVersion from module build.gradle is [27.1.12297006]
C/C++: android.ndkPath from module build.gradle is not set
C/C++: ndk.dir in local.properties is not set
C/C++: Not considering ANDROID_NDK_HOME because support was removed after deprecation period.
C/C++: sdkFolder is C:\Users\HP\AppData\Local\Android\Sdk
C/C++: android.ndkVersion from module build.gradle is [27.1.12297006]
C/C++: android.ndkPath from module build.gradle is not set
C/C++: ndk.dir in local.properties is not set
C/C++: Not considering ANDROID_NDK_HOME because support was removed after deprecation period.
C/C++: sdkFolder is C:\Users\HP\AppData\Local\Android\Sdk
C/C++: android.ndkVersion from module build.gradle is [27.1.12297006]
C/C++: android.ndkPath from module build.gradle is not set
C/C++: ndk.dir in local.properties is not set
C/C++: Not considering ANDROID_NDK_HOME because support was removed after deprecation period.
C/C++: sdkFolder is C:\Users\HP\AppData\Local\Android\Sdk
C/C++: android.ndkVersion from module build.gradle is [27.1.12297006]
C/C++: android.ndkPath from module build.gradle is not set
C/C++: ndk.dir in local.properties is not set
C/C++: Not considering ANDROID_NDK_HOME because support was removed after deprecation period.
C/C++: sdkFolder is C:\Users\HP\AppData\Local\Android\Sdk
C/C++: android.ndkVersion from module build.gradle is [27.1.12297006]
C/C++: android.ndkPath from module build.gradle is not set
C/C++: ndk.dir in local.properties is not set
C/C++: Not considering ANDROID_NDK_HOME because support was removed after deprecation period.
C/C++: sdkFolder is C:\Users\HP\AppData\Local\Android\Sdk
C/C++: android.ndkVersion from module build.gradle is [27.1.12297006]
C/C++: android.ndkPath from module build.gradle is not set
C/C++: ndk.dir in local.properties is not set
C/C++: Not considering ANDROID_NDK_HOME because support was removed after deprecation period.
C/C++: sdkFolder is C:\Users\HP\AppData\Local\Android\Sdk
C/C++: android.ndkVersion from module build.gradle is [27.1.12297006]
C/C++: android.ndkPath from module build.gradle is not set
C/C++: ndk.dir in local.properties is not set
C/C++: Not considering ANDROID_NDK_HOME because support was removed after deprecation period.
C/C++: sdkFolder is C:\Users\HP\AppData\Local\Android\Sdk
C/C++: android.ndkVersion from module build.gradle is [27.1.12297006]
C/C++: android.ndkPath from module build.gradle is not set
C/C++: ndk.dir in local.properties is not set
C/C++: Not considering ANDROID_NDK_HOME because support was removed after deprecation period.
C/C++: sdkFolder is C:\Users\HP\AppData\Local\Android\Sdk
C/C++: android.ndkVersion from module build.gradle is [27.1.12297006]
C/C++: android.ndkPath from module build.gradle is not set
C/C++: ndk.dir in local.properties is not set
C/C++: Not considering ANDROID_NDK_HOME because support was removed after deprecation period.
C/C++: sdkFolder is C:\Users\HP\AppData\Local\Android\Sdk
C/C++: android.ndkVersion from module build.gradle is [27.1.12297006]
C/C++: android.ndkPath from module build.gradle is not set
C/C++: ndk.dir in local.properties is not set
C/C++: Not considering ANDROID_NDK_HOME because support was removed after deprecation period.
C/C++: sdkFolder is C:\Users\HP\AppData\Local\Android\Sdk
C/C++: android.ndkVersion from module build.gradle is [27.1.12297006]
C/C++: android.ndkPath from module build.gradle is not set
C/C++: ndk.dir in local.properties is not set
C/C++: Not considering ANDROID_NDK_HOME because support was removed after deprecation period.
C/C++: sdkFolder is C:\Users\HP\AppData\Local\Android\Sdk
C/C++: android.ndkVersion from module build.gradle is [27.1.12297006]
C/C++: android.ndkPath from module build.gradle is not set
C/C++: ndk.dir in local.properties is not set
C/C++: Not considering ANDROID_NDK_HOME because support was removed after deprecation period.
C/C++: sdkFolder is C:\Users\HP\AppData\Local\Android\Sdk
C/C++: android.ndkVersion from module build.gradle is [27.1.12297006]
C/C++: android.ndkPath from module build.gradle is not set
C/C++: ndk.dir in local.properties is not set
C/C++: Not considering ANDROID_NDK_HOME because support was removed after deprecation period.
C/C++: sdkFolder is C:\Users\HP\AppData\Local\Android\Sdk

> Configure project :react-native-firebase_app
Evaluating project ':react-native-firebase_app' using build file 'D:\RVU-connect\node_modules\@react-native-firebase\app\android\build.gradle'.
Found locally available resource with matching checksum: [https://plugins.gradle.org/m2/io/invertase/gradle/build/io.invertase.gradle.build.gradle.plugin/1.5/io.invertase.gradle.build.gradle.plugin-1.5.pom, C:\Users\HP\.gradle\caches\modules-2\files-2.1\io.invertase.gradle.build\io.invertase.gradle.build.gradle.plugin\1.5\63467114309109a4eeb1cecaf5407b1549280837\io.invertase.gradle.build.gradle.plugin-1.5.pom]
Resource missing. [HTTP HEAD: https://plugins.gradle.org/m2/io/invertase/gradle/build/io.invertase.gradle.build.gradle.plugin/1.5/io.invertase.gradle.build.gradle.plugin-1.5.jar]
Resolved plugin [id: 'io.invertase.gradle.build', version: '1.5']
Cached resource https://plugins.gradle.org/m2/gradle/plugin/io/invertase/gradle/react-native/1.5/react-native-1.5.pom is up-to-date (lastModified: Fri Jan 22 19:19:03 IST 2021).
Cached resource https://plugins.gradle.org/m2/gradle/plugin/io/invertase/gradle/react-native/1.5/react-native-1.5.jar is up-to-date (lastModified: Fri Jan 22 19:19:03 IST 2021).
Using default execution profile
:react-native-firebase_app package.json found at D:\RVU-connect\node_modules\@react-native-firebase\app\package.json
:react-native-firebase_app no firebase.json found, skipping
:react-native-firebase_app:firebase.bom using default value: 34.10.0
:react-native-firebase_app:play.play-services-auth using default value: 21.5.0
:react-native-firebase_app package.json found at D:\RVU-connect\node_modules\@react-native-firebase\app\package.json
:react-native-firebase_app:version set from package.json: 24.0.0 (24,0,0 - 24000000)
:react-native-firebase_app:android.compileSdk using custom value: 36
:react-native-firebase_app:android.targetSdk using custom value: 36
:react-native-firebase_app:android.minSdk using custom value: 24
:react-native-firebase_app:reactNativeAndroidDir D:\RVU-connect\node_modules\react-native

> Configure project :react-native-firebase_auth
Evaluating project ':react-native-firebase_auth' using build file 'D:\RVU-connect\node_modules\@react-native-firebase\auth\android\build.gradle'.
Resolved plugin [id: 'io.invertase.gradle.build', version: '1.5']
Using default execution profile
:react-native-firebase_auth package.json found at D:\RVU-connect\node_modules\@react-native-firebase\auth\package.json
:react-native-firebase_app package.json found at D:\RVU-connect\node_modules\@react-native-firebase\app\package.json
:react-native-firebase_auth:firebase.bom using default value: 34.10.0
:react-native-firebase_auth package.json found at D:\RVU-connect\node_modules\@react-native-firebase\auth\package.json
:react-native-firebase_auth:version set from package.json: 24.0.0 (24,0,0 - 24000000)
:react-native-firebase_auth:android.compileSdk using custom value: 36
:react-native-firebase_auth:android.targetSdk using custom value: 36
:react-native-firebase_auth:android.minSdk using custom value: 24
:react-native-firebase_auth:reactNativeAndroidDir D:\RVU-connect\node_modules\react-native

> Configure project :react-native-firebase_firestore
Evaluating project ':react-native-firebase_firestore' using build file 'D:\RVU-connect\node_modules\@react-native-firebase\firestore\android\build.gradle'.
Resolved plugin [id: 'io.invertase.gradle.build', version: '1.5']
Using default execution profile
:react-native-firebase_firestore package.json found at D:\RVU-connect\node_modules\@react-native-firebase\firestore\package.json
:react-native-firebase_app package.json found at D:\RVU-connect\node_modules\@react-native-firebase\app\package.json
:react-native-firebase_firestore:firebase.bom using default value: 34.10.0
:react-native-firebase_firestore package.json found at D:\RVU-connect\node_modules\@react-native-firebase\firestore\package.json
:react-native-firebase_firestore:version set from package.json: 24.0.0 (24,0,0 - 24000000)
:react-native-firebase_firestore:android.compileSdk using custom value: 36
:react-native-firebase_firestore:android.targetSdk using custom value: 36
:react-native-firebase_firestore:android.minSdk using custom value: 24
:react-native-firebase_firestore:reactNativeAndroidDir D:\RVU-connect\node_modules\react-native

> Configure project :react-native-safe-area-context
Evaluating project ':react-native-safe-area-context' using build file 'D:\RVU-connect\node_modules\react-native-safe-area-context\android\build.gradle'.
Resource missing. [HTTP HEAD: https://repo.maven.apache.org/maven2/com/android/tools/build/gradle/7.3.1/gradle-7.3.1.pom]
Cached resource https://repo.maven.apache.org/maven2/com/diffplug/spotless/spotless-plugin-gradle/6.11.0/spotless-plugin-gradle-6.11.0.pom is up-to-date (lastModified: Wed Sep 14 11:24:58 IST 2022).
Cached resource https://repo.maven.apache.org/maven2/com/diffplug/spotless/spotless-plugin-gradle/6.11.0/spotless-plugin-gradle-6.11.0.module is up-to-date (lastModified: Wed Sep 14 11:24:58 IST 2022).
Cached resource https://dl.google.com/dl/android/maven2/com/android/tools/build/gradle/7.3.1/gradle-7.3.1.pom is up-to-date (lastModified: Thu Oct 13 21:30:00 IST 2022).
Cached resource https://dl.google.com/dl/android/maven2/com/android/tools/build/gradle/7.3.1/gradle-7.3.1.module is up-to-date (lastModified: Thu Oct 13 21:30:00 IST 2022).
Resource missing. [HTTP HEAD: https://repo.maven.apache.org/maven2/com/android/tools/repository/30.3.1/repository-30.3.1.pom]
Resource missing. [HTTP HEAD: https://repo.maven.apache.org/maven2/com/android/tools/sdk-common/30.3.1/sdk-common-30.3.1.pom]
Cached resource https://dl.google.com/dl/android/maven2/com/android/tools/sdk-common/30.3.1/sdk-common-30.3.1.pom is up-to-date (lastModified: Thu Oct 13 21:30:00 IST 2022).
Resource missing. [HTTP HEAD: https://repo.maven.apache.org/maven2/com/android/databinding/baseLibrary/7.3.1/baseLibrary-7.3.1.pom]
Cached resource https://dl.google.com/dl/android/maven2/com/android/tools/repository/30.3.1/repository-30.3.1.pom is up-to-date (lastModified: Thu Oct 13 21:30:00 IST 2022).
Resource missing. [HTTP HEAD: https://repo.maven.apache.org/maven2/com/android/tools/build/builder-test-api/7.3.1/builder-test-api-7.3.1.pom]
Resource missing. [HTTP HEAD: https://repo.maven.apache.org/maven2/com/android/tools/ddms/ddmlib/30.3.1/ddmlib-30.3.1.pom]
Cached resource https://dl.google.com/dl/android/maven2/com/android/databinding/baseLibrary/7.3.1/baseLibrary-7.3.1.pom is up-to-date (lastModified: Thu Oct 13 21:30:00 IST 2022).
Resource missing. [HTTP HEAD: https://repo.maven.apache.org/maven2/com/android/tools/layoutlib/layoutlib-api/30.3.1/layoutlib-api-30.3.1.pom]
Cached resource https://dl.google.com/dl/android/maven2/com/android/tools/ddms/ddmlib/30.3.1/ddmlib-30.3.1.pom is up-to-date (lastModified: Thu Oct 13 21:30:00 IST 2022).
Cached resource https://dl.google.com/dl/android/maven2/com/android/tools/build/builder-test-api/7.3.1/builder-test-api-7.3.1.pom is up-to-date (lastModified: Thu Oct 13 21:30:00 IST 2022).
Resource missing. [HTTP HEAD: https://repo.maven.apache.org/maven2/com/android/tools/utp/android-device-provider-ddmlib-proto/30.3.1/android-device-provider-ddmlib-proto-30.3.1.pom]
Cached resource https://dl.google.com/dl/android/maven2/com/android/tools/build/builder-test-api/7.3.1/builder-test-api-7.3.1.module is up-to-date (lastModified: Thu Oct 13 21:30:00 IST 2022).
Cached resource https://dl.google.com/dl/android/maven2/com/android/tools/layoutlib/layoutlib-api/30.3.1/layoutlib-api-30.3.1.pom is up-to-date (lastModified: Thu Oct 13 21:30:00 IST 2022).
Resource missing. [HTTP HEAD: https://repo.maven.apache.org/maven2/com/android/tools/utp/android-device-provider-gradle-proto/30.3.1/android-device-provider-gradle-proto-30.3.1.pom]
Resource missing. [HTTP HEAD: https://repo.maven.apache.org/maven2/com/android/tools/utp/android-test-plugin-host-additional-test-output-proto/30.3.1/android-test-plugin-host-additional-test-output-proto-30.3.1.pom]
Cached resource https://dl.google.com/dl/android/maven2/com/android/tools/utp/android-device-provider-ddmlib-proto/30.3.1/android-device-provider-ddmlib-proto-30.3.1.pom is up-to-date (lastModified: Thu Oct 13 21:30:00 IST 2022).
Cached resource https://dl.google.com/dl/android/maven2/com/android/tools/utp/android-test-plugin-host-additional-test-output-proto/30.3.1/android-test-plugin-host-additional-test-output-proto-30.3.1.pom is up-to-date (lastModified: Thu Oct 13 21:30:00 IST 2022).
Cached resource https://dl.google.com/dl/android/maven2/com/android/tools/utp/android-device-provider-gradle-proto/30.3.1/android-device-provider-gradle-proto-30.3.1.pom is up-to-date (lastModified: Thu Oct 13 21:30:00 IST 2022).
Resource missing. [HTTP HEAD: https://repo.maven.apache.org/maven2/com/android/tools/utp/android-test-plugin-host-coverage-proto/30.3.1/android-test-plugin-host-coverage-proto-30.3.1.pom]
Resource missing. [HTTP HEAD: https://repo.maven.apache.org/maven2/com/android/tools/utp/android-test-plugin-result-listener-gradle-proto/30.3.1/android-test-plugin-result-listener-gradle-proto-30.3.1.pom]
Resource missing. [HTTP HEAD: https://repo.maven.apache.org/maven2/com/android/tools/utp/android-test-plugin-host-retention-proto/30.3.1/android-test-plugin-host-retention-proto-30.3.1.pom]
Cached resource https://dl.google.com/dl/android/maven2/com/android/tools/utp/android-test-plugin-host-retention-proto/30.3.1/android-test-plugin-host-retention-proto-30.3.1.pom is up-to-date (lastModified: Thu Oct 13 21:30:00 IST 2022).
Cached resource https://dl.google.com/dl/android/maven2/com/android/tools/utp/android-test-plugin-result-listener-gradle-proto/30.3.1/android-test-plugin-result-listener-gradle-proto-30.3.1.pom is up-to-date (lastModified: Thu Oct 13 21:30:00 IST 2022).
Cached resource https://repo.maven.apache.org/maven2/org/jetbrains/kotlin/kotlin-stdlib-jdk8/1.5.31/kotlin-stdlib-jdk8-1.5.31.pom is up-to-date (lastModified: Sat Sep 18 21:21:05 IST 2021).
Cached resource https://dl.google.com/dl/android/maven2/com/android/tools/utp/android-test-plugin-host-coverage-proto/30.3.1/android-test-plugin-host-coverage-proto-30.3.1.pom is up-to-date (lastModified: Thu Oct 13 21:30:00 IST 2022).
Cached resource https://repo.maven.apache.org/maven2/commons-io/commons-io/2.4/commons-io-2.4.pom is up-to-date (lastModified: Wed Jun 13 03:52:06 IST 2012).
Cached resource https://repo.maven.apache.org/maven2/com/android/tools/build/transform-api/2.0.0-deprecated-use-gradle-api/transform-api-2.0.0-deprecated-use-gradle-api.pom is up-to-date (lastModified: Thu Apr 07 22:50:41 IST 2016).
Cached resource https://repo.maven.apache.org/maven2/org/ow2/asm/asm/9.1/asm-9.1.pom is up-to-date (lastModified: Sat Feb 06 18:01:06 IST 2021).
Cached resource https://repo.maven.apache.org/maven2/org/ow2/asm/asm-analysis/9.1/asm-analysis-9.1.pom is up-to-date (lastModified: Sat Feb 06 18:01:09 IST 2021).
Cached resource https://repo.maven.apache.org/maven2/org/ow2/ow2/1.5/ow2-1.5.pom is up-to-date (lastModified: Tue Jul 31 16:52:42 IST 2012).
Cached resource https://repo.maven.apache.org/maven2/org/apache/commons/commons-parent/25/commons-parent-25.pom is up-to-date (lastModified: Fri Apr 27 16:17:46 IST 2012).
Cached resource https://repo.maven.apache.org/maven2/org/apache/apache/9/apache-9.pom is up-to-date (lastModified: Fri Feb 11 05:26:43 IST 2011).
Cached resource https://repo.maven.apache.org/maven2/org/ow2/asm/asm-commons/9.1/asm-commons-9.1.pom is up-to-date (lastModified: Sat Feb 06 18:01:13 IST 2021).
Cached resource https://repo.maven.apache.org/maven2/org/ow2/asm/asm-util/9.1/asm-util-9.1.pom is up-to-date (lastModified: Sat Feb 06 18:01:23 IST 2021).
Cached resource https://repo.maven.apache.org/maven2/org/bouncycastle/bcpkix-jdk15on/1.67/bcpkix-jdk15on-1.67.pom is up-to-date (lastModified: Sun Nov 01 13:59:14 IST 2020).
Resource missing. [HTTP HEAD: https://repo.maven.apache.org/maven2/com/android/tools/build/bundletool/1.9.0/bundletool-1.9.0.pom]
Resource missing. [HTTP HEAD: https://repo.maven.apache.org/maven2/com/android/tools/build/jetifier/jetifier-processor/1.0.0-beta10/jetifier-processor-1.0.0-beta10.pom]
Resource missing. [HTTP HEAD: https://repo.maven.apache.org/maven2/com/android/tools/build/jetifier/jetifier-core/1.0.0-beta10/jetifier-core-1.0.0-beta10.pom]
Cached resource https://repo.maven.apache.org/maven2/com/squareup/javapoet/1.10.0/javapoet-1.10.0.pom is up-to-date (lastModified: Sat Jan 27 10:03:20 IST 2018).
Cached resource https://repo.maven.apache.org/maven2/com/google/protobuf/protobuf-java/3.17.2/protobuf-java-3.17.2.pom is up-to-date (lastModified: Wed Jun 02 23:27:27 IST 2021).
Cached resource https://dl.google.com/dl/android/maven2/com/android/tools/build/bundletool/1.9.0/bundletool-1.9.0.pom is up-to-date (lastModified: Mon Mar 07 20:22:49 IST 2022).
Cached resource https://repo.maven.apache.org/maven2/com/google/code/gson/gson/2.8.6/gson-2.8.6.pom is up-to-date (lastModified: Sat Oct 05 00:25:00 IST 2019).
Cached resource https://repo.maven.apache.org/maven2/com/google/protobuf/protobuf-parent/3.17.2/protobuf-parent-3.17.2.pom is up-to-date (lastModified: Wed Jun 02 23:27:08 IST 2021).
Cached resource https://repo.maven.apache.org/maven2/com/google/protobuf/protobuf-java-util/3.17.2/protobuf-java-util-3.17.2.pom is up-to-date (lastModified: Wed Jun 02 23:27:21 IST 2021).
Cached resource https://repo.maven.apache.org/maven2/com/google/code/gson/gson-parent/2.8.6/gson-parent-2.8.6.pom is up-to-date (lastModified: Sat Oct 05 00:24:49 IST 2019).
Cached resource https://repo.maven.apache.org/maven2/com/google/protobuf/protobuf-bom/3.17.2/protobuf-bom-3.17.2.pom is up-to-date (lastModified: Wed Jun 02 23:27:28 IST 2021).
Cached resource https://repo.maven.apache.org/maven2/io/grpc/grpc-core/1.39.0/grpc-core-1.39.0.pom is up-to-date (lastModified: Wed Jun 30 00:55:31 IST 2021).
Cached resource https://repo.maven.apache.org/maven2/io/grpc/grpc-protobuf/1.39.0/grpc-protobuf-1.39.0.pom is up-to-date (lastModified: Wed Jun 30 00:56:13 IST 2021).
Cached resource https://repo.maven.apache.org/maven2/io/grpc/grpc-netty/1.39.0/grpc-netty-1.39.0.pom is up-to-date (lastModified: Wed Jun 30 00:55:57 IST 2021).
Resource missing. [HTTP HEAD: https://repo.maven.apache.org/maven2/com/google/testing/platform/core-proto/0.0.8-alpha07/core-proto-0.0.8-alpha07.pom]
Cached resource https://repo.maven.apache.org/maven2/com/google/crypto/tink/tink/1.3.0-rc2/tink-1.3.0-rc2.pom is up-to-date (lastModified: Tue Nov 26 08:55:27 IST 2019).
Cached resource https://repo.maven.apache.org/maven2/io/grpc/grpc-stub/1.39.0/grpc-stub-1.39.0.pom is up-to-date (lastModified: Wed Jun 30 00:55:44 IST 2021).
Cached resource https://repo.maven.apache.org/maven2/org/tensorflow/tensorflow-lite-metadata/0.1.0-rc2/tensorflow-lite-metadata-0.1.0-rc2.pom is up-to-date (lastModified: Fri Nov 20 12:18:08 IST 2020).
Resource missing. [HTTP HEAD: https://repo.maven.apache.org/maven2/com/android/tools/build/builder/7.3.1/builder-7.3.1.pom]
Resource missing. [HTTP HEAD: https://repo.maven.apache.org/maven2/com/android/tools/build/builder-model/7.3.1/builder-model-7.3.1.pom]
Cached resource https://dl.google.com/dl/android/maven2/com/android/tools/build/builder/7.3.1/builder-7.3.1.pom is up-to-date (lastModified: Thu Oct 13 21:30:00 IST 2022).
Cached resource https://dl.google.com/dl/android/maven2/com/google/testing/platform/core-proto/0.0.8-alpha07/core-proto-0.0.8-alpha07.pom is up-to-date (lastModified: Sat Jul 31 01:55:15 IST 2021).
Resource missing. [HTTP HEAD: https://repo.maven.apache.org/maven2/com/android/tools/build/gradle-api/7.3.1/gradle-api-7.3.1.pom]
Cached resource https://dl.google.com/dl/android/maven2/com/android/tools/build/builder/7.3.1/builder-7.3.1.module is up-to-date (lastModified: Thu Oct 13 21:30:00 IST 2022).
Cached resource https://dl.google.com/dl/android/maven2/com/android/tools/build/builder-model/7.3.1/builder-model-7.3.1.pom is up-to-date (lastModified: Thu Oct 13 21:30:00 IST 2022).
Cached resource https://dl.google.com/dl/android/maven2/com/android/tools/build/builder-model/7.3.1/builder-model-7.3.1.module is up-to-date (lastModified: Thu Oct 13 21:30:00 IST 2022).
Cached resource https://dl.google.com/dl/android/maven2/com/android/tools/build/gradle-api/7.3.1/gradle-api-7.3.1.pom is up-to-date (lastModified: Thu Oct 13 21:30:00 IST 2022).
Cached resource https://dl.google.com/dl/android/maven2/com/android/tools/build/gradle-api/7.3.1/gradle-api-7.3.1.module is up-to-date (lastModified: Thu Oct 13 21:30:00 IST 2022).
Resource missing. [HTTP HEAD: https://repo.maven.apache.org/maven2/com/android/tools/sdklib/30.3.1/sdklib-30.3.1.pom]
Resource missing. [HTTP HEAD: https://repo.maven.apache.org/maven2/com/android/tools/build/aaptcompiler/7.3.1/aaptcompiler-7.3.1.pom]
Resource missing. [HTTP HEAD: https://repo.maven.apache.org/maven2/com/android/tools/lint/lint-model/30.3.1/lint-model-30.3.1.pom]
Cached resource https://dl.google.com/dl/android/maven2/com/android/tools/sdklib/30.3.1/sdklib-30.3.1.pom is up-to-date (lastModified: Thu Oct 13 21:30:00 IST 2022).
Cached resource https://dl.google.com/dl/android/maven2/com/android/tools/build/aaptcompiler/7.3.1/aaptcompiler-7.3.1.pom is up-to-date (lastModified: Thu Oct 13 21:30:00 IST 2022).
Cached resource https://dl.google.com/dl/android/maven2/com/android/tools/lint/lint-model/30.3.1/lint-model-30.3.1.pom is up-to-date (lastModified: Thu Oct 13 21:30:00 IST 2022).
Cached resource https://dl.google.com/dl/android/maven2/com/android/tools/build/aaptcompiler/7.3.1/aaptcompiler-7.3.1.module is up-to-date (lastModified: Thu Oct 13 21:30:00 IST 2022).
Resource missing. [HTTP HEAD: https://repo.maven.apache.org/maven2/com/android/tools/analytics-library/shared/30.3.1/shared-30.3.1.pom]
Resource missing. [HTTP HEAD: https://repo.maven.apache.org/maven2/com/android/tools/lint/lint-typedef-remover/30.3.1/lint-typedef-remover-30.3.1.pom]
Resource missing. [HTTP HEAD: https://repo.maven.apache.org/maven2/com/android/tools/analytics-library/crash/30.3.1/crash-30.3.1.pom]
Cached resource https://dl.google.com/dl/android/maven2/com/android/tools/lint/lint-typedef-remover/30.3.1/lint-typedef-remover-30.3.1.pom is up-to-date (lastModified: Thu Oct 13 21:30:00 IST 2022).
Cached resource https://dl.google.com/dl/android/maven2/com/android/tools/analytics-library/shared/30.3.1/shared-30.3.1.pom is up-to-date (lastModified: Thu Oct 13 21:30:00 IST 2022).
Cached resource https://dl.google.com/dl/android/maven2/com/android/tools/analytics-library/crash/30.3.1/crash-30.3.1.pom is up-to-date (lastModified: Thu Oct 13 21:30:00 IST 2022).
Resource missing. [HTTP HEAD: https://repo.maven.apache.org/maven2/androidx/databinding/databinding-common/7.3.1/databinding-common-7.3.1.pom]
Resource missing. [HTTP HEAD: https://repo.maven.apache.org/maven2/androidx/databinding/databinding-compiler-common/7.3.1/databinding-compiler-common-7.3.1.pom]
Cached resource https://dl.google.com/dl/android/maven2/androidx/databinding/databinding-common/7.3.1/databinding-common-7.3.1.pom is up-to-date (lastModified: Thu Oct 13 21:30:00 IST 2022).
Resource missing. [HTTP HEAD: https://repo.maven.apache.org/maven2/com/android/tools/build/aapt2-proto/7.3.1-8691043/aapt2-proto-7.3.1-8691043.pom]
Cached resource https://dl.google.com/dl/android/maven2/androidx/databinding/databinding-compiler-common/7.3.1/databinding-compiler-common-7.3.1.pom is up-to-date (lastModified: Thu Oct 13 21:30:00 IST 2022).
Cached resource https://dl.google.com/dl/android/maven2/com/android/tools/build/aapt2-proto/7.3.1-8691043/aapt2-proto-7.3.1-8691043.pom is up-to-date (lastModified: Thu Oct 13 21:30:00 IST 2022).
Cached resource https://dl.google.com/dl/android/maven2/com/android/tools/build/aapt2-proto/7.3.1-8691043/aapt2-proto-7.3.1-8691043.module is up-to-date (lastModified: Thu Oct 13 21:30:00 IST 2022).
Cached resource https://repo.maven.apache.org/maven2/com/diffplug/durian/durian-collect/1.2.0/durian-collect-1.2.0.pom is up-to-date (lastModified: Tue Jun 28 00:25:52 IST 2016).
Cached resource https://repo.maven.apache.org/maven2/com/diffplug/spotless/spotless-lib/2.30.0/spotless-lib-2.30.0.pom is up-to-date (lastModified: Wed Sep 14 11:23:30 IST 2022).
Cached resource https://repo.maven.apache.org/maven2/com/diffplug/durian/durian-io/1.2.0/durian-io-1.2.0.pom is up-to-date (lastModified: Tue Jun 28 00:27:26 IST 2016).
Cached resource https://repo.maven.apache.org/maven2/com/diffplug/spotless/spotless-lib-extra/2.30.0/spotless-lib-extra-2.30.0.pom is up-to-date (lastModified: Wed Sep 14 11:23:30 IST 2022).
Cached resource https://repo.maven.apache.org/maven2/com/diffplug/durian/durian-core/1.2.0/durian-core-1.2.0.pom is up-to-date (lastModified: Tue Jun 28 00:24:55 IST 2016).
Cached resource https://repo.maven.apache.org/maven2/org/eclipse/jgit/org.eclipse.jgit/5.13.1.202206130422-r/org.eclipse.jgit-5.13.1.202206130422-r.pom is up-to-date (lastModified: Mon Jun 13 16:35:26 IST 2022).
Cached resource https://repo.maven.apache.org/maven2/com/diffplug/spotless/spotless-lib-extra/2.30.0/spotless-lib-extra-2.30.0.module is up-to-date (lastModified: Wed Sep 14 11:23:30 IST 2022).
Cached resource https://repo.maven.apache.org/maven2/com/diffplug/spotless/spotless-lib/2.30.0/spotless-lib-2.30.0.module is up-to-date (lastModified: Wed Sep 14 11:23:30 IST 2022).
Cached resource https://repo.maven.apache.org/maven2/org/eclipse/jgit/org.eclipse.jgit-parent/5.13.1.202206130422-r/org.eclipse.jgit-parent-5.13.1.202206130422-r.pom is up-to-date (lastModified: Mon Jun 13 16:34:58 IST 2022).
Resource missing. [HTTP HEAD: https://repo.maven.apache.org/maven2/com/android/tools/common/30.3.1/common-30.3.1.pom]
Cached resource https://repo.maven.apache.org/maven2/com/google/guava/guava/30.1-jre/guava-30.1-jre.pom is up-to-date (lastModified: Mon Dec 14 21:35:50 IST 2020).
Cached resource https://repo.maven.apache.org/maven2/xerces/xercesImpl/2.12.0/xercesImpl-2.12.0.pom is up-to-date (lastModified: Fri Jun 22 23:57:27 IST 2018).
Cached resource https://repo.maven.apache.org/maven2/org/jetbrains/kotlin/kotlin-reflect/1.5.31/kotlin-reflect-1.5.31.pom is up-to-date (lastModified: Sat Sep 18 21:19:59 IST 2021).
Cached resource https://repo.maven.apache.org/maven2/org/jetbrains/intellij/deps/trove4j/1.0.20181211/trove4j-1.0.20181211.pom is up-to-date (lastModified: Tue Dec 11 18:24:51 IST 2018).
Cached resource https://repo.maven.apache.org/maven2/org/bouncycastle/bcprov-jdk15on/1.67/bcprov-jdk15on-1.67.pom is up-to-date (lastModified: Sun Nov 01 13:56:21 IST 2020).
Cached resource https://dl.google.com/dl/android/maven2/com/android/tools/common/30.3.1/common-30.3.1.pom is up-to-date (lastModified: Thu Oct 13 21:30:00 IST 2022).
Cached resource https://repo.maven.apache.org/maven2/com/google/guava/guava-parent/30.1-jre/guava-parent-30.1-jre.pom is up-to-date (lastModified: Mon Dec 14 21:34:46 IST 2020).
Resource missing. [HTTP HEAD: https://repo.maven.apache.org/maven2/com/android/tools/dvlib/30.3.1/dvlib-30.3.1.pom]
Cached resource https://repo.maven.apache.org/maven2/org/apache/httpcomponents/httpcore/4.4.13/httpcore-4.4.13.pom is up-to-date (lastModified: Thu Jan 09 18:27:43 IST 2020).
Cached resource https://repo.maven.apache.org/maven2/org/apache/commons/commons-compress/1.20/commons-compress-1.20.pom is up-to-date (lastModified: Wed Feb 05 10:40:22 IST 2020).
Cached resource https://dl.google.com/dl/android/maven2/com/android/tools/dvlib/30.3.1/dvlib-30.3.1.pom is up-to-date (lastModified: Thu Oct 13 21:30:00 IST 2022).
Cached resource https://repo.maven.apache.org/maven2/org/apache/commons/commons-parent/48/commons-parent-48.pom is up-to-date (lastModified: Wed Mar 20 20:37:16 IST 2019).
Cached resource https://repo.maven.apache.org/maven2/org/apache/httpcomponents/httpcomponents-core/4.4.13/httpcomponents-core-4.4.13.pom is up-to-date (lastModified: Thu Jan 09 18:27:02 IST 2020).
Resource missing. [HTTP HEAD: https://repo.maven.apache.org/maven2/com/android/tools/annotations/30.3.1/annotations-30.3.1.pom]
Cached resource https://repo.maven.apache.org/maven2/org/apache/httpcomponents/httpclient/4.5.13/httpclient-4.5.13.pom is up-to-date (lastModified: Sat Oct 03 20:17:41 IST 2020).
Cached resource https://dl.google.com/dl/android/maven2/com/android/tools/annotations/30.3.1/annotations-30.3.1.pom is up-to-date (lastModified: Thu Oct 13 21:30:00 IST 2022).
Cached resource https://repo.maven.apache.org/maven2/org/apache/httpcomponents/httpcomponents-client/4.5.13/httpcomponents-client-4.5.13.pom is up-to-date (lastModified: Sat Oct 03 20:16:52 IST 2020).
Resource missing. [HTTP HEAD: https://repo.maven.apache.org/maven2/com/android/tools/analytics-library/protos/30.3.1/protos-30.3.1.pom]
Cached resource https://dl.google.com/dl/android/maven2/com/android/tools/analytics-library/protos/30.3.1/protos-30.3.1.pom is up-to-date (lastModified: Thu Oct 13 21:30:00 IST 2022).
Cached resource https://repo.maven.apache.org/maven2/org/jetbrains/kotlin/kotlin-stdlib/1.5.31/kotlin-stdlib-1.5.31.pom is up-to-date (lastModified: Sat Sep 18 21:20:57 IST 2021).
Cached resource https://repo.maven.apache.org/maven2/org/jetbrains/kotlin/kotlin-stdlib-jdk7/1.5.31/kotlin-stdlib-jdk7-1.5.31.pom is up-to-date (lastModified: Sat Sep 18 21:21:02 IST 2021).
Cached resource https://repo.maven.apache.org/maven2/org/ow2/asm/asm-tree/9.1/asm-tree-9.1.pom is up-to-date (lastModified: Sat Feb 06 18:01:19 IST 2021).
Cached resource https://repo.maven.apache.org/maven2/org/bitbucket/b_c/jose4j/0.7.0/jose4j-0.7.0.pom is up-to-date (lastModified: Thu Oct 24 18:17:44 IST 2019).
Cached resource https://repo.maven.apache.org/maven2/com/google/errorprone/error_prone_annotations/2.3.1/error_prone_annotations-2.3.1.pom is up-to-date (lastModified: Sat Apr 21 02:47:28 IST 2018).
Cached resource https://repo.maven.apache.org/maven2/com/google/errorprone/error_prone_parent/2.3.1/error_prone_parent-2.3.1.pom is up-to-date (lastModified: Sat Apr 21 02:47:16 IST 2018).
Cached resource https://repo.maven.apache.org/maven2/com/google/errorprone/error_prone_annotations/2.3.4/error_prone_annotations-2.3.4.pom is up-to-date (lastModified: Tue Dec 03 00:31:59 IST 2019).
Cached resource https://repo.maven.apache.org/maven2/com/google/errorprone/error_prone_parent/2.3.4/error_prone_parent-2.3.4.pom is up-to-date (lastModified: Tue Dec 03 00:31:32 IST 2019).
Cached resource https://repo.maven.apache.org/maven2/com/google/errorprone/error_prone_annotations/2.4.0/error_prone_annotations-2.4.0.pom is up-to-date (lastModified: Sat May 30 00:55:20 IST 2020).
Cached resource https://repo.maven.apache.org/maven2/com/google/errorprone/error_prone_parent/2.4.0/error_prone_parent-2.4.0.pom is up-to-date (lastModified: Sat May 30 00:54:42 IST 2020).
Cached resource https://repo.maven.apache.org/maven2/io/perfmark/perfmark-api/0.23.0/perfmark-api-0.23.0.pom is up-to-date (lastModified: Thu Sep 10 08:38:19 IST 2020).
Cached resource https://repo.maven.apache.org/maven2/org/codehaus/mojo/animal-sniffer-annotations/1.19/animal-sniffer-annotations-1.19.pom is up-to-date (lastModified: Fri Jul 03 14:42:09 IST 2020).
Cached resource https://repo.maven.apache.org/maven2/io/grpc/grpc-api/1.39.0/grpc-api-1.39.0.pom is up-to-date (lastModified: Wed Jun 30 00:57:18 IST 2021).
Cached resource https://repo.maven.apache.org/maven2/io/perfmark/perfmark-api/0.23.0/perfmark-api-0.23.0.module is up-to-date (lastModified: Thu Sep 10 08:38:21 IST 2020).
Cached resource https://repo.maven.apache.org/maven2/org/codehaus/mojo/animal-sniffer-parent/1.19/animal-sniffer-parent-1.19.pom is up-to-date (lastModified: Fri Jul 03 14:40:53 IST 2020).
Cached resource https://repo.maven.apache.org/maven2/org/codehaus/mojo/mojo-parent/50/mojo-parent-50.pom is up-to-date (lastModified: Sun Nov 25 19:36:07 IST 2018).
Cached resource https://repo.maven.apache.org/maven2/io/netty/netty-handler-proxy/4.1.52.Final/netty-handler-proxy-4.1.52.Final.pom is up-to-date (lastModified: Tue Sep 08 12:19:00 IST 2020).
Cached resource https://repo.maven.apache.org/maven2/io/netty/netty-codec-http2/4.1.52.Final/netty-codec-http2-4.1.52.Final.pom is up-to-date (lastModified: Tue Sep 08 12:16:30 IST 2020).
Cached resource https://repo.maven.apache.org/maven2/io/netty/netty-parent/4.1.52.Final/netty-parent-4.1.52.Final.pom is up-to-date (lastModified: Tue Sep 08 12:07:31 IST 2020).
Cached resource https://repo.maven.apache.org/maven2/io/grpc/grpc-protobuf-lite/1.39.0/grpc-protobuf-lite-1.39.0.pom is up-to-date (lastModified: Wed Jun 30 00:56:42 IST 2021).
Cached resource https://repo.maven.apache.org/maven2/com/google/api/grpc/proto-google-common-protos/2.0.1/proto-google-common-protos-2.0.1.pom is up-to-date (lastModified: Tue Nov 03 01:55:58 IST 2020).
Cached resource https://repo.maven.apache.org/maven2/org/json/json/20180813/json-20180813.pom is up-to-date (lastModified: Tue Aug 14 14:15:14 IST 2018).
Resource missing. [HTTP HEAD: https://repo.maven.apache.org/maven2/com/android/tools/analytics-library/tracker/30.3.1/tracker-30.3.1.pom]
Cached resource https://repo.maven.apache.org/maven2/commons-codec/commons-codec/1.10/commons-codec-1.10.pom is up-to-date (lastModified: Thu Nov 06 19:45:35 IST 2014).
Resource missing. [HTTP HEAD: https://repo.maven.apache.org/maven2/com/android/signflinger/7.3.1/signflinger-7.3.1.pom]
Resource missing. [HTTP HEAD: https://repo.maven.apache.org/maven2/com/android/tools/build/apkzlib/7.3.1/apkzlib-7.3.1.pom]
Resource missing. [HTTP HEAD: https://repo.maven.apache.org/maven2/com/android/tools/build/apksig/7.3.1/apksig-7.3.1.pom]
Cached resource https://repo.maven.apache.org/maven2/com/googlecode/json-simple/json-simple/1.1/json-simple-1.1.pom is up-to-date (lastModified: Wed Aug 12 21:35:13 IST 2009).
Cached resource https://repo.maven.apache.org/maven2/it/unimi/dsi/fastutil/8.4.0/fastutil-8.4.0.pom is up-to-date (lastModified: Fri Jul 24 12:49:43 IST 2020).
Resource missing. [HTTP HEAD: https://repo.maven.apache.org/maven2/com/android/zipflinger/7.3.1/zipflinger-7.3.1.pom]
Resource missing. [HTTP HEAD: https://repo.maven.apache.org/maven2/com/android/tools/build/manifest-merger/30.3.1/manifest-merger-30.3.1.pom]
Cached resource https://repo.maven.apache.org/maven2/org/apache/commons/commons-parent/35/commons-parent-35.pom is up-to-date (lastModified: Wed Oct 22 11:07:21 IST 2014).
Cached resource https://dl.google.com/dl/android/maven2/com/android/tools/analytics-library/tracker/30.3.1/tracker-30.3.1.pom is up-to-date (lastModified: Thu Oct 13 21:30:00 IST 2022).
Cached resource https://dl.google.com/dl/android/maven2/com/android/tools/build/apksig/7.3.1/apksig-7.3.1.pom is up-to-date (lastModified: Thu Oct 13 21:30:00 IST 2022).
Cached resource https://dl.google.com/dl/android/maven2/com/android/signflinger/7.3.1/signflinger-7.3.1.pom is up-to-date (lastModified: Thu Oct 13 21:30:00 IST 2022).
Cached resource https://dl.google.com/dl/android/maven2/com/android/zipflinger/7.3.1/zipflinger-7.3.1.pom is up-to-date (lastModified: Thu Oct 13 21:30:00 IST 2022).
Cached resource https://repo.maven.apache.org/maven2/org/apache/apache/15/apache-15.pom is up-to-date (lastModified: Wed Sep 24 19:57:06 IST 2014).
Cached resource https://dl.google.com/dl/android/maven2/com/android/tools/build/manifest-merger/30.3.1/manifest-merger-30.3.1.pom is up-to-date (lastModified: Thu Oct 13 21:30:00 IST 2022).
Cached resource https://dl.google.com/dl/android/maven2/com/android/tools/build/apkzlib/7.3.1/apkzlib-7.3.1.pom is up-to-date (lastModified: Thu Oct 13 21:30:00 IST 2022).
Cached resource https://dl.google.com/dl/android/maven2/com/android/tools/build/manifest-merger/30.3.1/manifest-merger-30.3.1.module is up-to-date (lastModified: Thu Oct 13 21:30:00 IST 2022).
Cached resource https://repo.maven.apache.org/maven2/com/googlecode/javaewah/JavaEWAH/1.1.13/JavaEWAH-1.1.13.pom is up-to-date (lastModified: Wed Sep 29 06:49:23 IST 2021).
Cached resource https://repo.maven.apache.org/maven2/org/sonatype/oss/oss-parent/5/oss-parent-5.pom is up-to-date (lastModified: Mon Sep 06 19:16:15 IST 2010).
Cached resource https://repo.maven.apache.org/maven2/org/codehaus/groovy/groovy-xml/3.0.10/groovy-xml-3.0.10.pom is up-to-date (lastModified: Sun Mar 06 17:10:54 IST 2022).
Cached resource https://repo.maven.apache.org/maven2/com/googlecode/concurrent-trees/concurrent-trees/2.6.1/concurrent-trees-2.6.1.pom is up-to-date (lastModified: Fri Jul 14 16:35:38 IST 2017).
Cached resource https://repo.maven.apache.org/maven2/org/checkerframework/checker-qual/3.5.0/checker-qual-3.5.0.pom is up-to-date (lastModified: Thu Jul 02 02:39:05 IST 2020).
Cached resource https://repo.maven.apache.org/maven2/xml-apis/xml-apis/1.4.01/xml-apis-1.4.01.pom is up-to-date (lastModified: Sat Aug 20 05:41:11 IST 2011).
Cached resource https://repo.maven.apache.org/maven2/org/jetbrains/kotlin/kotlin-stdlib-common/1.5.31/kotlin-stdlib-common-1.5.31.pom is up-to-date (lastModified: Sat Sep 18 21:21:00 IST 2021).
Cached resource https://repo.maven.apache.org/maven2/io/grpc/grpc-context/1.39.0/grpc-context-1.39.0.pom is up-to-date (lastModified: Wed Jun 30 00:56:28 IST 2021).
Cached resource https://repo.maven.apache.org/maven2/io/netty/netty-codec-http/4.1.52.Final/netty-codec-http-4.1.52.Final.pom is up-to-date (lastModified: Tue Sep 08 12:15:40 IST 2020).
Cached resource https://repo.maven.apache.org/maven2/io/netty/netty-handler/4.1.52.Final/netty-handler-4.1.52.Final.pom is up-to-date (lastModified: Tue Sep 08 12:15:10 IST 2020).
Cached resource https://repo.maven.apache.org/maven2/io/netty/netty-codec/4.1.52.Final/netty-codec-4.1.52.Final.pom is up-to-date (lastModified: Tue Sep 08 12:11:51 IST 2020).
Cached resource https://repo.maven.apache.org/maven2/io/netty/netty-transport/4.1.52.Final/netty-transport-4.1.52.Final.pom is up-to-date (lastModified: Tue Sep 08 12:11:20 IST 2020).
Cached resource https://repo.maven.apache.org/maven2/io/netty/netty-buffer/4.1.52.Final/netty-buffer-4.1.52.Final.pom is up-to-date (lastModified: Tue Sep 08 12:09:47 IST 2020).
Cached resource https://repo.maven.apache.org/maven2/io/netty/netty-common/4.1.52.Final/netty-common-4.1.52.Final.pom is up-to-date (lastModified: Tue Sep 08 12:08:49 IST 2020).
Cached resource https://repo.maven.apache.org/maven2/io/netty/netty-codec-socks/4.1.52.Final/netty-codec-socks-4.1.52.Final.pom is up-to-date (lastModified: Tue Sep 08 12:18:00 IST 2020).
Cached resource https://repo.maven.apache.org/maven2/org/codehaus/groovy/groovy/3.0.10/groovy-3.0.10.pom is up-to-date (lastModified: Sun Mar 06 16:48:12 IST 2022).
Cached resource https://repo.maven.apache.org/maven2/io/netty/netty-resolver/4.1.52.Final/netty-resolver-4.1.52.Final.pom is up-to-date (lastModified: Tue Sep 08 12:10:04 IST 2020).
Cached resource https://dl.google.com/dl/android/maven2/com/android/tools/lint/lint-model/30.3.1/lint-model-30.3.1.jar is up-to-date (lastModified: Thu Oct 13 21:30:00 IST 2022).
Cached resource https://dl.google.com/dl/android/maven2/com/android/tools/build/manifest-merger/30.3.1/manifest-merger-30.3.1.jar is up-to-date (lastModified: Thu Oct 13 21:30:00 IST 2022).
Cached resource https://dl.google.com/dl/android/maven2/com/android/tools/build/gradle-api/7.3.1/gradle-api-7.3.1.jar is up-to-date (lastModified: Thu Oct 13 21:30:00 IST 2022).
Cached resource https://repo.maven.apache.org/maven2/com/diffplug/spotless/spotless-plugin-gradle/6.11.0/spotless-plugin-gradle-6.11.0.jar is up-to-date (lastModified: Wed Sep 14 11:24:58 IST 2022).
Cached resource https://dl.google.com/dl/android/maven2/com/android/tools/sdklib/30.3.1/sdklib-30.3.1.jar is up-to-date (lastModified: Thu Oct 13 21:30:00 IST 2022).
Cached resource https://dl.google.com/dl/android/maven2/com/android/tools/build/builder/7.3.1/builder-7.3.1.jar is up-to-date (lastModified: Thu Oct 13 21:30:00 IST 2022).
Cached resource https://dl.google.com/dl/android/maven2/com/android/tools/build/gradle/7.3.1/gradle-7.3.1.jar is up-to-date (lastModified: Thu Oct 13 21:30:00 IST 2022).
Cached resource https://dl.google.com/dl/android/maven2/com/android/tools/build/builder-test-api/7.3.1/builder-test-api-7.3.1.jar is up-to-date (lastModified: Thu Oct 13 21:30:00 IST 2022).
Cached resource https://dl.google.com/dl/android/maven2/com/android/tools/repository/30.3.1/repository-30.3.1.jar is up-to-date (lastModified: Thu Oct 13 21:30:00 IST 2022).
Cached resource https://dl.google.com/dl/android/maven2/com/android/tools/build/aaptcompiler/7.3.1/aaptcompiler-7.3.1.jar is up-to-date (lastModified: Thu Oct 13 21:30:00 IST 2022).
Cached resource https://dl.google.com/dl/android/maven2/com/android/tools/sdk-common/30.3.1/sdk-common-30.3.1.jar is up-to-date (lastModified: Thu Oct 13 21:30:00 IST 2022).
Cached resource https://dl.google.com/dl/android/maven2/com/android/tools/analytics-library/crash/30.3.1/crash-30.3.1.jar is up-to-date (lastModified: Thu Oct 13 21:30:00 IST 2022).
Cached resource https://dl.google.com/dl/android/maven2/com/android/tools/analytics-library/shared/30.3.1/shared-30.3.1.jar is up-to-date (lastModified: Thu Oct 13 21:30:00 IST 2022).
Cached resource https://dl.google.com/dl/android/maven2/androidx/databinding/databinding-compiler-common/7.3.1/databinding-compiler-common-7.3.1.jar is up-to-date (lastModified: Thu Oct 13 21:30:00 IST 2022).
Cached resource https://dl.google.com/dl/android/maven2/com/android/tools/build/aapt2-proto/7.3.1-8691043/aapt2-proto-7.3.1-8691043.jar is up-to-date (lastModified: Thu Oct 13 21:30:00 IST 2022).
Cached resource https://dl.google.com/dl/android/maven2/com/android/tools/lint/lint-typedef-remover/30.3.1/lint-typedef-remover-30.3.1.jar is up-to-date (lastModified: Thu Oct 13 21:30:00 IST 2022).
Cached resource https://dl.google.com/dl/android/maven2/com/android/tools/build/bundletool/1.9.0/bundletool-1.9.0.jar is up-to-date (lastModified: Mon Mar 07 20:22:49 IST 2022).
Cached resource https://dl.google.com/dl/android/maven2/com/android/tools/ddms/ddmlib/30.3.1/ddmlib-30.3.1.jar is up-to-date (lastModified: Thu Oct 13 21:30:00 IST 2022).
Cached resource https://dl.google.com/dl/android/maven2/com/android/tools/analytics-library/tracker/30.3.1/tracker-30.3.1.jar is up-to-date (lastModified: Thu Oct 13 21:30:00 IST 2022).
Cached resource https://dl.google.com/dl/android/maven2/com/android/databinding/baseLibrary/7.3.1/baseLibrary-7.3.1.jar is up-to-date (lastModified: Thu Oct 13 21:30:00 IST 2022).
Cached resource https://dl.google.com/dl/android/maven2/com/android/tools/layoutlib/layoutlib-api/30.3.1/layoutlib-api-30.3.1.jar is up-to-date (lastModified: Thu Oct 13 21:30:00 IST 2022).
Cached resource https://dl.google.com/dl/android/maven2/androidx/databinding/databinding-common/7.3.1/databinding-common-7.3.1.jar is up-to-date (lastModified: Thu Oct 13 21:30:00 IST 2022).
Cached resource https://dl.google.com/dl/android/maven2/com/android/tools/utp/android-device-provider-ddmlib-proto/30.3.1/android-device-provider-ddmlib-proto-30.3.1.jar is up-to-date (lastModified: Thu Oct 13 21:30:00 IST 2022).
Cached resource https://dl.google.com/dl/android/maven2/com/android/tools/utp/android-device-provider-gradle-proto/30.3.1/android-device-provider-gradle-proto-30.3.1.jar is up-to-date (lastModified: Thu Oct 13 21:30:00 IST 2022).
Cached resource https://dl.google.com/dl/android/maven2/com/android/tools/utp/android-test-plugin-host-additional-test-output-proto/30.3.1/android-test-plugin-host-additional-test-output-proto-30.3.1.jar is up-to-date (lastModified: Thu Oct 13 21:30:00 IST 2022).
Cached resource https://dl.google.com/dl/android/maven2/com/android/tools/utp/android-test-plugin-result-listener-gradle-proto/30.3.1/android-test-plugin-result-listener-gradle-proto-30.3.1.jar is up-to-date (lastModified: Thu Oct 13 21:30:00 IST 2022).
Cached resource https://dl.google.com/dl/android/maven2/com/android/tools/utp/android-test-plugin-host-retention-proto/30.3.1/android-test-plugin-host-retention-proto-30.3.1.jar is up-to-date (lastModified: Thu Oct 13 21:30:00 IST 2022).
Cached resource https://repo.maven.apache.org/maven2/org/jetbrains/kotlin/kotlin-stdlib-jdk8/1.5.31/kotlin-stdlib-jdk8-1.5.31.jar is up-to-date (lastModified: Sat Sep 18 21:21:05 IST 2021).
Cached resource https://repo.maven.apache.org/maven2/com/android/tools/build/transform-api/2.0.0-deprecated-use-gradle-api/transform-api-2.0.0-deprecated-use-gradle-api.jar is up-to-date (lastModified: Thu Apr 07 22:50:40 IST 2016).
Cached resource https://dl.google.com/dl/android/maven2/com/android/tools/common/30.3.1/common-30.3.1.jar is up-to-date (lastModified: Thu Oct 13 21:30:00 IST 2022).
Cached resource https://dl.google.com/dl/android/maven2/com/android/tools/dvlib/30.3.1/dvlib-30.3.1.jar is up-to-date (lastModified: Thu Oct 13 21:30:00 IST 2022).
Cached resource https://dl.google.com/dl/android/maven2/com/android/tools/build/builder-model/7.3.1/builder-model-7.3.1.jar is up-to-date (lastModified: Thu Oct 13 21:30:00 IST 2022).
Cached resource https://repo.maven.apache.org/maven2/commons-io/commons-io/2.4/commons-io-2.4.jar is up-to-date (lastModified: Wed Jun 13 03:52:03 IST 2012).
Cached resource https://dl.google.com/dl/android/maven2/com/android/tools/utp/android-test-plugin-host-coverage-proto/30.3.1/android-test-plugin-host-coverage-proto-30.3.1.jar is up-to-date (lastModified: Thu Oct 13 21:30:00 IST 2022).
Cached resource https://repo.maven.apache.org/maven2/org/ow2/asm/asm-commons/9.1/asm-commons-9.1.jar is up-to-date (lastModified: Sat Feb 06 18:01:13 IST 2021).
Cached resource https://repo.maven.apache.org/maven2/org/ow2/asm/asm-util/9.1/asm-util-9.1.jar is up-to-date (lastModified: Sat Feb 06 18:01:23 IST 2021).
Cached resource https://repo.maven.apache.org/maven2/org/bouncycastle/bcpkix-jdk15on/1.67/bcpkix-jdk15on-1.67.jar is up-to-date (lastModified: Sun Nov 01 13:59:14 IST 2020).
Cached resource https://repo.maven.apache.org/maven2/org/ow2/asm/asm-tree/9.1/asm-tree-9.1.jar is up-to-date (lastModified: Sat Feb 06 18:01:19 IST 2021).
Cached resource https://repo.maven.apache.org/maven2/org/ow2/asm/asm/9.1/asm-9.1.jar is up-to-date (lastModified: Sat Feb 06 18:01:05 IST 2021).
Cached resource https://repo.maven.apache.org/maven2/org/ow2/asm/asm-analysis/9.1/asm-analysis-9.1.jar is up-to-date (lastModified: Sat Feb 06 18:01:09 IST 2021).
Cached resource https://repo.maven.apache.org/maven2/com/google/protobuf/protobuf-java-util/3.17.2/protobuf-java-util-3.17.2.jar is up-to-date (lastModified: Wed Jun 02 23:27:20 IST 2021).
Cached resource https://repo.maven.apache.org/maven2/io/grpc/grpc-protobuf/1.39.0/grpc-protobuf-1.39.0.jar is up-to-date (lastModified: Wed Jun 30 00:56:11 IST 2021).
Cached resource https://repo.maven.apache.org/maven2/com/squareup/javapoet/1.10.0/javapoet-1.10.0.jar is up-to-date (lastModified: Sat Jan 27 10:03:16 IST 2018).
Cached resource https://repo.maven.apache.org/maven2/com/google/crypto/tink/tink/1.3.0-rc2/tink-1.3.0-rc2.jar is up-to-date (lastModified: Tue Nov 26 08:55:27 IST 2019).
Cached resource https://repo.maven.apache.org/maven2/com/google/api/grpc/proto-google-common-protos/2.0.1/proto-google-common-protos-2.0.1.jar is up-to-date (lastModified: Tue Nov 03 01:55:58 IST 2020).
Cached resource https://repo.maven.apache.org/maven2/com/google/protobuf/protobuf-java/3.17.2/protobuf-java-3.17.2.jar is up-to-date (lastModified: Wed Jun 02 23:27:27 IST 2021).
Cached resource https://repo.maven.apache.org/maven2/io/grpc/grpc-netty/1.39.0/grpc-netty-1.39.0.jar is up-to-date (lastModified: Wed Jun 30 00:55:58 IST 2021).
Cached resource https://repo.maven.apache.org/maven2/org/tensorflow/tensorflow-lite-metadata/0.1.0-rc2/tensorflow-lite-metadata-0.1.0-rc2.jar is up-to-date (lastModified: Fri Nov 20 12:16:54 IST 2020).
Cached resource https://repo.maven.apache.org/maven2/io/grpc/grpc-core/1.39.0/grpc-core-1.39.0.jar is up-to-date (lastModified: Wed Jun 30 00:55:31 IST 2021).
Cached resource https://repo.maven.apache.org/maven2/io/grpc/grpc-stub/1.39.0/grpc-stub-1.39.0.jar is up-to-date (lastModified: Wed Jun 30 00:55:44 IST 2021).
Cached resource https://repo.maven.apache.org/maven2/com/diffplug/spotless/spotless-lib-extra/2.30.0/spotless-lib-extra-2.30.0.jar is up-to-date (lastModified: Wed Sep 14 11:23:30 IST 2022).
Cached resource https://repo.maven.apache.org/maven2/com/diffplug/durian/durian-collect/1.2.0/durian-collect-1.2.0.jar is up-to-date (lastModified: Tue Jun 28 00:25:49 IST 2016).
Cached resource https://repo.maven.apache.org/maven2/com/diffplug/durian/durian-io/1.2.0/durian-io-1.2.0.jar is up-to-date (lastModified: Tue Jun 28 00:27:25 IST 2016).
Cached resource https://repo.maven.apache.org/maven2/com/diffplug/durian/durian-core/1.2.0/durian-core-1.2.0.jar is up-to-date (lastModified: Tue Jun 28 00:24:50 IST 2016).
Cached resource https://repo.maven.apache.org/maven2/org/eclipse/jgit/org.eclipse.jgit/5.13.1.202206130422-r/org.eclipse.jgit-5.13.1.202206130422-r.jar is up-to-date (lastModified: Mon Jun 13 16:35:06 IST 2022).
Cached resource https://repo.maven.apache.org/maven2/org/bouncycastle/bcprov-jdk15on/1.67/bcprov-jdk15on-1.67.jar is up-to-date (lastModified: Sun Nov 01 13:56:20 IST 2020).
Cached resource https://repo.maven.apache.org/maven2/io/grpc/grpc-protobuf-lite/1.39.0/grpc-protobuf-lite-1.39.0.jar is up-to-date (lastModified: Wed Jun 30 00:56:44 IST 2021).
Cached resource https://repo.maven.apache.org/maven2/xerces/xercesImpl/2.12.0/xercesImpl-2.12.0.jar is up-to-date (lastModified: Fri Jun 22 23:57:27 IST 2018).
Cached resource https://dl.google.com/dl/android/maven2/com/android/tools/build/apkzlib/7.3.1/apkzlib-7.3.1.jar is up-to-date (lastModified: Thu Oct 13 21:30:00 IST 2022).
Cached resource https://repo.maven.apache.org/maven2/com/google/guava/guava/30.1-jre/guava-30.1-jre.jar is up-to-date (lastModified: Mon Dec 14 21:35:49 IST 2020).
Cached resource https://repo.maven.apache.org/maven2/org/apache/commons/commons-compress/1.20/commons-compress-1.20.jar is up-to-date (lastModified: Wed Feb 05 10:40:22 IST 2020).
Cached resource https://repo.maven.apache.org/maven2/org/jetbrains/kotlin/kotlin-reflect/1.5.31/kotlin-reflect-1.5.31.jar is up-to-date (lastModified: Sat Sep 18 21:19:58 IST 2021).
Cached resource https://repo.maven.apache.org/maven2/org/jetbrains/intellij/deps/trove4j/1.0.20181211/trove4j-1.0.20181211.jar is up-to-date (lastModified: Tue Dec 11 18:25:34 IST 2018).
Cached resource https://repo.maven.apache.org/maven2/com/diffplug/spotless/spotless-lib/2.30.0/spotless-lib-2.30.0.jar is up-to-date (lastModified: Wed Sep 14 11:23:30 IST 2022).
Cached resource https://dl.google.com/dl/android/maven2/com/google/testing/platform/core-proto/0.0.8-alpha07/core-proto-0.0.8-alpha07.jar is up-to-date (lastModified: Sat Jul 31 01:55:15 IST 2021).
Cached resource https://repo.maven.apache.org/maven2/io/grpc/grpc-api/1.39.0/grpc-api-1.39.0.jar is up-to-date (lastModified: Wed Jun 30 00:57:09 IST 2021).
Cached resource https://dl.google.com/dl/android/maven2/com/android/tools/analytics-library/protos/30.3.1/protos-30.3.1.jar is up-to-date (lastModified: Thu Oct 13 21:30:00 IST 2022).
Cached resource https://repo.maven.apache.org/maven2/org/apache/httpcomponents/httpcore/4.4.13/httpcore-4.4.13.jar is up-to-date (lastModified: Thu Jan 09 18:27:38 IST 2020).
Cached resource https://repo.maven.apache.org/maven2/org/apache/httpcomponents/httpclient/4.5.13/httpclient-4.5.13.jar is up-to-date (lastModified: Sat Oct 03 20:17:40 IST 2020).
Cached resource https://repo.maven.apache.org/maven2/io/netty/netty-codec-http2/4.1.52.Final/netty-codec-http2-4.1.52.Final.jar is up-to-date (lastModified: Tue Sep 08 12:16:29 IST 2020).
Cached resource https://repo.maven.apache.org/maven2/io/perfmark/perfmark-api/0.23.0/perfmark-api-0.23.0.jar is up-to-date (lastModified: Thu Sep 10 08:38:18 IST 2020).
Cached resource https://repo.maven.apache.org/maven2/org/jetbrains/kotlin/kotlin-stdlib-jdk7/1.5.31/kotlin-stdlib-jdk7-1.5.31.jar is up-to-date (lastModified: Sat Sep 18 21:21:02 IST 2021).
Cached resource https://dl.google.com/dl/android/maven2/com/android/zipflinger/7.3.1/zipflinger-7.3.1.jar is up-to-date (lastModified: Thu Oct 13 21:30:00 IST 2022).
Cached resource https://repo.maven.apache.org/maven2/org/jetbrains/kotlin/kotlin-stdlib/1.5.31/kotlin-stdlib-1.5.31.jar is up-to-date (lastModified: Sat Sep 18 21:20:56 IST 2021).
Cached resource https://repo.maven.apache.org/maven2/org/codehaus/mojo/animal-sniffer-annotations/1.19/animal-sniffer-annotations-1.19.jar is up-to-date (lastModified: Fri Jul 03 14:42:07 IST 2020).
Cached resource https://repo.maven.apache.org/maven2/org/bitbucket/b_c/jose4j/0.7.0/jose4j-0.7.0.jar is up-to-date (lastModified: Thu Oct 24 18:17:43 IST 2019).
Cached resource https://dl.google.com/dl/android/maven2/com/android/signflinger/7.3.1/signflinger-7.3.1.jar is up-to-date (lastModified: Thu Oct 13 21:30:00 IST 2022).
Cached resource https://repo.maven.apache.org/maven2/io/netty/netty-handler-proxy/4.1.52.Final/netty-handler-proxy-4.1.52.Final.jar is up-to-date (lastModified: Tue Sep 08 12:18:58 IST 2020).
Cached resource https://dl.google.com/dl/android/maven2/com/android/tools/annotations/30.3.1/annotations-30.3.1.jar is up-to-date (lastModified: Thu Oct 13 21:30:00 IST 2022).
Cached resource https://repo.maven.apache.org/maven2/org/json/json/20180813/json-20180813.jar is up-to-date (lastModified: Tue Aug 14 14:15:12 IST 2018).
Cached resource https://repo.maven.apache.org/maven2/org/checkerframework/checker-qual/3.5.0/checker-qual-3.5.0.jar is up-to-date (lastModified: Thu Jul 02 02:38:48 IST 2020).
Cached resource https://repo.maven.apache.org/maven2/it/unimi/dsi/fastutil/8.4.0/fastutil-8.4.0.jar is up-to-date (lastModified: Fri Jul 24 12:49:28 IST 2020).
Cached resource https://repo.maven.apache.org/maven2/com/googlecode/json-simple/json-simple/1.1/json-simple-1.1.jar is up-to-date (lastModified: Wed Aug 12 21:35:13 IST 2009).
Cached resource https://repo.maven.apache.org/maven2/org/codehaus/groovy/groovy-xml/3.0.10/groovy-xml-3.0.10.jar is up-to-date (lastModified: Sun Mar 06 17:10:54 IST 2022).
Cached resource https://repo.maven.apache.org/maven2/com/googlecode/javaewah/JavaEWAH/1.1.13/JavaEWAH-1.1.13.jar is up-to-date (lastModified: Wed Sep 29 06:49:23 IST 2021).
Cached resource https://repo.maven.apache.org/maven2/org/jetbrains/kotlin/kotlin-stdlib-common/1.5.31/kotlin-stdlib-common-1.5.31.jar is up-to-date (lastModified: Sat Sep 18 21:20:59 IST 2021).
Cached resource https://repo.maven.apache.org/maven2/com/googlecode/concurrent-trees/concurrent-trees/2.6.1/concurrent-trees-2.6.1.jar is up-to-date (lastModified: Fri Jul 14 16:35:37 IST 2017).
Cached resource https://repo.maven.apache.org/maven2/xml-apis/xml-apis/1.4.01/xml-apis-1.4.01.jar is up-to-date (lastModified: Sat Aug 20 05:41:11 IST 2011).
Cached resource https://repo.maven.apache.org/maven2/io/grpc/grpc-context/1.39.0/grpc-context-1.39.0.jar is up-to-date (lastModified: Wed Jun 30 00:56:27 IST 2021).
Cached resource https://repo.maven.apache.org/maven2/io/netty/netty-handler/4.1.52.Final/netty-handler-4.1.52.Final.jar is up-to-date (lastModified: Tue Sep 08 12:15:08 IST 2020).
Cached resource https://repo.maven.apache.org/maven2/io/netty/netty-codec-socks/4.1.52.Final/netty-codec-socks-4.1.52.Final.jar is up-to-date (lastModified: Tue Sep 08 12:17:58 IST 2020).
Cached resource https://repo.maven.apache.org/maven2/io/netty/netty-codec/4.1.52.Final/netty-codec-4.1.52.Final.jar is up-to-date (lastModified: Tue Sep 08 12:11:49 IST 2020).
Cached resource https://repo.maven.apache.org/maven2/io/netty/netty-codec-http/4.1.52.Final/netty-codec-http-4.1.52.Final.jar is up-to-date (lastModified: Tue Sep 08 12:15:39 IST 2020).
Cached resource https://repo.maven.apache.org/maven2/io/netty/netty-buffer/4.1.52.Final/netty-buffer-4.1.52.Final.jar is up-to-date (lastModified: Tue Sep 08 12:09:45 IST 2020).
Cached resource https://repo.maven.apache.org/maven2/io/netty/netty-resolver/4.1.52.Final/netty-resolver-4.1.52.Final.jar is up-to-date (lastModified: Tue Sep 08 12:10:03 IST 2020).
Cached resource https://repo.maven.apache.org/maven2/io/netty/netty-common/4.1.52.Final/netty-common-4.1.52.Final.jar is up-to-date (lastModified: Tue Sep 08 12:08:47 IST 2020).
Cached resource https://repo.maven.apache.org/maven2/io/netty/netty-transport/4.1.52.Final/netty-transport-4.1.52.Final.jar is up-to-date (lastModified: Tue Sep 08 12:11:18 IST 2020).
Cached resource https://repo.maven.apache.org/maven2/org/codehaus/groovy/groovy/3.0.10/groovy-3.0.10.jar is up-to-date (lastModified: Sun Mar 06 16:48:12 IST 2022).
Cached resource https://dl.google.com/dl/android/maven2/com/android/tools/build/apksig/7.3.1/apksig-7.3.1.jar is up-to-date (lastModified: Thu Oct 13 21:30:00 IST 2022).
Using default execution profile
Using Kotlin Gradle Plugin gradle85 variant

> Configure project :react-native-screens
Evaluating project ':react-native-screens' using build file 'D:\RVU-connect\node_modules\react-native-screens\android\build.gradle'.
Resource missing. [HTTP HEAD: https://dl.google.com/dl/android/maven2/com/diffplug/spotless/spotless-plugin-gradle/6.25.0/spotless-plugin-gradle-6.25.0.pom]
Cached resource https://dl.google.com/dl/android/maven2/com/android/tools/build/gradle/8.2.1/gradle-8.2.1.pom is up-to-date (lastModified: Wed Jan 03 23:40:26 IST 2024).
Cached resource https://dl.google.com/dl/android/maven2/com/android/tools/build/gradle/8.2.1/gradle-8.2.1.module is up-to-date (lastModified: Wed Jan 03 23:40:26 IST 2024).
Cached resource https://repo.maven.apache.org/maven2/com/diffplug/spotless/spotless-plugin-gradle/6.25.0/spotless-plugin-gradle-6.25.0.pom is up-to-date (lastModified: Tue Jan 23 12:34:14 IST 2024).
Cached resource https://repo.maven.apache.org/maven2/com/diffplug/spotless/spotless-plugin-gradle/6.25.0/spotless-plugin-gradle-6.25.0.module is up-to-date (lastModified: Tue Jan 23 12:34:15 IST 2024).
Cached resource https://dl.google.com/dl/android/maven2/com/android/tools/build/gradle-settings-api/8.2.1/gradle-settings-api-8.2.1.pom is up-to-date (lastModified: Wed Jan 03 23:40:26 IST 2024).
Cached resource https://dl.google.com/dl/android/maven2/com/android/tools/ddms/ddmlib/31.2.1/ddmlib-31.2.1.pom is up-to-date (lastModified: Wed Jan 03 23:40:26 IST 2024).
Cached resource https://dl.google.com/dl/android/maven2/com/android/tools/lint/lint-typedef-remover/31.2.1/lint-typedef-remover-31.2.1.pom is up-to-date (lastModified: Wed Jan 03 23:40:26 IST 2024).
Cached resource https://dl.google.com/dl/android/maven2/com/android/tools/repository/31.2.1/repository-31.2.1.pom is up-to-date (lastModified: Wed Jan 03 23:40:26 IST 2024).
Cached resource https://dl.google.com/dl/android/maven2/com/android/tools/lint/lint-model/31.2.1/lint-model-31.2.1.pom is up-to-date (lastModified: Wed Jan 03 23:40:26 IST 2024).
Cached resource https://dl.google.com/dl/android/maven2/androidx/databinding/databinding-compiler-common/8.2.1/databinding-compiler-common-8.2.1.pom is up-to-date (lastModified: Wed Jan 03 23:40:26 IST 2024).
Cached resource https://dl.google.com/dl/android/maven2/com/android/tools/sdklib/31.2.1/sdklib-31.2.1.pom is up-to-date (lastModified: Wed Jan 03 23:40:26 IST 2024).
Cached resource https://dl.google.com/dl/android/maven2/com/android/tools/analytics-library/shared/31.2.1/shared-31.2.1.pom is up-to-date (lastModified: Wed Jan 03 23:40:26 IST 2024).
Cached resource https://dl.google.com/dl/android/maven2/com/android/tools/build/aapt2-proto/8.2.1-10154469/aapt2-proto-8.2.1-10154469.pom is up-to-date (lastModified: Wed Jan 03 23:40:26 IST 2024).
Cached resource https://dl.google.com/dl/android/maven2/com/android/tools/build/aaptcompiler/8.2.1/aaptcompiler-8.2.1.pom is up-to-date (lastModified: Wed Jan 03 23:40:26 IST 2024).
Cached resource https://dl.google.com/dl/android/maven2/com/android/tools/sdk-common/31.2.1/sdk-common-31.2.1.pom is up-to-date (lastModified: Wed Jan 03 23:40:26 IST 2024).
Cached resource https://dl.google.com/dl/android/maven2/com/android/tools/build/gradle-settings-api/8.2.1/gradle-settings-api-8.2.1.module is up-to-date (lastModified: Wed Jan 03 23:40:26 IST 2024).
Cached resource https://dl.google.com/dl/android/maven2/com/android/tools/analytics-library/crash/31.2.1/crash-31.2.1.pom is up-to-date (lastModified: Wed Jan 03 23:40:26 IST 2024).
Cached resource https://dl.google.com/dl/android/maven2/androidx/databinding/databinding-common/8.2.1/databinding-common-8.2.1.pom is up-to-date (lastModified: Wed Jan 03 23:40:26 IST 2024).
Cached resource https://dl.google.com/dl/android/maven2/com/android/tools/utp/android-test-plugin-host-additional-test-output-proto/31.2.1/android-test-plugin-host-additional-test-output-proto-31.2.1.pom is up-to-date (lastModified: Wed Jan 03 23:40:26 IST 2024).
Cached resource https://dl.google.com/dl/android/maven2/com/android/tools/utp/android-device-provider-gradle-proto/31.2.1/android-device-provider-gradle-proto-31.2.1.pom is up-to-date (lastModified: Wed Jan 03 23:40:26 IST 2024).
Cached resource https://dl.google.com/dl/android/maven2/com/android/tools/build/aaptcompiler/8.2.1/aaptcompiler-8.2.1.module is up-to-date (lastModified: Wed Jan 03 23:40:26 IST 2024).
Cached resource https://dl.google.com/dl/android/maven2/com/android/databinding/baseLibrary/8.2.1/baseLibrary-8.2.1.pom is up-to-date (lastModified: Wed Jan 03 23:40:26 IST 2024).
Cached resource https://dl.google.com/dl/android/maven2/com/android/tools/utp/android-test-plugin-host-coverage-proto/31.2.1/android-test-plugin-host-coverage-proto-31.2.1.pom is up-to-date (lastModified: Wed Jan 03 23:40:26 IST 2024).
Cached resource https://dl.google.com/dl/android/maven2/com/android/tools/build/builder-test-api/8.2.1/builder-test-api-8.2.1.pom is up-to-date (lastModified: Wed Jan 03 23:40:26 IST 2024).
Cached resource https://dl.google.com/dl/android/maven2/com/android/tools/layoutlib/layoutlib-api/31.2.1/layoutlib-api-31.2.1.pom is up-to-date (lastModified: Wed Jan 03 23:40:26 IST 2024).
Cached resource https://dl.google.com/dl/android/maven2/com/android/tools/build/aapt2-proto/8.2.1-10154469/aapt2-proto-8.2.1-10154469.module is up-to-date (lastModified: Wed Jan 03 23:40:26 IST 2024).
Cached resource https://dl.google.com/dl/android/maven2/com/android/tools/utp/android-device-provider-ddmlib-proto/31.2.1/android-device-provider-ddmlib-proto-31.2.1.pom is up-to-date (lastModified: Wed Jan 03 23:40:26 IST 2024).
Cached resource https://dl.google.com/dl/android/maven2/com/android/tools/utp/android-test-plugin-host-logcat-proto/31.2.1/android-test-plugin-host-logcat-proto-31.2.1.pom is up-to-date (lastModified: Wed Jan 03 23:40:26 IST 2024).
Resource missing. [HTTP HEAD: https://dl.google.com/dl/android/maven2/commons-io/commons-io/2.4/commons-io-2.4.pom]
Resource missing. [HTTP HEAD: https://dl.google.com/dl/android/maven2/org/ow2/asm/asm-commons/9.2/asm-commons-9.2.pom]
Cached resource https://dl.google.com/dl/android/maven2/com/android/tools/build/builder-test-api/8.2.1/builder-test-api-8.2.1.module is up-to-date (lastModified: Wed Jan 03 23:40:26 IST 2024).
Resource missing. [HTTP HEAD: https://dl.google.com/dl/android/maven2/org/ow2/asm/asm-analysis/9.2/asm-analysis-9.2.pom]
Resource missing. [HTTP HEAD: https://dl.google.com/dl/android/maven2/org/ow2/asm/asm/9.2/asm-9.2.pom]
Cached resource https://dl.google.com/dl/android/maven2/com/android/tools/utp/android-test-plugin-result-listener-gradle-proto/31.2.1/android-test-plugin-result-listener-gradle-proto-31.2.1.pom is up-to-date (lastModified: Wed Jan 03 23:40:26 IST 2024).
Resource missing. [HTTP HEAD: https://dl.google.com/dl/android/maven2/org/ow2/asm/asm-util/9.2/asm-util-9.2.pom]
Cached resource https://dl.google.com/dl/android/maven2/com/android/tools/utp/android-test-plugin-host-retention-proto/31.2.1/android-test-plugin-host-retention-proto-31.2.1.pom is up-to-date (lastModified: Wed Jan 03 23:40:26 IST 2024).
Cached resource https://dl.google.com/dl/android/maven2/com/android/tools/utp/android-test-plugin-host-emulator-control-proto/31.2.1/android-test-plugin-host-emulator-control-proto-31.2.1.pom is up-to-date (lastModified: Wed Jan 03 23:40:26 IST 2024).
Cached resource https://repo.maven.apache.org/maven2/org/ow2/asm/asm-commons/9.2/asm-commons-9.2.pom is up-to-date (lastModified: Sat Jun 26 12:11:48 IST 2021).
Resource missing. [HTTP HEAD: https://dl.google.com/dl/android/maven2/org/jetbrains/kotlin/kotlin-stdlib-jdk8/1.9.0/kotlin-stdlib-jdk8-1.9.0.pom]
Cached resource https://dl.google.com/dl/android/maven2/com/android/tools/utp/android-test-plugin-host-apk-installer-proto/31.2.1/android-test-plugin-host-apk-installer-proto-31.2.1.pom is up-to-date (lastModified: Wed Jan 03 23:40:26 IST 2024).
Cached resource https://repo.maven.apache.org/maven2/org/ow2/asm/asm/9.2/asm-9.2.pom is up-to-date (lastModified: Sat Jun 26 12:11:39 IST 2021).
Cached resource https://repo.maven.apache.org/maven2/org/jetbrains/kotlin/kotlin-stdlib-jdk8/1.9.0/kotlin-stdlib-jdk8-1.9.0.pom is up-to-date (lastModified: Thu Jul 06 05:18:56 IST 2023).
Resource missing. [HTTP HEAD: https://dl.google.com/dl/android/maven2/org/bouncycastle/bcpkix-jdk15on/1.67/bcpkix-jdk15on-1.67.pom]
Resource missing. [HTTP HEAD: https://dl.google.com/dl/android/maven2/com/google/code/gson/gson/2.8.6/gson-2.8.6.pom]
Cached resource https://dl.google.com/dl/android/maven2/com/android/tools/build/bundletool/1.15.2/bundletool-1.15.2.pom is up-to-date (lastModified: Mon Jul 10 21:56:52 IST 2023).
Resource missing. [HTTP HEAD: https://dl.google.com/dl/android/maven2/com/google/protobuf/protobuf-java/3.19.3/protobuf-java-3.19.3.pom]
Resource missing. [HTTP HEAD: https://dl.google.com/dl/android/maven2/com/google/protobuf/protobuf-java-util/3.19.3/protobuf-java-util-3.19.3.pom]
Resource missing. [HTTP HEAD: https://dl.google.com/dl/android/maven2/com/squareup/javapoet/1.10.0/javapoet-1.10.0.pom]
Resource missing. [HTTP HEAD: https://dl.google.com/dl/android/maven2/io/grpc/grpc-core/1.45.1/grpc-core-1.45.1.pom]
Resource missing. [HTTP HEAD: https://dl.google.com/dl/android/maven2/io/grpc/grpc-protobuf/1.45.1/grpc-protobuf-1.45.1.pom]
Resource missing. [HTTP HEAD: https://dl.google.com/dl/android/maven2/org/ow2/ow2/1.5/ow2-1.5.pom]
Resource missing. [HTTP HEAD: https://dl.google.com/dl/android/maven2/io/grpc/grpc-netty/1.45.1/grpc-netty-1.45.1.pom]
Cached resource https://repo.maven.apache.org/maven2/org/ow2/asm/asm-analysis/9.2/asm-analysis-9.2.pom is up-to-date (lastModified: Sat Jun 26 12:11:44 IST 2021).
Cached resource https://repo.maven.apache.org/maven2/com/google/protobuf/protobuf-java-util/3.19.3/protobuf-java-util-3.19.3.pom is up-to-date (lastModified: Tue Jan 11 22:59:51 IST 2022).
Cached resource https://repo.maven.apache.org/maven2/com/google/protobuf/protobuf-java/3.19.3/protobuf-java-3.19.3.pom is up-to-date (lastModified: Tue Jan 11 23:00:08 IST 2022).
Cached resource https://dl.google.com/dl/android/maven2/com/google/testing/platform/core-proto/0.0.8-alpha08/core-proto-0.0.8-alpha08.pom is up-to-date (lastModified: Fri May 06 05:22:23 IST 2022).
Resource missing. [HTTP HEAD: https://dl.google.com/dl/android/maven2/org/tensorflow/tensorflow-lite-metadata/0.1.0-rc2/tensorflow-lite-metadata-0.1.0-rc2.pom]
Resource missing. [HTTP HEAD: https://dl.google.com/dl/android/maven2/io/grpc/grpc-stub/1.45.1/grpc-stub-1.45.1.pom]
Cached resource https://repo.maven.apache.org/maven2/io/grpc/grpc-stub/1.45.1/grpc-stub-1.45.1.pom is up-to-date (lastModified: Wed Mar 30 00:25:39 IST 2022).
Resource missing. [HTTP HEAD: https://dl.google.com/dl/android/maven2/com/google/protobuf/protobuf-parent/3.19.3/protobuf-parent-3.19.3.pom]
Cached resource https://dl.google.com/dl/android/maven2/com/android/tools/build/builder/8.2.1/builder-8.2.1.pom is up-to-date (lastModified: Wed Jan 03 23:40:26 IST 2024).
Cached resource https://dl.google.com/dl/android/maven2/com/android/tools/build/gradle-api/8.2.1/gradle-api-8.2.1.pom is up-to-date (lastModified: Wed Jan 03 23:40:26 IST 2024).
Cached resource https://dl.google.com/dl/android/maven2/com/android/tools/build/builder-model/8.2.1/builder-model-8.2.1.pom is up-to-date (lastModified: Wed Jan 03 23:40:26 IST 2024).
Cached resource https://repo.maven.apache.org/maven2/com/google/protobuf/protobuf-parent/3.19.3/protobuf-parent-3.19.3.pom is up-to-date (lastModified: Tue Jan 11 23:00:06 IST 2022).
Resource missing. [HTTP HEAD: https://dl.google.com/dl/android/maven2/com/google/protobuf/protobuf-bom/3.19.3/protobuf-bom-3.19.3.pom]
Cached resource https://dl.google.com/dl/android/maven2/com/android/tools/build/builder/8.2.1/builder-8.2.1.module is up-to-date (lastModified: Wed Jan 03 23:40:26 IST 2024).
Cached resource https://dl.google.com/dl/android/maven2/com/android/tools/build/builder-model/8.2.1/builder-model-8.2.1.module is up-to-date (lastModified: Wed Jan 03 23:40:26 IST 2024).
Cached resource https://repo.maven.apache.org/maven2/com/google/protobuf/protobuf-bom/3.19.3/protobuf-bom-3.19.3.pom is up-to-date (lastModified: Tue Jan 11 23:00:03 IST 2022).
Cached resource https://dl.google.com/dl/android/maven2/com/android/tools/build/gradle-api/8.2.1/gradle-api-8.2.1.module is up-to-date (lastModified: Wed Jan 03 23:40:26 IST 2024).
Cached resource https://repo.maven.apache.org/maven2/io/grpc/grpc-core/1.45.1/grpc-core-1.45.1.pom is up-to-date (lastModified: Wed Mar 30 00:25:51 IST 2022).
Cached resource https://repo.maven.apache.org/maven2/org/ow2/asm/asm-util/9.2/asm-util-9.2.pom is up-to-date (lastModified: Sat Jun 26 12:11:58 IST 2021).
Cached resource https://repo.maven.apache.org/maven2/io/grpc/grpc-protobuf/1.45.1/grpc-protobuf-1.45.1.pom is up-to-date (lastModified: Wed Mar 30 00:23:53 IST 2022).
Cached resource https://repo.maven.apache.org/maven2/io/grpc/grpc-netty/1.45.1/grpc-netty-1.45.1.pom is up-to-date (lastModified: Wed Mar 30 00:24:06 IST 2022).
Resource missing. [HTTP HEAD: https://dl.google.com/dl/android/maven2/com/diffplug/durian/durian-io/1.2.0/durian-io-1.2.0.pom]
Resource missing. [HTTP HEAD: https://dl.google.com/dl/android/maven2/com/diffplug/durian/durian-core/1.2.0/durian-core-1.2.0.pom]
Resource missing. [HTTP HEAD: https://dl.google.com/dl/android/maven2/com/diffplug/durian/durian-collect/1.2.0/durian-collect-1.2.0.pom]
Resource missing. [HTTP HEAD: https://dl.google.com/dl/android/maven2/com/diffplug/spotless/spotless-lib/2.45.0/spotless-lib-2.45.0.pom]
Resource missing. [HTTP HEAD: https://dl.google.com/dl/android/maven2/com/diffplug/spotless/spotless-lib-extra/2.45.0/spotless-lib-extra-2.45.0.pom]
Resource missing. [HTTP HEAD: https://dl.google.com/dl/android/maven2/org/eclipse/jgit/org.eclipse.jgit/6.7.0.202309050840-r/org.eclipse.jgit-6.7.0.202309050840-r.pom]
Cached resource https://repo.maven.apache.org/maven2/com/diffplug/spotless/spotless-lib/2.45.0/spotless-lib-2.45.0.pom is up-to-date (lastModified: Tue Jan 23 12:32:16 IST 2024).
Cached resource https://repo.maven.apache.org/maven2/org/eclipse/jgit/org.eclipse.jgit/6.7.0.202309050840-r/org.eclipse.jgit-6.7.0.202309050840-r.pom is up-to-date (lastModified: Wed Sep 06 13:22:53 IST 2023).
Cached resource https://repo.maven.apache.org/maven2/com/diffplug/spotless/spotless-lib-extra/2.45.0/spotless-lib-extra-2.45.0.pom is up-to-date (lastModified: Tue Jan 23 12:32:16 IST 2024).
Cached resource https://repo.maven.apache.org/maven2/com/diffplug/spotless/spotless-lib/2.45.0/spotless-lib-2.45.0.module is up-to-date (lastModified: Tue Jan 23 12:32:17 IST 2024).
Cached resource https://repo.maven.apache.org/maven2/com/diffplug/spotless/spotless-lib-extra/2.45.0/spotless-lib-extra-2.45.0.module is up-to-date (lastModified: Tue Jan 23 12:32:17 IST 2024).
Resource missing. [HTTP HEAD: https://dl.google.com/dl/android/maven2/org/eclipse/jgit/org.eclipse.jgit-parent/6.7.0.202309050840-r/org.eclipse.jgit-parent-6.7.0.202309050840-r.pom]
Cached resource https://repo.maven.apache.org/maven2/org/eclipse/jgit/org.eclipse.jgit-parent/6.7.0.202309050840-r/org.eclipse.jgit-parent-6.7.0.202309050840-r.pom is up-to-date (lastModified: Wed Sep 06 13:22:06 IST 2023).
Resource missing. [HTTP HEAD: https://dl.google.com/dl/android/maven2/com/google/code/gson/gson/2.10/gson-2.10.pom]
Cached resource https://repo.maven.apache.org/maven2/com/google/code/gson/gson/2.10/gson-2.10.pom is up-to-date (lastModified: Tue Oct 25 06:39:40 IST 2022).
Resource missing. [HTTP HEAD: https://dl.google.com/dl/android/maven2/com/google/code/gson/gson-parent/2.10/gson-parent-2.10.pom]
Cached resource https://repo.maven.apache.org/maven2/com/google/code/gson/gson-parent/2.10/gson-parent-2.10.pom is up-to-date (lastModified: Tue Oct 25 06:39:25 IST 2022).
Resource missing. [HTTP HEAD: https://dl.google.com/dl/android/maven2/org/bouncycastle/bcprov-jdk15on/1.67/bcprov-jdk15on-1.67.pom]
Resource missing. [HTTP HEAD: https://dl.google.com/dl/android/maven2/xerces/xercesImpl/2.12.0/xercesImpl-2.12.0.pom]
Cached resource https://dl.google.com/dl/android/maven2/com/android/tools/common/31.2.1/common-31.2.1.pom is up-to-date (lastModified: Wed Jan 03 23:40:26 IST 2024).
Resource missing. [HTTP HEAD: https://dl.google.com/dl/android/maven2/org/jetbrains/kotlin/kotlin-reflect/1.9.0/kotlin-reflect-1.9.0.pom]
Resource missing. [HTTP HEAD: https://dl.google.com/dl/android/maven2/com/google/guava/guava/31.1-jre/guava-31.1-jre.pom]
Cached resource https://repo.maven.apache.org/maven2/com/google/guava/guava/31.1-jre/guava-31.1-jre.pom is up-to-date (lastModified: Tue Mar 01 02:48:58 IST 2022).
Cached resource https://repo.maven.apache.org/maven2/org/jetbrains/kotlin/kotlin-reflect/1.9.0/kotlin-reflect-1.9.0.pom is up-to-date (lastModified: Thu Jul 06 05:17:33 IST 2023).
Resource missing. [HTTP HEAD: https://dl.google.com/dl/android/maven2/com/google/guava/guava-parent/31.1-jre/guava-parent-31.1-jre.pom]
Cached resource https://repo.maven.apache.org/maven2/com/google/guava/guava-parent/31.1-jre/guava-parent-31.1-jre.pom is up-to-date (lastModified: Tue Mar 01 02:47:53 IST 2022).
Cached resource https://dl.google.com/dl/android/maven2/com/android/tools/dvlib/31.2.1/dvlib-31.2.1.pom is up-to-date (lastModified: Wed Jan 03 23:40:26 IST 2024).
Cached resource https://dl.google.com/dl/android/maven2/com/android/tools/annotations/31.2.1/annotations-31.2.1.pom is up-to-date (lastModified: Wed Jan 03 23:40:26 IST 2024).
Cached resource https://dl.google.com/dl/android/maven2/com/android/tools/analytics-library/protos/31.2.1/protos-31.2.1.pom is up-to-date (lastModified: Wed Jan 03 23:40:26 IST 2024).
Resource missing. [HTTP HEAD: https://dl.google.com/dl/android/maven2/org/jetbrains/kotlin/kotlin-stdlib-jdk7/1.9.0/kotlin-stdlib-jdk7-1.9.0.pom]
Resource missing. [HTTP HEAD: https://dl.google.com/dl/android/maven2/org/jetbrains/kotlin/kotlin-stdlib/1.9.0/kotlin-stdlib-1.9.0.pom]
Cached resource https://repo.maven.apache.org/maven2/org/jetbrains/kotlin/kotlin-stdlib-jdk7/1.9.0/kotlin-stdlib-jdk7-1.9.0.pom is up-to-date (lastModified: Thu Jul 06 05:18:53 IST 2023).
Cached resource https://repo.maven.apache.org/maven2/org/jetbrains/kotlin/kotlin-stdlib/1.9.0/kotlin-stdlib-1.9.0.pom is up-to-date (lastModified: Thu Jul 06 05:18:51 IST 2023).
Resource missing. [HTTP HEAD: https://dl.google.com/dl/android/maven2/org/ow2/asm/asm-tree/9.2/asm-tree-9.2.pom]
Cached resource https://repo.maven.apache.org/maven2/org/ow2/asm/asm-tree/9.2/asm-tree-9.2.pom is up-to-date (lastModified: Sat Jun 26 12:11:54 IST 2021).
Resource missing. [HTTP HEAD: https://dl.google.com/dl/android/maven2/com/google/errorprone/error_prone_annotations/2.3.1/error_prone_annotations-2.3.1.pom]
Resource missing. [HTTP HEAD: https://dl.google.com/dl/android/maven2/org/bitbucket/b_c/jose4j/0.7.0/jose4j-0.7.0.pom]
Resource missing. [HTTP HEAD: https://dl.google.com/dl/android/maven2/com/google/errorprone/error_prone_annotations/2.5.1/error_prone_annotations-2.5.1.pom]
Cached resource https://repo.maven.apache.org/maven2/com/google/errorprone/error_prone_annotations/2.5.1/error_prone_annotations-2.5.1.pom is up-to-date (lastModified: Fri Jan 15 09:51:33 IST 2021).
Resource missing. [HTTP HEAD: https://dl.google.com/dl/android/maven2/com/google/errorprone/error_prone_parent/2.5.1/error_prone_parent-2.5.1.pom]
Cached resource https://repo.maven.apache.org/maven2/com/google/errorprone/error_prone_parent/2.5.1/error_prone_parent-2.5.1.pom is up-to-date (lastModified: Fri Jan 15 09:51:18 IST 2021).
Resource missing. [HTTP HEAD: https://dl.google.com/dl/android/maven2/com/google/errorprone/error_prone_annotations/2.10.0/error_prone_annotations-2.10.0.pom]
Cached resource https://repo.maven.apache.org/maven2/com/google/errorprone/error_prone_annotations/2.10.0/error_prone_annotations-2.10.0.pom is up-to-date (lastModified: Fri Nov 05 03:44:32 IST 2021).
Resource missing. [HTTP HEAD: https://dl.google.com/dl/android/maven2/com/google/errorprone/error_prone_parent/2.10.0/error_prone_parent-2.10.0.pom]
Cached resource https://repo.maven.apache.org/maven2/com/google/errorprone/error_prone_parent/2.10.0/error_prone_parent-2.10.0.pom is up-to-date (lastModified: Fri Nov 05 03:44:03 IST 2021).
Resource missing. [HTTP HEAD: https://dl.google.com/dl/android/maven2/io/perfmark/perfmark-api/0.23.0/perfmark-api-0.23.0.pom]
Resource missing. [HTTP HEAD: https://dl.google.com/dl/android/maven2/io/grpc/grpc-api/1.45.1/grpc-api-1.45.1.pom]
Cached resource https://repo.maven.apache.org/maven2/io/grpc/grpc-api/1.45.1/grpc-api-1.45.1.pom is up-to-date (lastModified: Wed Mar 30 00:23:45 IST 2022).
Resource missing. [HTTP HEAD: https://dl.google.com/dl/android/maven2/org/codehaus/mojo/animal-sniffer-annotations/1.19/animal-sniffer-annotations-1.19.pom]
Resource missing. [HTTP HEAD: https://dl.google.com/dl/android/maven2/io/netty/netty-codec-http2/4.1.72.Final/netty-codec-http2-4.1.72.Final.pom]
Resource missing. [HTTP HEAD: https://dl.google.com/dl/android/maven2/io/netty/netty-handler-proxy/4.1.72.Final/netty-handler-proxy-4.1.72.Final.pom]
Cached resource https://repo.maven.apache.org/maven2/io/netty/netty-codec-http2/4.1.72.Final/netty-codec-http2-4.1.72.Final.pom is up-to-date (lastModified: Mon Dec 13 16:45:05 IST 2021).
Cached resource https://repo.maven.apache.org/maven2/io/netty/netty-handler-proxy/4.1.72.Final/netty-handler-proxy-4.1.72.Final.pom is up-to-date (lastModified: Mon Dec 13 16:44:57 IST 2021).
Resource missing. [HTTP HEAD: https://dl.google.com/dl/android/maven2/io/netty/netty-parent/4.1.72.Final/netty-parent-4.1.72.Final.pom]
Cached resource https://repo.maven.apache.org/maven2/io/netty/netty-parent/4.1.72.Final/netty-parent-4.1.72.Final.pom is up-to-date (lastModified: Mon Dec 13 17:33:01 IST 2021).
Resource missing. [HTTP HEAD: https://dl.google.com/dl/android/maven2/io/grpc/grpc-protobuf-lite/1.45.1/grpc-protobuf-lite-1.45.1.pom]
Resource missing. [HTTP HEAD: https://dl.google.com/dl/android/maven2/com/google/api/grpc/proto-google-common-protos/2.0.1/proto-google-common-protos-2.0.1.pom]
Cached resource https://repo.maven.apache.org/maven2/io/grpc/grpc-protobuf-lite/1.45.1/grpc-protobuf-lite-1.45.1.pom is up-to-date (lastModified: Wed Mar 30 00:24:21 IST 2022).
Resource missing. [HTTP HEAD: https://dl.google.com/dl/android/maven2/commons-codec/commons-codec/1.10/commons-codec-1.10.pom]
Cached resource https://dl.google.com/dl/android/maven2/com/android/tools/build/manifest-merger/31.2.1/manifest-merger-31.2.1.pom is up-to-date (lastModified: Wed Jan 03 23:40:26 IST 2024).
Cached resource https://dl.google.com/dl/android/maven2/com/android/zipflinger/8.2.1/zipflinger-8.2.1.pom is up-to-date (lastModified: Wed Jan 03 23:40:26 IST 2024).
Cached resource https://dl.google.com/dl/android/maven2/com/android/tools/build/apksig/8.2.1/apksig-8.2.1.pom is up-to-date (lastModified: Wed Jan 03 23:40:26 IST 2024).
Cached resource https://dl.google.com/dl/android/maven2/com/android/signflinger/8.2.1/signflinger-8.2.1.pom is up-to-date (lastModified: Wed Jan 03 23:40:26 IST 2024).
Cached resource https://dl.google.com/dl/android/maven2/com/android/tools/build/apkzlib/8.2.1/apkzlib-8.2.1.pom is up-to-date (lastModified: Wed Jan 03 23:40:26 IST 2024).
Cached resource https://dl.google.com/dl/android/maven2/com/android/tools/analytics-library/tracker/31.2.1/tracker-31.2.1.pom is up-to-date (lastModified: Wed Jan 03 23:40:26 IST 2024).
Cached resource https://dl.google.com/dl/android/maven2/com/android/tools/build/manifest-merger/31.2.1/manifest-merger-31.2.1.module is up-to-date (lastModified: Wed Jan 03 23:40:26 IST 2024).
Resource missing. [HTTP HEAD: https://dl.google.com/dl/android/maven2/org/slf4j/slf4j-api/1.7.36/slf4j-api-1.7.36.pom]
Cached resource https://repo.maven.apache.org/maven2/org/slf4j/slf4j-api/1.7.36/slf4j-api-1.7.36.pom is up-to-date (lastModified: Tue Feb 08 19:03:51 IST 2022).
Resource missing. [HTTP HEAD: https://dl.google.com/dl/android/maven2/org/slf4j/slf4j-parent/1.7.36/slf4j-parent-1.7.36.pom]
Cached resource https://repo.maven.apache.org/maven2/org/slf4j/slf4j-parent/1.7.36/slf4j-parent-1.7.36.pom is up-to-date (lastModified: Tue Feb 08 19:03:41 IST 2022).
Resource missing. [HTTP HEAD: https://dl.google.com/dl/android/maven2/commons-codec/commons-codec/1.16.0/commons-codec-1.16.0.pom]
Cached resource https://repo.maven.apache.org/maven2/commons-codec/commons-codec/1.16.0/commons-codec-1.16.0.pom is up-to-date (lastModified: Sun Jun 18 05:45:17 IST 2023).
Resource missing. [HTTP HEAD: https://dl.google.com/dl/android/maven2/org/apache/commons/commons-parent/58/commons-parent-58.pom]
Cached resource https://repo.maven.apache.org/maven2/org/apache/commons/commons-parent/58/commons-parent-58.pom is up-to-date (lastModified: Sat May 20 19:10:13 IST 2023).
Resource missing. [HTTP HEAD: https://dl.google.com/dl/android/maven2/org/apache/apache/29/apache-29.pom]
Cached resource https://repo.maven.apache.org/maven2/org/apache/apache/29/apache-29.pom is up-to-date (lastModified: Mon Dec 12 00:48:54 IST 2022).
Resource missing. [HTTP HEAD: https://dl.google.com/dl/android/maven2/org/junit/junit-bom/5.9.3/junit-bom-5.9.3.pom]
Cached resource https://repo.maven.apache.org/maven2/org/junit/junit-bom/5.9.3/junit-bom-5.9.3.pom is up-to-date (lastModified: Wed Apr 26 11:57:55 IST 2023).
Cached resource https://repo.maven.apache.org/maven2/org/junit/junit-bom/5.9.3/junit-bom-5.9.3.module is up-to-date (lastModified: Wed Apr 26 11:57:56 IST 2023).
Resource missing. [HTTP HEAD: https://dl.google.com/dl/android/maven2/com/googlecode/javaewah/JavaEWAH/1.2.3/JavaEWAH-1.2.3.pom]
Cached resource https://repo.maven.apache.org/maven2/com/googlecode/javaewah/JavaEWAH/1.2.3/JavaEWAH-1.2.3.pom is up-to-date (lastModified: Wed Mar 08 20:43:12 IST 2023).
Resource missing. [HTTP HEAD: https://dl.google.com/dl/android/maven2/org/sonatype/oss/oss-parent/5/oss-parent-5.pom]
Resource missing. [HTTP HEAD: https://dl.google.com/dl/android/maven2/dev/equo/ide/solstice/1.7.5/solstice-1.7.5.pom]
Resource missing. [HTTP HEAD: https://dl.google.com/dl/android/maven2/com/googlecode/concurrent-trees/concurrent-trees/2.6.1/concurrent-trees-2.6.1.pom]
Cached resource https://repo.maven.apache.org/maven2/dev/equo/ide/solstice/1.7.5/solstice-1.7.5.pom is up-to-date (lastModified: Fri Dec 08 05:29:37 IST 2023).
Cached resource https://repo.maven.apache.org/maven2/dev/equo/ide/solstice/1.7.5/solstice-1.7.5.module is up-to-date (lastModified: Fri Dec 08 05:29:39 IST 2023).
Resource missing. [HTTP HEAD: https://dl.google.com/dl/android/maven2/com/google/errorprone/error_prone_annotations/2.11.0/error_prone_annotations-2.11.0.pom]
Cached resource https://repo.maven.apache.org/maven2/com/google/errorprone/error_prone_annotations/2.11.0/error_prone_annotations-2.11.0.pom is up-to-date (lastModified: Wed Jan 26 00:39:25 IST 2022).
Resource missing. [HTTP HEAD: https://dl.google.com/dl/android/maven2/com/google/errorprone/error_prone_parent/2.11.0/error_prone_parent-2.11.0.pom]
Cached resource https://repo.maven.apache.org/maven2/com/google/errorprone/error_prone_parent/2.11.0/error_prone_parent-2.11.0.pom is up-to-date (lastModified: Wed Jan 26 00:39:18 IST 2022).
Resource missing. [HTTP HEAD: https://dl.google.com/dl/android/maven2/xml-apis/xml-apis/1.4.01/xml-apis-1.4.01.pom]
Resource missing. [HTTP HEAD: https://dl.google.com/dl/android/maven2/org/jetbrains/kotlin/kotlin-stdlib-common/1.9.0/kotlin-stdlib-common-1.9.0.pom]
Cached resource https://repo.maven.apache.org/maven2/org/jetbrains/kotlin/kotlin-stdlib-common/1.9.0/kotlin-stdlib-common-1.9.0.pom is up-to-date (lastModified: Thu Jul 06 04:59:46 IST 2023).
Resource missing. [HTTP HEAD: https://dl.google.com/dl/android/maven2/io/grpc/grpc-context/1.45.1/grpc-context-1.45.1.pom]
Cached resource https://repo.maven.apache.org/maven2/io/grpc/grpc-context/1.45.1/grpc-context-1.45.1.pom is up-to-date (lastModified: Wed Mar 30 00:23:13 IST 2022).
Resource missing. [HTTP HEAD: https://dl.google.com/dl/android/maven2/io/netty/netty-buffer/4.1.72.Final/netty-buffer-4.1.72.Final.pom]
Resource missing. [HTTP HEAD: https://dl.google.com/dl/android/maven2/io/netty/netty-handler/4.1.72.Final/netty-handler-4.1.72.Final.pom]
Resource missing. [HTTP HEAD: https://dl.google.com/dl/android/maven2/io/netty/netty-codec/4.1.72.Final/netty-codec-4.1.72.Final.pom]
Resource missing. [HTTP HEAD: https://dl.google.com/dl/android/maven2/io/netty/netty-codec-http/4.1.72.Final/netty-codec-http-4.1.72.Final.pom]
Resource missing. [HTTP HEAD: https://dl.google.com/dl/android/maven2/io/netty/netty-common/4.1.72.Final/netty-common-4.1.72.Final.pom]
Cached resource https://repo.maven.apache.org/maven2/io/netty/netty-buffer/4.1.72.Final/netty-buffer-4.1.72.Final.pom is up-to-date (lastModified: Mon Dec 13 17:33:37 IST 2021).
Resource missing. [HTTP HEAD: https://dl.google.com/dl/android/maven2/io/netty/netty-transport/4.1.72.Final/netty-transport-4.1.72.Final.pom]
Cached resource https://repo.maven.apache.org/maven2/io/netty/netty-codec-http/4.1.72.Final/netty-codec-http-4.1.72.Final.pom is up-to-date (lastModified: Mon Dec 13 17:33:38 IST 2021).
Cached resource https://repo.maven.apache.org/maven2/io/netty/netty-handler/4.1.72.Final/netty-handler-4.1.72.Final.pom is up-to-date (lastModified: Mon Dec 13 17:32:57 IST 2021).
Cached resource https://repo.maven.apache.org/maven2/io/netty/netty-codec/4.1.72.Final/netty-codec-4.1.72.Final.pom is up-to-date (lastModified: Mon Dec 13 17:31:36 IST 2021).
Cached resource https://repo.maven.apache.org/maven2/io/netty/netty-common/4.1.72.Final/netty-common-4.1.72.Final.pom is up-to-date (lastModified: Mon Dec 13 17:30:10 IST 2021).
Cached resource https://repo.maven.apache.org/maven2/io/netty/netty-transport/4.1.72.Final/netty-transport-4.1.72.Final.pom is up-to-date (lastModified: Mon Dec 13 17:32:35 IST 2021).
Resource missing. [HTTP HEAD: https://dl.google.com/dl/android/maven2/io/netty/netty-codec-socks/4.1.72.Final/netty-codec-socks-4.1.72.Final.pom]
Cached resource https://repo.maven.apache.org/maven2/io/netty/netty-codec-socks/4.1.72.Final/netty-codec-socks-4.1.72.Final.pom is up-to-date (lastModified: Mon Dec 13 16:44:24 IST 2021).
Resource missing. [HTTP HEAD: https://dl.google.com/dl/android/maven2/com/diffplug/durian/durian-swt.os/4.2.2/durian-swt.os-4.2.2.pom]
Resource missing. [HTTP HEAD: https://dl.google.com/dl/android/maven2/com/squareup/okhttp3/okhttp/4.12.0/okhttp-4.12.0.pom]
Resource missing. [HTTP HEAD: https://dl.google.com/dl/android/maven2/org/tukaani/xz/1.9/xz-1.9.pom]
Cached resource https://repo.maven.apache.org/maven2/com/diffplug/durian/durian-swt.os/4.2.2/durian-swt.os-4.2.2.pom is up-to-date (lastModified: Fri Oct 27 00:56:42 IST 2023).
Resource missing. [HTTP HEAD: https://dl.google.com/dl/android/maven2/org/eclipse/platform/org.eclipse.osgi/3.18.300/org.eclipse.osgi-3.18.300.pom]
Cached resource https://repo.maven.apache.org/maven2/com/squareup/okhttp3/okhttp/4.12.0/okhttp-4.12.0.pom is up-to-date (lastModified: Tue Oct 17 07:53:57 IST 2023).
Cached resource https://repo.maven.apache.org/maven2/org/tukaani/xz/1.9/xz-1.9.pom is up-to-date (lastModified: Fri Mar 12 23:23:44 IST 2021).
Cached resource https://repo.maven.apache.org/maven2/com/diffplug/durian/durian-swt.os/4.2.2/durian-swt.os-4.2.2.module is up-to-date (lastModified: Fri Oct 27 00:56:43 IST 2023).
Cached resource https://repo.maven.apache.org/maven2/org/eclipse/platform/org.eclipse.osgi/3.18.300/org.eclipse.osgi-3.18.300.pom is up-to-date (lastModified: Mon Mar 13 16:19:43 IST 2023).
Cached resource https://repo.maven.apache.org/maven2/com/squareup/okhttp3/okhttp/4.12.0/okhttp-4.12.0.module is up-to-date (lastModified: Tue Oct 17 07:53:58 IST 2023).
Resource missing. [HTTP HEAD: https://dl.google.com/dl/android/maven2/io/netty/netty-resolver/4.1.72.Final/netty-resolver-4.1.72.Final.pom]
Cached resource https://repo.maven.apache.org/maven2/io/netty/netty-resolver/4.1.72.Final/netty-resolver-4.1.72.Final.pom is up-to-date (lastModified: Mon Dec 13 17:33:05 IST 2021).
Resource missing. [HTTP HEAD: https://dl.google.com/dl/android/maven2/io/netty/netty-tcnative-classes/2.0.46.Final/netty-tcnative-classes-2.0.46.Final.pom]
Cached resource https://repo.maven.apache.org/maven2/io/netty/netty-tcnative-classes/2.0.46.Final/netty-tcnative-classes-2.0.46.Final.pom is up-to-date (lastModified: Wed Nov 17 15:43:30 IST 2021).
Resource missing. [HTTP HEAD: https://dl.google.com/dl/android/maven2/io/netty/netty-tcnative-parent/2.0.46.Final/netty-tcnative-parent-2.0.46.Final.pom]
Cached resource https://repo.maven.apache.org/maven2/io/netty/netty-tcnative-parent/2.0.46.Final/netty-tcnative-parent-2.0.46.Final.pom is up-to-date (lastModified: Wed Nov 17 15:43:32 IST 2021).
Resource missing. [HTTP HEAD: https://dl.google.com/dl/android/maven2/com/squareup/okio/okio/3.6.0/okio-3.6.0.pom]
Cached resource https://repo.maven.apache.org/maven2/com/squareup/okio/okio/3.6.0/okio-3.6.0.pom is up-to-date (lastModified: Mon Oct 02 07:58:43 IST 2023).
Cached resource https://repo.maven.apache.org/maven2/com/squareup/okio/okio/3.6.0/okio-3.6.0.module is up-to-date (lastModified: Mon Oct 02 07:58:46 IST 2023).
Resource missing. [HTTP HEAD: https://dl.google.com/dl/android/maven2/com/squareup/okio/okio-jvm/3.6.0/okio-jvm-3.6.0.pom]
Cached resource https://repo.maven.apache.org/maven2/com/squareup/okio/okio-jvm/3.6.0/okio-jvm-3.6.0.pom is up-to-date (lastModified: Mon Oct 02 07:58:33 IST 2023).
Cached resource https://repo.maven.apache.org/maven2/com/squareup/okio/okio-jvm/3.6.0/okio-jvm-3.6.0.module is up-to-date (lastModified: Mon Oct 02 07:58:35 IST 2023).
Resource missing. [HTTP HEAD: https://dl.google.com/dl/android/maven2/org/jetbrains/kotlin/kotlin-stdlib-jdk8/1.9.10/kotlin-stdlib-jdk8-1.9.10.pom]
Cached resource https://repo.maven.apache.org/maven2/org/jetbrains/kotlin/kotlin-stdlib-jdk8/1.9.10/kotlin-stdlib-jdk8-1.9.10.pom is up-to-date (lastModified: Wed Aug 23 14:50:32 IST 2023).
Resource missing. [HTTP HEAD: https://dl.google.com/dl/android/maven2/org/jetbrains/kotlin/kotlin-stdlib-common/1.9.10/kotlin-stdlib-common-1.9.10.pom]
Cached resource https://repo.maven.apache.org/maven2/org/jetbrains/kotlin/kotlin-stdlib-common/1.9.10/kotlin-stdlib-common-1.9.10.pom is up-to-date (lastModified: Wed Aug 23 14:31:35 IST 2023).
Resource missing. [HTTP HEAD: https://dl.google.com/dl/android/maven2/org/jetbrains/kotlin/kotlin-stdlib/1.9.10/kotlin-stdlib-1.9.10.pom]
Cached resource https://repo.maven.apache.org/maven2/org/jetbrains/kotlin/kotlin-stdlib/1.9.10/kotlin-stdlib-1.9.10.pom is up-to-date (lastModified: Wed Aug 23 14:50:27 IST 2023).
Resource missing. [HTTP HEAD: https://dl.google.com/dl/android/maven2/org/jetbrains/kotlin/kotlin-stdlib-jdk7/1.9.10/kotlin-stdlib-jdk7-1.9.10.pom]
Cached resource https://repo.maven.apache.org/maven2/org/jetbrains/kotlin/kotlin-stdlib-jdk7/1.9.10/kotlin-stdlib-jdk7-1.9.10.pom is up-to-date (lastModified: Wed Aug 23 14:50:30 IST 2023).
Cached resource https://dl.google.com/dl/android/maven2/com/android/tools/build/builder-test-api/8.2.1/builder-test-api-8.2.1.jar is up-to-date (lastModified: Wed Jan 03 23:40:26 IST 2024).
Cached resource https://dl.google.com/dl/android/maven2/com/android/tools/ddms/ddmlib/31.2.1/ddmlib-31.2.1.jar is up-to-date (lastModified: Wed Jan 03 23:40:26 IST 2024).
Cached resource https://dl.google.com/dl/android/maven2/com/android/tools/build/gradle/8.2.1/gradle-8.2.1.jar is up-to-date (lastModified: Wed Jan 03 23:40:26 IST 2024).
Cached resource https://repo.maven.apache.org/maven2/com/diffplug/spotless/spotless-plugin-gradle/6.25.0/spotless-plugin-gradle-6.25.0.jar is up-to-date (lastModified: Tue Jan 23 12:34:14 IST 2024).
Cached resource https://dl.google.com/dl/android/maven2/com/android/tools/sdk-common/31.2.1/sdk-common-31.2.1.jar is up-to-date (lastModified: Wed Jan 03 23:40:26 IST 2024).
Cached resource https://dl.google.com/dl/android/maven2/com/android/tools/build/gradle-settings-api/8.2.1/gradle-settings-api-8.2.1.jar is up-to-date (lastModified: Wed Jan 03 23:40:26 IST 2024).
Cached resource https://dl.google.com/dl/android/maven2/com/android/tools/repository/31.2.1/repository-31.2.1.jar is up-to-date (lastModified: Wed Jan 03 23:40:26 IST 2024).
Cached resource https://dl.google.com/dl/android/maven2/com/android/tools/build/manifest-merger/31.2.1/manifest-merger-31.2.1.jar is up-to-date (lastModified: Wed Jan 03 23:40:26 IST 2024).
Cached resource https://dl.google.com/dl/android/maven2/com/android/tools/lint/lint-model/31.2.1/lint-model-31.2.1.jar is up-to-date (lastModified: Wed Jan 03 23:40:26 IST 2024).
Cached resource https://dl.google.com/dl/android/maven2/com/android/tools/sdklib/31.2.1/sdklib-31.2.1.jar is up-to-date (lastModified: Wed Jan 03 23:40:26 IST 2024).
Cached resource https://dl.google.com/dl/android/maven2/com/android/tools/build/builder/8.2.1/builder-8.2.1.jar is up-to-date (lastModified: Wed Jan 03 23:40:26 IST 2024).
Cached resource https://dl.google.com/dl/android/maven2/com/android/tools/build/gradle-api/8.2.1/gradle-api-8.2.1.jar is up-to-date (lastModified: Wed Jan 03 23:40:26 IST 2024).
Cached resource https://dl.google.com/dl/android/maven2/com/android/tools/build/aaptcompiler/8.2.1/aaptcompiler-8.2.1.jar is up-to-date (lastModified: Wed Jan 03 23:40:26 IST 2024).
Cached resource https://dl.google.com/dl/android/maven2/com/android/tools/utp/android-device-provider-ddmlib-proto/31.2.1/android-device-provider-ddmlib-proto-31.2.1.jar is up-to-date (lastModified: Wed Jan 03 23:40:26 IST 2024).
Cached resource https://dl.google.com/dl/android/maven2/com/android/tools/build/bundletool/1.15.2/bundletool-1.15.2.jar is up-to-date (lastModified: Mon Jul 10 21:56:52 IST 2023).
Cached resource https://dl.google.com/dl/android/maven2/com/android/databinding/baseLibrary/8.2.1/baseLibrary-8.2.1.jar is up-to-date (lastModified: Wed Jan 03 23:40:26 IST 2024).
Cached resource https://dl.google.com/dl/android/maven2/com/android/tools/build/aapt2-proto/8.2.1-10154469/aapt2-proto-8.2.1-10154469.jar is up-to-date (lastModified: Wed Jan 03 23:40:26 IST 2024).
Cached resource https://dl.google.com/dl/android/maven2/com/android/tools/analytics-library/shared/31.2.1/shared-31.2.1.jar is up-to-date (lastModified: Wed Jan 03 23:40:26 IST 2024).
Cached resource https://dl.google.com/dl/android/maven2/androidx/databinding/databinding-compiler-common/8.2.1/databinding-compiler-common-8.2.1.jar is up-to-date (lastModified: Wed Jan 03 23:40:26 IST 2024).
Cached resource https://dl.google.com/dl/android/maven2/androidx/databinding/databinding-common/8.2.1/databinding-common-8.2.1.jar is up-to-date (lastModified: Wed Jan 03 23:40:26 IST 2024).
Cached resource https://dl.google.com/dl/android/maven2/com/android/tools/analytics-library/crash/31.2.1/crash-31.2.1.jar is up-to-date (lastModified: Wed Jan 03 23:40:26 IST 2024).
Cached resource https://dl.google.com/dl/android/maven2/com/android/tools/layoutlib/layoutlib-api/31.2.1/layoutlib-api-31.2.1.jar is up-to-date (lastModified: Wed Jan 03 23:40:26 IST 2024).
Cached resource https://dl.google.com/dl/android/maven2/com/android/tools/utp/android-test-plugin-host-coverage-proto/31.2.1/android-test-plugin-host-coverage-proto-31.2.1.jar is up-to-date (lastModified: Wed Jan 03 23:40:26 IST 2024).
Cached resource https://dl.google.com/dl/android/maven2/com/android/tools/analytics-library/tracker/31.2.1/tracker-31.2.1.jar is up-to-date (lastModified: Wed Jan 03 23:40:26 IST 2024).
Cached resource https://dl.google.com/dl/android/maven2/com/android/tools/lint/lint-typedef-remover/31.2.1/lint-typedef-remover-31.2.1.jar is up-to-date (lastModified: Wed Jan 03 23:40:26 IST 2024).
Cached resource https://dl.google.com/dl/android/maven2/com/android/tools/utp/android-test-plugin-host-emulator-control-proto/31.2.1/android-test-plugin-host-emulator-control-proto-31.2.1.jar is up-to-date (lastModified: Wed Jan 03 23:40:26 IST 2024).
Cached resource https://dl.google.com/dl/android/maven2/com/android/tools/utp/android-test-plugin-host-additional-test-output-proto/31.2.1/android-test-plugin-host-additional-test-output-proto-31.2.1.jar is up-to-date (lastModified: Wed Jan 03 23:40:26 IST 2024).
Cached resource https://dl.google.com/dl/android/maven2/com/android/tools/utp/android-device-provider-gradle-proto/31.2.1/android-device-provider-gradle-proto-31.2.1.jar is up-to-date (lastModified: Wed Jan 03 23:40:26 IST 2024).
Cached resource https://dl.google.com/dl/android/maven2/com/android/tools/dvlib/31.2.1/dvlib-31.2.1.jar is up-to-date (lastModified: Wed Jan 03 23:40:26 IST 2024).
Cached resource https://dl.google.com/dl/android/maven2/com/android/tools/build/builder-model/8.2.1/builder-model-8.2.1.jar is up-to-date (lastModified: Wed Jan 03 23:40:26 IST 2024).
Cached resource https://dl.google.com/dl/android/maven2/com/android/tools/utp/android-test-plugin-host-logcat-proto/31.2.1/android-test-plugin-host-logcat-proto-31.2.1.jar is up-to-date (lastModified: Wed Jan 03 23:40:26 IST 2024).
Cached resource https://repo.maven.apache.org/maven2/dev/equo/ide/solstice/1.7.5/solstice-1.7.5.jar is up-to-date (lastModified: Fri Dec 08 05:29:37 IST 2023).
Cached resource https://repo.maven.apache.org/maven2/com/diffplug/spotless/spotless-lib-extra/2.45.0/spotless-lib-extra-2.45.0.jar is up-to-date (lastModified: Tue Jan 23 12:32:16 IST 2024).
Cached resource https://dl.google.com/dl/android/maven2/com/android/tools/utp/android-test-plugin-result-listener-gradle-proto/31.2.1/android-test-plugin-result-listener-gradle-proto-31.2.1.jar is up-to-date (lastModified: Wed Jan 03 23:40:26 IST 2024).
Cached resource https://repo.maven.apache.org/maven2/com/squareup/okhttp3/okhttp/4.12.0/okhttp-4.12.0.jar is up-to-date (lastModified: Tue Oct 17 07:53:57 IST 2023).
Cached resource https://repo.maven.apache.org/maven2/com/squareup/okio/okio-jvm/3.6.0/okio-jvm-3.6.0.jar is up-to-date (lastModified: Mon Oct 02 07:58:33 IST 2023).
Cached resource https://dl.google.com/dl/android/maven2/com/android/tools/utp/android-test-plugin-host-retention-proto/31.2.1/android-test-plugin-host-retention-proto-31.2.1.jar is up-to-date (lastModified: Wed Jan 03 23:40:26 IST 2024).
Cached resource https://repo.maven.apache.org/maven2/org/ow2/asm/asm-commons/9.2/asm-commons-9.2.jar is up-to-date (lastModified: Sat Jun 26 12:11:48 IST 2021).
Cached resource https://repo.maven.apache.org/maven2/org/jetbrains/kotlin/kotlin-stdlib-jdk8/1.9.10/kotlin-stdlib-jdk8-1.9.10.jar is up-to-date (lastModified: Wed Aug 23 14:50:32 IST 2023).
Cached resource https://repo.maven.apache.org/maven2/org/ow2/asm/asm-tree/9.2/asm-tree-9.2.jar is up-to-date (lastModified: Sat Jun 26 12:11:53 IST 2021).
Cached resource https://repo.maven.apache.org/maven2/org/ow2/asm/asm/9.2/asm-9.2.jar is up-to-date (lastModified: Sat Jun 26 12:11:39 IST 2021).
Cached resource https://repo.maven.apache.org/maven2/org/ow2/asm/asm-util/9.2/asm-util-9.2.jar is up-to-date (lastModified: Sat Jun 26 12:11:58 IST 2021).
Cached resource https://repo.maven.apache.org/maven2/com/google/protobuf/protobuf-java-util/3.19.3/protobuf-java-util-3.19.3.jar is up-to-date (lastModified: Tue Jan 11 22:59:50 IST 2022).
Cached resource https://repo.maven.apache.org/maven2/io/grpc/grpc-protobuf/1.45.1/grpc-protobuf-1.45.1.jar is up-to-date (lastModified: Wed Mar 30 00:23:53 IST 2022).
Cached resource https://repo.maven.apache.org/maven2/com/google/protobuf/protobuf-java/3.19.3/protobuf-java-3.19.3.jar is up-to-date (lastModified: Tue Jan 11 23:00:07 IST 2022).
Cached resource https://dl.google.com/dl/android/maven2/com/android/tools/utp/android-test-plugin-host-apk-installer-proto/31.2.1/android-test-plugin-host-apk-installer-proto-31.2.1.jar is up-to-date (lastModified: Wed Jan 03 23:40:26 IST 2024).
Cached resource https://repo.maven.apache.org/maven2/io/grpc/grpc-core/1.45.1/grpc-core-1.45.1.jar is up-to-date (lastModified: Wed Mar 30 00:25:53 IST 2022).
Cached resource https://repo.maven.apache.org/maven2/io/grpc/grpc-netty/1.45.1/grpc-netty-1.45.1.jar is up-to-date (lastModified: Wed Mar 30 00:24:05 IST 2022).
Cached resource https://repo.maven.apache.org/maven2/org/eclipse/jgit/org.eclipse.jgit/6.7.0.202309050840-r/org.eclipse.jgit-6.7.0.202309050840-r.jar is up-to-date (lastModified: Wed Sep 06 13:22:10 IST 2023).
Cached resource https://repo.maven.apache.org/maven2/io/grpc/grpc-stub/1.45.1/grpc-stub-1.45.1.jar is up-to-date (lastModified: Wed Mar 30 00:25:34 IST 2022).
Cached resource https://repo.maven.apache.org/maven2/io/grpc/grpc-protobuf-lite/1.45.1/grpc-protobuf-lite-1.45.1.jar is up-to-date (lastModified: Wed Mar 30 00:24:23 IST 2022).
Cached resource https://repo.maven.apache.org/maven2/com/diffplug/spotless/spotless-lib/2.45.0/spotless-lib-2.45.0.jar is up-to-date (lastModified: Tue Jan 23 12:32:16 IST 2024).
Cached resource https://dl.google.com/dl/android/maven2/com/google/testing/platform/core-proto/0.0.8-alpha08/core-proto-0.0.8-alpha08.jar is up-to-date (lastModified: Fri May 06 05:22:23 IST 2022).
Cached resource https://dl.google.com/dl/android/maven2/com/android/tools/common/31.2.1/common-31.2.1.jar is up-to-date (lastModified: Wed Jan 03 23:40:26 IST 2024).
Cached resource https://dl.google.com/dl/android/maven2/com/android/tools/analytics-library/protos/31.2.1/protos-31.2.1.jar is up-to-date (lastModified: Wed Jan 03 23:40:26 IST 2024).
Cached resource https://repo.maven.apache.org/maven2/io/grpc/grpc-api/1.45.1/grpc-api-1.45.1.jar is up-to-date (lastModified: Wed Mar 30 00:23:47 IST 2022).
Cached resource https://repo.maven.apache.org/maven2/org/jetbrains/kotlin/kotlin-stdlib-jdk7/1.9.10/kotlin-stdlib-jdk7-1.9.10.jar is up-to-date (lastModified: Wed Aug 23 14:50:29 IST 2023).
Cached resource https://repo.maven.apache.org/maven2/com/google/guava/guava/31.1-jre/guava-31.1-jre.jar is up-to-date (lastModified: Tue Mar 01 02:48:58 IST 2022).
Cached resource https://repo.maven.apache.org/maven2/org/jetbrains/kotlin/kotlin-reflect/1.9.0/kotlin-reflect-1.9.0.jar is up-to-date (lastModified: Thu Jul 06 05:17:32 IST 2023).
Cached resource https://repo.maven.apache.org/maven2/org/jetbrains/kotlin/kotlin-stdlib/1.9.10/kotlin-stdlib-1.9.10.jar is up-to-date (lastModified: Wed Aug 23 14:50:27 IST 2023).
Cached resource https://dl.google.com/dl/android/maven2/com/android/tools/build/apkzlib/8.2.1/apkzlib-8.2.1.jar is up-to-date (lastModified: Wed Jan 03 23:40:26 IST 2024).
Cached resource https://dl.google.com/dl/android/maven2/com/android/signflinger/8.2.1/signflinger-8.2.1.jar is up-to-date (lastModified: Wed Jan 03 23:40:26 IST 2024).
Cached resource https://repo.maven.apache.org/maven2/org/ow2/asm/asm-analysis/9.2/asm-analysis-9.2.jar is up-to-date (lastModified: Sat Jun 26 12:11:44 IST 2021).
Cached resource https://repo.maven.apache.org/maven2/org/slf4j/slf4j-api/1.7.36/slf4j-api-1.7.36.jar is up-to-date (lastModified: Tue Feb 08 19:03:50 IST 2022).
Cached resource https://repo.maven.apache.org/maven2/io/netty/netty-codec-http2/4.1.72.Final/netty-codec-http2-4.1.72.Final.jar is up-to-date (lastModified: Mon Dec 13 16:45:05 IST 2021).
Cached resource https://repo.maven.apache.org/maven2/io/netty/netty-handler-proxy/4.1.72.Final/netty-handler-proxy-4.1.72.Final.jar is up-to-date (lastModified: Mon Dec 13 16:44:56 IST 2021).
Cached resource https://repo.maven.apache.org/maven2/com/googlecode/javaewah/JavaEWAH/1.2.3/JavaEWAH-1.2.3.jar is up-to-date (lastModified: Wed Mar 08 20:43:13 IST 2023).
Cached resource https://repo.maven.apache.org/maven2/commons-codec/commons-codec/1.16.0/commons-codec-1.16.0.jar is up-to-date (lastModified: Sun Jun 18 05:45:16 IST 2023).
Cached resource https://repo.maven.apache.org/maven2/org/jetbrains/kotlin/kotlin-stdlib-common/1.9.10/kotlin-stdlib-common-1.9.10.jar is up-to-date (lastModified: Wed Aug 23 14:31:34 IST 2023).
Cached resource https://repo.maven.apache.org/maven2/io/grpc/grpc-context/1.45.1/grpc-context-1.45.1.jar is up-to-date (lastModified: Wed Mar 30 00:23:14 IST 2022).
Cached resource https://repo.maven.apache.org/maven2/io/netty/netty-handler/4.1.72.Final/netty-handler-4.1.72.Final.jar is up-to-date (lastModified: Mon Dec 13 17:32:56 IST 2021).
Cached resource https://dl.google.com/dl/android/maven2/com/android/zipflinger/8.2.1/zipflinger-8.2.1.jar is up-to-date (lastModified: Wed Jan 03 23:40:26 IST 2024).
Cached resource https://repo.maven.apache.org/maven2/io/netty/netty-codec/4.1.72.Final/netty-codec-4.1.72.Final.jar is up-to-date (lastModified: Mon Dec 13 17:31:35 IST 2021).
Cached resource https://repo.maven.apache.org/maven2/io/netty/netty-codec-socks/4.1.72.Final/netty-codec-socks-4.1.72.Final.jar is up-to-date (lastModified: Mon Dec 13 16:44:24 IST 2021).
Cached resource https://repo.maven.apache.org/maven2/io/netty/netty-transport/4.1.72.Final/netty-transport-4.1.72.Final.jar is up-to-date (lastModified: Mon Dec 13 17:32:34 IST 2021).
Cached resource https://dl.google.com/dl/android/maven2/com/android/tools/build/apksig/8.2.1/apksig-8.2.1.jar is up-to-date (lastModified: Wed Jan 03 23:40:26 IST 2024).
Cached resource https://repo.maven.apache.org/maven2/io/netty/netty-common/4.1.72.Final/netty-common-4.1.72.Final.jar is up-to-date (lastModified: Mon Dec 13 17:30:09 IST 2021).
Cached resource https://repo.maven.apache.org/maven2/io/netty/netty-buffer/4.1.72.Final/netty-buffer-4.1.72.Final.jar is up-to-date (lastModified: Mon Dec 13 17:33:36 IST 2021).
Cached resource https://repo.maven.apache.org/maven2/io/netty/netty-resolver/4.1.72.Final/netty-resolver-4.1.72.Final.jar is up-to-date (lastModified: Mon Dec 13 17:33:04 IST 2021).
Cached resource https://repo.maven.apache.org/maven2/com/diffplug/durian/durian-swt.os/4.2.2/durian-swt.os-4.2.2.jar is up-to-date (lastModified: Fri Oct 27 00:56:41 IST 2023).
Cached resource https://repo.maven.apache.org/maven2/org/tukaani/xz/1.9/xz-1.9.jar is up-to-date (lastModified: Fri Mar 12 23:23:44 IST 2021).
Cached resource https://repo.maven.apache.org/maven2/io/netty/netty-tcnative-classes/2.0.46.Final/netty-tcnative-classes-2.0.46.Final.jar is up-to-date (lastModified: Wed Nov 17 15:43:29 IST 2021).
Cached resource https://dl.google.com/dl/android/maven2/com/android/tools/annotations/31.2.1/annotations-31.2.1.jar is up-to-date (lastModified: Wed Jan 03 23:40:26 IST 2024).
Cached resource https://repo.maven.apache.org/maven2/io/netty/netty-codec-http/4.1.72.Final/netty-codec-http-4.1.72.Final.jar is up-to-date (lastModified: Mon Dec 13 17:33:37 IST 2021).
Cached resource https://repo.maven.apache.org/maven2/org/eclipse/platform/org.eclipse.osgi/3.18.300/org.eclipse.osgi-3.18.300.jar is up-to-date (lastModified: Mon Mar 13 16:19:42 IST 2023).
Using default execution profile
Using Kotlin Gradle Plugin gradle85 variant
C/C++: android.ndkVersion from module build.gradle is [27.1.12297006]
C/C++: android.ndkPath from module build.gradle is not set
C/C++: ndk.dir in local.properties is not set
C/C++: Not considering ANDROID_NDK_HOME because support was removed after deprecation period.
C/C++: sdkFolder is C:\Users\HP\AppData\Local\Android\Sdk
C/C++: android.ndkVersion from module build.gradle is [27.1.12297006]
C/C++: android.ndkPath from module build.gradle is not set
C/C++: ndk.dir in local.properties is not set
C/C++: Not considering ANDROID_NDK_HOME because support was removed after deprecation period.
C/C++: sdkFolder is C:\Users\HP\AppData\Local\Android\Sdk
C/C++: android.ndkVersion from module build.gradle is [27.1.12297006]
C/C++: android.ndkPath from module build.gradle is not set
C/C++: ndk.dir in local.properties is not set
C/C++: Not considering ANDROID_NDK_HOME because support was removed after deprecation period.
C/C++: sdkFolder is C:\Users\HP\AppData\Local\Android\Sdk
C/C++: android.ndkVersion from module build.gradle is [27.1.12297006]
C/C++: android.ndkPath from module build.gradle is not set
C/C++: ndk.dir in local.properties is not set
C/C++: Not considering ANDROID_NDK_HOME because support was removed after deprecation period.
C/C++: sdkFolder is C:\Users\HP\AppData\Local\Android\Sdk
C/C++: android.ndkVersion from module build.gradle is [27.1.12297006]
C/C++: android.ndkPath from module build.gradle is not set
C/C++: ndk.dir in local.properties is not set
C/C++: Not considering ANDROID_NDK_HOME because support was removed after deprecation period.
C/C++: sdkFolder is C:\Users\HP\AppData\Local\Android\Sdk
C/C++: android.ndkVersion from module build.gradle is [27.1.12297006]
C/C++: android.ndkPath from module build.gradle is not set
C/C++: ndk.dir in local.properties is not set
C/C++: Not considering ANDROID_NDK_HOME because support was removed after deprecation period.
C/C++: sdkFolder is C:\Users\HP\AppData\Local\Android\Sdk
C/C++: android.ndkVersion from module build.gradle is [27.1.12297006]
C/C++: android.ndkPath from module build.gradle is not set
C/C++: ndk.dir in local.properties is not set
C/C++: Not considering ANDROID_NDK_HOME because support was removed after deprecation period.
C/C++: sdkFolder is C:\Users\HP\AppData\Local\Android\Sdk
C/C++: android.ndkVersion from module build.gradle is [27.1.12297006]
C/C++: android.ndkPath from module build.gradle is not set
C/C++: ndk.dir in local.properties is not set
C/C++: Not considering ANDROID_NDK_HOME because support was removed after deprecation period.
C/C++: sdkFolder is C:\Users\HP\AppData\Local\Android\Sdk
C/C++: android.ndkVersion from module build.gradle is [27.1.12297006]
C/C++: android.ndkPath from module build.gradle is not set
C/C++: ndk.dir in local.properties is not set
C/C++: Not considering ANDROID_NDK_HOME because support was removed after deprecation period.
C/C++: sdkFolder is C:\Users\HP\AppData\Local\Android\Sdk
C/C++: android.ndkVersion from module build.gradle is [27.1.12297006]
C/C++: android.ndkPath from module build.gradle is not set
C/C++: ndk.dir in local.properties is not set
C/C++: Not considering ANDROID_NDK_HOME because support was removed after deprecation period.
C/C++: sdkFolder is C:\Users\HP\AppData\Local\Android\Sdk
C/C++: android.ndkVersion from module build.gradle is [27.1.12297006]
C/C++: android.ndkPath from module build.gradle is not set
C/C++: ndk.dir in local.properties is not set
C/C++: Not considering ANDROID_NDK_HOME because support was removed after deprecation period.
C/C++: sdkFolder is C:\Users\HP\AppData\Local\Android\Sdk
C/C++: android.ndkVersion from module build.gradle is [27.1.12297006]
C/C++: android.ndkPath from module build.gradle is not set
C/C++: ndk.dir in local.properties is not set
C/C++: Not considering ANDROID_NDK_HOME because support was removed after deprecation period.
C/C++: sdkFolder is C:\Users\HP\AppData\Local\Android\Sdk
C/C++: android.ndkVersion from module build.gradle is [27.1.12297006]
C/C++: android.ndkPath from module build.gradle is not set
C/C++: ndk.dir in local.properties is not set
C/C++: Not considering ANDROID_NDK_HOME because support was removed after deprecation period.
C/C++: sdkFolder is C:\Users\HP\AppData\Local\Android\Sdk

> Configure project :react-native-vector-icons
Evaluating project ':react-native-vector-icons' using build file 'D:\RVU-connect\node_modules\react-native-vector-icons\android\build.gradle'.
Cached resource https://dl.google.com/dl/android/maven2/com/android/tools/build/gradle/7.0.4/gradle-7.0.4.pom is up-to-date (lastModified: Wed Dec 08 22:30:00 IST 2021).
Cached resource https://dl.google.com/dl/android/maven2/com/android/tools/build/gradle/7.0.4/gradle-7.0.4.module is up-to-date (lastModified: Wed Dec 08 22:30:00 IST 2021).
Cached resource https://dl.google.com/dl/android/maven2/com/android/tools/sdk-common/30.0.4/sdk-common-30.0.4.pom is up-to-date (lastModified: Wed Dec 08 22:30:00 IST 2021).
Cached resource https://dl.google.com/dl/android/maven2/com/android/tools/ddms/ddmlib/30.0.4/ddmlib-30.0.4.pom is up-to-date (lastModified: Wed Dec 08 22:30:00 IST 2021).
Cached resource https://dl.google.com/dl/android/maven2/com/android/tools/build/aaptcompiler/7.0.4/aaptcompiler-7.0.4.pom is up-to-date (lastModified: Wed Dec 08 22:30:00 IST 2021).
Cached resource https://dl.google.com/dl/android/maven2/com/android/tools/analytics-library/crash/30.0.4/crash-30.0.4.pom is up-to-date (lastModified: Wed Dec 08 22:30:00 IST 2021).
Cached resource https://dl.google.com/dl/android/maven2/com/android/tools/lint/lint-model/30.0.4/lint-model-30.0.4.pom is up-to-date (lastModified: Wed Dec 08 22:30:00 IST 2021).
Cached resource https://dl.google.com/dl/android/maven2/com/android/tools/repository/30.0.4/repository-30.0.4.pom is up-to-date (lastModified: Wed Dec 08 22:30:00 IST 2021).
Cached resource https://dl.google.com/dl/android/maven2/com/android/databinding/baseLibrary/7.0.4/baseLibrary-7.0.4.pom is up-to-date (lastModified: Wed Dec 08 22:30:00 IST 2021).
Cached resource https://dl.google.com/dl/android/maven2/com/android/tools/sdklib/30.0.4/sdklib-30.0.4.pom is up-to-date (lastModified: Wed Dec 08 22:30:00 IST 2021).
Cached resource https://dl.google.com/dl/android/maven2/androidx/databinding/databinding-compiler-common/7.0.4/databinding-compiler-common-7.0.4.pom is up-to-date (lastModified: Wed Dec 08 22:30:00 IST 2021).
Cached resource https://dl.google.com/dl/android/maven2/com/android/tools/build/aapt2-proto/7.0.4-7396180/aapt2-proto-7.0.4-7396180.pom is up-to-date (lastModified: Wed Dec 08 22:30:00 IST 2021).
Cached resource https://dl.google.com/dl/android/maven2/com/android/tools/analytics-library/shared/30.0.4/shared-30.0.4.pom is up-to-date (lastModified: Wed Dec 08 22:30:00 IST 2021).
Cached resource https://dl.google.com/dl/android/maven2/androidx/databinding/databinding-common/7.0.4/databinding-common-7.0.4.pom is up-to-date (lastModified: Wed Dec 08 22:30:00 IST 2021).
Cached resource https://dl.google.com/dl/android/maven2/com/android/tools/sdk-common/30.0.4/sdk-common-30.0.4.module is up-to-date (lastModified: Wed Dec 08 22:30:00 IST 2021).
Cached resource https://dl.google.com/dl/android/maven2/com/android/tools/repository/30.0.4/repository-30.0.4.module is up-to-date (lastModified: Wed Dec 08 22:30:00 IST 2021).
Cached resource https://dl.google.com/dl/android/maven2/com/android/tools/build/aaptcompiler/7.0.4/aaptcompiler-7.0.4.module is up-to-date (lastModified: Wed Dec 08 22:30:00 IST 2021).
Cached resource https://dl.google.com/dl/android/maven2/com/android/tools/lint/lint-model/30.0.4/lint-model-30.0.4.module is up-to-date (lastModified: Wed Dec 08 22:30:00 IST 2021).
Cached resource https://dl.google.com/dl/android/maven2/com/android/databinding/baseLibrary/7.0.4/baseLibrary-7.0.4.module is up-to-date (lastModified: Wed Dec 08 22:30:00 IST 2021).
Cached resource https://dl.google.com/dl/android/maven2/com/android/tools/build/aapt2-proto/7.0.4-7396180/aapt2-proto-7.0.4-7396180.module is up-to-date (lastModified: Wed Dec 08 22:30:00 IST 2021).
Cached resource https://dl.google.com/dl/android/maven2/com/android/tools/sdklib/30.0.4/sdklib-30.0.4.module is up-to-date (lastModified: Wed Dec 08 22:30:00 IST 2021).
Cached resource https://dl.google.com/dl/android/maven2/com/android/tools/analytics-library/crash/30.0.4/crash-30.0.4.module is up-to-date (lastModified: Wed Dec 08 22:30:00 IST 2021).
Cached resource https://dl.google.com/dl/android/maven2/com/android/tools/ddms/ddmlib/30.0.4/ddmlib-30.0.4.module is up-to-date (lastModified: Wed Dec 08 22:30:00 IST 2021).
Cached resource https://dl.google.com/dl/android/maven2/androidx/databinding/databinding-compiler-common/7.0.4/databinding-compiler-common-7.0.4.module is up-to-date (lastModified: Wed Dec 08 22:30:00 IST 2021).
Cached resource https://dl.google.com/dl/android/maven2/com/android/tools/utp/android-test-plugin-host-retention-proto/30.0.4/android-test-plugin-host-retention-proto-30.0.4.pom is up-to-date (lastModified: Wed Dec 08 22:30:00 IST 2021).
Cached resource https://dl.google.com/dl/android/maven2/com/android/tools/build/builder-test-api/7.0.4/builder-test-api-7.0.4.pom is up-to-date (lastModified: Wed Dec 08 22:30:00 IST 2021).
Cached resource https://dl.google.com/dl/android/maven2/com/android/tools/analytics-library/shared/30.0.4/shared-30.0.4.module is up-to-date (lastModified: Wed Dec 08 22:30:00 IST 2021).
Cached resource https://dl.google.com/dl/android/maven2/com/android/tools/layoutlib/layoutlib-api/30.0.4/layoutlib-api-30.0.4.pom is up-to-date (lastModified: Wed Dec 08 22:30:00 IST 2021).
Cached resource https://dl.google.com/dl/android/maven2/androidx/databinding/databinding-common/7.0.4/databinding-common-7.0.4.module is up-to-date (lastModified: Wed Dec 08 22:30:00 IST 2021).
Resource missing. [HTTP HEAD: https://dl.google.com/dl/android/maven2/org/jetbrains/kotlin/kotlin-stdlib-jdk8/1.4.32/kotlin-stdlib-jdk8-1.4.32.pom]
Cached resource https://dl.google.com/dl/android/maven2/com/android/tools/utp/android-device-provider-gradle-proto/30.0.4/android-device-provider-gradle-proto-30.0.4.pom is up-to-date (lastModified: Wed Dec 08 22:30:00 IST 2021).
Cached resource https://dl.google.com/dl/android/maven2/com/android/tools/utp/android-test-plugin-result-listener-gradle-proto/30.0.4/android-test-plugin-result-listener-gradle-proto-30.0.4.pom is up-to-date (lastModified: Wed Dec 08 22:30:00 IST 2021).
Resource missing. [HTTP HEAD: https://dl.google.com/dl/android/maven2/org/ow2/asm/asm/7.0/asm-7.0.pom]
Resource missing. [HTTP HEAD: https://dl.google.com/dl/android/maven2/org/ow2/asm/asm-analysis/7.0/asm-analysis-7.0.pom]
Resource missing. [HTTP HEAD: https://dl.google.com/dl/android/maven2/org/ow2/asm/asm-commons/7.0/asm-commons-7.0.pom]
Cached resource https://dl.google.com/dl/android/maven2/com/android/tools/utp/android-test-plugin-host-retention-proto/30.0.4/android-test-plugin-host-retention-proto-30.0.4.module is up-to-date (lastModified: Wed Dec 08 22:30:00 IST 2021).
Cached resource https://plugins.gradle.org/m2/org/apache/httpcomponents/httpmime/4.5.6/httpmime-4.5.6.pom is up-to-date (lastModified: Thu Jul 05 17:13:07 IST 2018).
Cached resource https://dl.google.com/dl/android/maven2/com/android/tools/utp/android-test-plugin-result-listener-gradle-proto/30.0.4/android-test-plugin-result-listener-gradle-proto-30.0.4.module is up-to-date (lastModified: Wed Dec 08 22:30:00 IST 2021).
Cached resource https://dl.google.com/dl/android/maven2/com/android/tools/layoutlib/layoutlib-api/30.0.4/layoutlib-api-30.0.4.module is up-to-date (lastModified: Wed Dec 08 22:30:00 IST 2021).
Cached resource https://plugins.gradle.org/m2/commons-io/commons-io/2.4/commons-io-2.4.pom is up-to-date (lastModified: Wed Jun 13 03:52:06 IST 2012).
Resource missing. [HTTP HEAD: https://dl.google.com/dl/android/maven2/org/ow2/asm/asm-util/7.0/asm-util-7.0.pom]
Cached resource https://dl.google.com/dl/android/maven2/com/android/tools/build/builder-test-api/7.0.4/builder-test-api-7.0.4.module is up-to-date (lastModified: Wed Dec 08 22:30:00 IST 2021).
Cached resource https://plugins.gradle.org/m2/org/jetbrains/kotlin/kotlin-stdlib-jdk8/1.4.32/kotlin-stdlib-jdk8-1.4.32.pom is up-to-date (lastModified: Mon Mar 22 16:05:17 IST 2021).
Cached resource https://dl.google.com/dl/android/maven2/com/android/tools/utp/android-device-provider-gradle-proto/30.0.4/android-device-provider-gradle-proto-30.0.4.module is up-to-date (lastModified: Wed Dec 08 22:30:00 IST 2021).
Cached resource https://plugins.gradle.org/m2/org/apache/httpcomponents/httpcomponents-client/4.5.6/httpcomponents-client-4.5.6.pom is up-to-date (lastModified: Thu Jul 05 17:11:19 IST 2018).
Resource missing. [HTTP HEAD: https://dl.google.com/dl/android/maven2/org/bouncycastle/bcpkix-jdk15on/1.56/bcpkix-jdk15on-1.56.pom]
Resource missing. [HTTP HEAD: https://dl.google.com/dl/android/maven2/org/apache/commons/commons-parent/25/commons-parent-25.pom]
Cached resource https://plugins.gradle.org/m2/org/glassfish/jaxb/jaxb-runtime/2.3.2/jaxb-runtime-2.3.2.pom is up-to-date (lastModified: Wed Jan 02 21:02:23 IST 2019).
Cached resource https://dl.google.com/dl/android/maven2/com/android/tools/build/bundletool/1.6.0/bundletool-1.6.0.pom is up-to-date (lastModified: Wed Apr 28 19:20:47 IST 2021).
Cached resource https://plugins.gradle.org/m2/net/sf/jopt-simple/jopt-simple/4.9/jopt-simple-4.9.pom is up-to-date (lastModified: Sun Jun 28 00:18:07 IST 2015).
Cached resource https://plugins.gradle.org/m2/org/ow2/asm/asm-util/7.0/asm-util-7.0.pom is up-to-date (lastModified: Sat Oct 27 19:12:49 IST 2018).
Cached resource https://dl.google.com/dl/android/maven2/com/android/tools/build/jetifier/jetifier-core/1.0.0-beta09/jetifier-core-1.0.0-beta09.pom is up-to-date (lastModified: Thu Feb 20 02:30:00 IST 2020).
Cached resource https://plugins.gradle.org/m2/org/apache/httpcomponents/httpcomponents-parent/10/httpcomponents-parent-10.pom is up-to-date (lastModified: Fri Oct 27 21:40:16 IST 2017).
Cached resource https://plugins.gradle.org/m2/org/bouncycastle/bcpkix-jdk15on/1.56/bcpkix-jdk15on-1.56.pom is up-to-date (lastModified: Fri Dec 23 10:59:04 IST 2016).
Cached resource https://plugins.gradle.org/m2/org/apache/commons/commons-parent/25/commons-parent-25.pom is up-to-date (lastModified: Fri Apr 27 16:17:46 IST 2012).
Cached resource https://plugins.gradle.org/m2/com/squareup/javapoet/1.10.0/javapoet-1.10.0.pom is up-to-date (lastModified: Sat Jan 27 10:03:20 IST 2018).
Resource missing. [HTTP HEAD: https://dl.google.com/dl/android/maven2/org/apache/apache/9/apache-9.pom]
Resource missing. [HTTP HEAD: https://dl.google.com/dl/android/maven2/com/google/protobuf/protobuf-java-util/3.10.0/protobuf-java-util-3.10.0.pom]
Cached resource https://plugins.gradle.org/m2/org/apache/apache/18/apache-18.pom is up-to-date (lastModified: Mon May 16 02:22:10 IST 2016).
Cached resource https://dl.google.com/dl/android/maven2/com/android/tools/build/jetifier/jetifier-processor/1.0.0-beta09/jetifier-processor-1.0.0-beta09.pom is up-to-date (lastModified: Thu Feb 20 02:30:00 IST 2020).
Cached resource https://plugins.gradle.org/m2/com/google/code/gson/gson/2.8.6/gson-2.8.6.pom is up-to-date (lastModified: Sat Oct 05 00:25:00 IST 2019).
Resource missing. [HTTP HEAD: https://dl.google.com/dl/android/maven2/com/google/protobuf/protobuf-java/3.10.0/protobuf-java-3.10.0.pom]
Resource missing. [HTTP HEAD: https://dl.google.com/dl/android/maven2/io/grpc/grpc-core/1.21.1/grpc-core-1.21.1.pom]
Cached resource https://plugins.gradle.org/m2/org/apache/apache/9/apache-9.pom is up-to-date (lastModified: Fri Feb 11 05:26:43 IST 2011).
Resource missing. [HTTP HEAD: https://dl.google.com/dl/android/maven2/io/grpc/grpc-netty/1.21.1/grpc-netty-1.21.1.pom]
Cached resource https://plugins.gradle.org/m2/com/google/protobuf/protobuf-java-util/3.10.0/protobuf-java-util-3.10.0.pom is up-to-date (lastModified: Thu Sep 19 06:25:27 IST 2019).
Cached resource https://plugins.gradle.org/m2/io/grpc/grpc-core/1.21.1/grpc-core-1.21.1.pom is up-to-date (lastModified: Wed Aug 14 02:06:39 IST 2019).
Cached resource https://plugins.gradle.org/m2/com/google/protobuf/protobuf-java/3.10.0/protobuf-java-3.10.0.pom is up-to-date (lastModified: Thu Sep 19 06:25:39 IST 2019).
Resource missing. [HTTP HEAD: https://dl.google.com/dl/android/maven2/com/google/code/gson/gson-parent/2.8.6/gson-parent-2.8.6.pom]
Resource missing. [HTTP HEAD: https://dl.google.com/dl/android/maven2/com/google/protobuf/protobuf-parent/3.10.0/protobuf-parent-3.10.0.pom]
Cached resource https://plugins.gradle.org/m2/io/grpc/grpc-netty/1.21.1/grpc-netty-1.21.1.pom is up-to-date (lastModified: Wed Aug 14 02:06:26 IST 2019).
Resource missing. [HTTP HEAD: https://dl.google.com/dl/android/maven2/com/google/crypto/tink/tink/1.3.0-rc2/tink-1.3.0-rc2.pom]
Cached resource https://plugins.gradle.org/m2/com/google/code/gson/gson-parent/2.8.6/gson-parent-2.8.6.pom is up-to-date (lastModified: Sat Oct 05 00:24:49 IST 2019).
Cached resource https://plugins.gradle.org/m2/com/google/protobuf/protobuf-parent/3.10.0/protobuf-parent-3.10.0.pom is up-to-date (lastModified: Thu Sep 19 06:25:29 IST 2019).
Cached resource https://plugins.gradle.org/m2/com/google/crypto/tink/tink/1.3.0-rc2/tink-1.3.0-rc2.pom is up-to-date (lastModified: Tue Nov 26 08:55:27 IST 2019).
Resource missing. [HTTP HEAD: https://dl.google.com/dl/android/maven2/io/grpc/grpc-stub/1.21.1/grpc-stub-1.21.1.pom]
Resource missing. [HTTP HEAD: https://dl.google.com/dl/android/maven2/io/grpc/grpc-protobuf/1.21.1/grpc-protobuf-1.21.1.pom]
Cached resource https://plugins.gradle.org/m2/com/google/flatbuffers/flatbuffers-java/1.12.0/flatbuffers-java-1.12.0.pom is up-to-date (lastModified: Fri Mar 13 04:39:15 IST 2020).
Cached resource https://plugins.gradle.org/m2/io/grpc/grpc-stub/1.21.1/grpc-stub-1.21.1.pom is up-to-date (lastModified: Wed Aug 14 02:06:09 IST 2019).
Cached resource https://plugins.gradle.org/m2/org/tensorflow/tensorflow-lite-metadata/0.1.0-rc2/tensorflow-lite-metadata-0.1.0-rc2.pom is up-to-date (lastModified: Fri Nov 20 12:18:08 IST 2020).
Cached resource https://plugins.gradle.org/m2/io/grpc/grpc-protobuf/1.21.1/grpc-protobuf-1.21.1.pom is up-to-date (lastModified: Wed Aug 14 02:07:20 IST 2019).
Cached resource https://dl.google.com/dl/android/maven2/com/android/tools/build/builder/7.0.4/builder-7.0.4.pom is up-to-date (lastModified: Wed Dec 08 22:30:00 IST 2021).
Cached resource https://dl.google.com/dl/android/maven2/com/android/tools/build/gradle-api/7.0.4/gradle-api-7.0.4.pom is up-to-date (lastModified: Wed Dec 08 22:30:00 IST 2021).
Cached resource https://dl.google.com/dl/android/maven2/com/google/testing/platform/core-proto/0.0.8-alpha04/core-proto-0.0.8-alpha04.pom is up-to-date (lastModified: Thu Apr 22 05:32:03 IST 2021).
Resource missing. [HTTP HEAD: https://dl.google.com/dl/android/maven2/com/google/protobuf/protobuf-bom/3.10.0/protobuf-bom-3.10.0.pom]
Cached resource https://dl.google.com/dl/android/maven2/com/android/tools/build/builder-model/7.0.4/builder-model-7.0.4.pom is up-to-date (lastModified: Wed Dec 08 22:30:00 IST 2021).
Cached resource https://plugins.gradle.org/m2/com/google/protobuf/protobuf-bom/3.10.0/protobuf-bom-3.10.0.pom is up-to-date (lastModified: Thu Sep 19 06:25:37 IST 2019).
Cached resource https://dl.google.com/dl/android/maven2/com/android/tools/build/builder-model/7.0.4/builder-model-7.0.4.module is up-to-date (lastModified: Wed Dec 08 22:30:00 IST 2021).
Cached resource https://dl.google.com/dl/android/maven2/com/android/tools/build/gradle-api/7.0.4/gradle-api-7.0.4.module is up-to-date (lastModified: Wed Dec 08 22:30:00 IST 2021).
Cached resource https://dl.google.com/dl/android/maven2/com/android/tools/build/builder/7.0.4/builder-7.0.4.module is up-to-date (lastModified: Wed Dec 08 22:30:00 IST 2021).
Cached resource https://plugins.gradle.org/m2/org/ow2/asm/asm/7.0/asm-7.0.pom is up-to-date (lastModified: Sat Oct 27 19:12:30 IST 2018).
Cached resource https://plugins.gradle.org/m2/org/ow2/asm/asm-analysis/7.0/asm-analysis-7.0.pom is up-to-date (lastModified: Sat Oct 27 19:12:34 IST 2018).
Cached resource https://plugins.gradle.org/m2/org/ow2/asm/asm-commons/7.0/asm-commons-7.0.pom is up-to-date (lastModified: Sat Oct 27 19:12:38 IST 2018).
Cached resource https://plugins.gradle.org/m2/org/ow2/ow2/1.5/ow2-1.5.pom is up-to-date (lastModified: Tue Jul 31 16:52:42 IST 2012).
Cached resource https://plugins.gradle.org/m2/com/sun/xml/bind/mvn/jaxb-runtime-parent/2.3.2/jaxb-runtime-parent-2.3.2.pom is up-to-date (lastModified: Wed Jan 02 21:04:13 IST 2019).
Cached resource https://plugins.gradle.org/m2/com/sun/xml/bind/mvn/jaxb-parent/2.3.2/jaxb-parent-2.3.2.pom is up-to-date (lastModified: Wed Jan 02 21:04:07 IST 2019).
Cached resource https://plugins.gradle.org/m2/com/sun/xml/bind/jaxb-bom-ext/2.3.2/jaxb-bom-ext-2.3.2.pom is up-to-date (lastModified: Wed Jan 02 21:04:06 IST 2019).
Cached resource https://plugins.gradle.org/m2/org/glassfish/jaxb/jaxb-bom/2.3.2/jaxb-bom-2.3.2.pom is up-to-date (lastModified: Wed Jan 02 21:02:33 IST 2019).
Cached resource https://plugins.gradle.org/m2/org/eclipse/ee4j/project/1.0.5/project-1.0.5.pom is up-to-date (lastModified: Fri Nov 09 16:44:08 IST 2018).
Resource missing. [HTTP HEAD: https://dl.google.com/dl/android/maven2/com/google/guava/guava/30.1-jre/guava-30.1-jre.pom]
Resource missing. [HTTP HEAD: https://dl.google.com/dl/android/maven2/org/jetbrains/kotlin/kotlin-reflect/1.4.32/kotlin-reflect-1.4.32.pom]
Cached resource https://dl.google.com/dl/android/maven2/com/android/tools/common/30.0.4/common-30.0.4.pom is up-to-date (lastModified: Wed Dec 08 22:30:00 IST 2021).
Resource missing. [HTTP HEAD: https://dl.google.com/dl/android/maven2/org/bouncycastle/bcprov-jdk15on/1.56/bcprov-jdk15on-1.56.pom]
Resource missing. [HTTP HEAD: https://dl.google.com/dl/android/maven2/org/jetbrains/intellij/deps/trove4j/1.0.20181211/trove4j-1.0.20181211.pom]
Cached resource https://plugins.gradle.org/m2/javax/inject/javax.inject/1/javax.inject-1.pom is up-to-date (lastModified: Wed Oct 14 05:05:00 IST 2009).
Cached resource https://plugins.gradle.org/m2/net/sf/kxml/kxml2/2.3.0/kxml2-2.3.0.pom is up-to-date (lastModified: Tue Apr 21 11:34:25 IST 2009).
Cached resource https://plugins.gradle.org/m2/xerces/xercesImpl/2.12.0/xercesImpl-2.12.0.pom is up-to-date (lastModified: Fri Jun 22 23:57:27 IST 2018).
Cached resource https://plugins.gradle.org/m2/org/bouncycastle/bcprov-jdk15on/1.56/bcprov-jdk15on-1.56.pom is up-to-date (lastModified: Fri Dec 23 10:41:36 IST 2016).
Cached resource https://plugins.gradle.org/m2/com/google/guava/guava/30.1-jre/guava-30.1-jre.pom is up-to-date (lastModified: Mon Dec 14 21:35:50 IST 2020).
Cached resource https://plugins.gradle.org/m2/org/jetbrains/kotlin/kotlin-reflect/1.4.32/kotlin-reflect-1.4.32.pom is up-to-date (lastModified: Mon Mar 22 16:04:09 IST 2021).
Cached resource https://plugins.gradle.org/m2/org/jetbrains/intellij/deps/trove4j/1.0.20181211/trove4j-1.0.20181211.pom is up-to-date (lastModified: Tue Dec 11 18:24:51 IST 2018).
Resource missing. [HTTP HEAD: https://dl.google.com/dl/android/maven2/com/google/guava/guava-parent/30.1-jre/guava-parent-30.1-jre.pom]
Cached resource https://dl.google.com/dl/android/maven2/com/android/tools/common/30.0.4/common-30.0.4.module is up-to-date (lastModified: Wed Dec 08 22:30:00 IST 2021).
Cached resource https://plugins.gradle.org/m2/com/google/guava/guava-parent/30.1-jre/guava-parent-30.1-jre.pom is up-to-date (lastModified: Mon Dec 14 21:34:46 IST 2020).
Resource missing. [HTTP HEAD: https://dl.google.com/dl/android/maven2/org/apache/commons/commons-compress/1.20/commons-compress-1.20.pom]
Cached resource https://dl.google.com/dl/android/maven2/com/android/tools/dvlib/30.0.4/dvlib-30.0.4.pom is up-to-date (lastModified: Wed Dec 08 22:30:00 IST 2021).
Resource missing. [HTTP HEAD: https://dl.google.com/dl/android/maven2/org/apache/httpcomponents/httpcore/4.4.10/httpcore-4.4.10.pom]
Cached resource https://plugins.gradle.org/m2/org/apache/commons/commons-compress/1.20/commons-compress-1.20.pom is up-to-date (lastModified: Wed Feb 05 10:40:22 IST 2020).
Cached resource https://plugins.gradle.org/m2/org/apache/httpcomponents/httpcore/4.4.10/httpcore-4.4.10.pom is up-to-date (lastModified: Wed Jun 27 00:07:23 IST 2018).
Resource missing. [HTTP HEAD: https://dl.google.com/dl/android/maven2/org/apache/commons/commons-parent/48/commons-parent-48.pom]
Cached resource https://dl.google.com/dl/android/maven2/com/android/tools/dvlib/30.0.4/dvlib-30.0.4.module is up-to-date (lastModified: Wed Dec 08 22:30:00 IST 2021).
Resource missing. [HTTP HEAD: https://dl.google.com/dl/android/maven2/org/apache/httpcomponents/httpcomponents-core/4.4.10/httpcomponents-core-4.4.10.pom]
Cached resource https://plugins.gradle.org/m2/org/apache/commons/commons-parent/48/commons-parent-48.pom is up-to-date (lastModified: Wed Mar 20 20:37:16 IST 2019).
Cached resource https://plugins.gradle.org/m2/org/apache/httpcomponents/httpcomponents-core/4.4.10/httpcomponents-core-4.4.10.pom is up-to-date (lastModified: Wed Jun 27 00:06:32 IST 2018).
Cached resource https://plugins.gradle.org/m2/org/apache/apache/21/apache-21.pom is up-to-date (lastModified: Sun Aug 19 00:42:15 IST 2018).
Cached resource https://plugins.gradle.org/m2/com/google/jimfs/jimfs/1.1/jimfs-1.1.pom is up-to-date (lastModified: Sat Feb 13 03:43:22 IST 2016).
Cached resource https://plugins.gradle.org/m2/com/sun/activation/javax.activation/1.2.0/javax.activation-1.2.0.pom is up-to-date (lastModified: Thu Sep 07 04:43:11 IST 2017).
Cached resource https://plugins.gradle.org/m2/com/sun/activation/all/1.2.0/all-1.2.0.pom is up-to-date (lastModified: Thu Sep 07 04:43:05 IST 2017).
Cached resource https://plugins.gradle.org/m2/com/google/jimfs/jimfs-parent/1.1/jimfs-parent-1.1.pom is up-to-date (lastModified: Sat Feb 13 03:43:08 IST 2016).
Cached resource https://plugins.gradle.org/m2/net/java/jvnet-parent/1/jvnet-parent-1.pom is up-to-date (lastModified: Mon May 09 14:42:04 IST 2011).
Cached resource https://dl.google.com/dl/android/maven2/com/android/tools/annotations/30.0.4/annotations-30.0.4.pom is up-to-date (lastModified: Wed Dec 08 22:30:00 IST 2021).
Resource missing. [HTTP HEAD: https://dl.google.com/dl/android/maven2/org/apache/httpcomponents/httpclient/4.5.6/httpclient-4.5.6.pom]
Cached resource https://plugins.gradle.org/m2/org/apache/httpcomponents/httpclient/4.5.6/httpclient-4.5.6.pom is up-to-date (lastModified: Thu Jul 05 17:12:23 IST 2018).
Cached resource https://dl.google.com/dl/android/maven2/com/android/tools/annotations/30.0.4/annotations-30.0.4.module is up-to-date (lastModified: Wed Dec 08 22:30:00 IST 2021).
Cached resource https://plugins.gradle.org/m2/net/java/dev/jna/jna-platform/5.6.0/jna-platform-5.6.0.pom is up-to-date (lastModified: Tue Jul 14 21:59:31 IST 2020).
Cached resource https://dl.google.com/dl/android/maven2/com/android/tools/analytics-library/protos/30.0.4/protos-30.0.4.pom is up-to-date (lastModified: Wed Dec 08 22:30:00 IST 2021).
Cached resource https://dl.google.com/dl/android/maven2/com/android/tools/analytics-library/protos/30.0.4/protos-30.0.4.module is up-to-date (lastModified: Wed Dec 08 22:30:00 IST 2021).
Cached resource https://plugins.gradle.org/m2/com/googlecode/juniversalchardet/juniversalchardet/1.0.3/juniversalchardet-1.0.3.pom is up-to-date (lastModified: Mon Sep 19 23:08:24 IST 2011).
Resource missing. [HTTP HEAD: https://dl.google.com/dl/android/maven2/org/antlr/antlr4/4.5.3/antlr4-4.5.3.pom]
Cached resource https://plugins.gradle.org/m2/org/antlr/antlr4/4.5.3/antlr4-4.5.3.pom is up-to-date (lastModified: Thu Mar 31 05:05:56 IST 2016).
Resource missing. [HTTP HEAD: https://dl.google.com/dl/android/maven2/org/antlr/antlr4-master/4.5.3/antlr4-master-4.5.3.pom]
Cached resource https://plugins.gradle.org/m2/org/antlr/antlr4-master/4.5.3/antlr4-master-4.5.3.pom is up-to-date (lastModified: Thu Mar 31 05:05:14 IST 2016).
Resource missing. [HTTP HEAD: https://dl.google.com/dl/android/maven2/org/jetbrains/kotlin/kotlin-stdlib-jdk7/1.4.32/kotlin-stdlib-jdk7-1.4.32.pom]
Resource missing. [HTTP HEAD: https://dl.google.com/dl/android/maven2/org/jetbrains/kotlin/kotlin-stdlib/1.4.32/kotlin-stdlib-1.4.32.pom]
Cached resource https://plugins.gradle.org/m2/org/jetbrains/kotlin/kotlin-stdlib-jdk7/1.4.32/kotlin-stdlib-jdk7-1.4.32.pom is up-to-date (lastModified: Mon Mar 22 16:05:14 IST 2021).
Cached resource https://plugins.gradle.org/m2/org/jetbrains/kotlin/kotlin-stdlib/1.4.32/kotlin-stdlib-1.4.32.pom is up-to-date (lastModified: Mon Mar 22 16:05:09 IST 2021).
Resource missing. [HTTP HEAD: https://dl.google.com/dl/android/maven2/org/ow2/asm/asm-tree/7.0/asm-tree-7.0.pom]
Cached resource https://plugins.gradle.org/m2/org/ow2/asm/asm-tree/7.0/asm-tree-7.0.pom is up-to-date (lastModified: Sat Oct 27 19:12:45 IST 2018).
Cached resource https://plugins.gradle.org/m2/org/jvnet/staxex/stax-ex/1.8.1/stax-ex-1.8.1.pom is up-to-date (lastModified: Thu Dec 27 20:44:28 IST 2018).
Cached resource https://plugins.gradle.org/m2/org/glassfish/jaxb/txw2/2.3.2/txw2-2.3.2.pom is up-to-date (lastModified: Wed Jan 02 21:02:11 IST 2019).
Cached resource https://plugins.gradle.org/m2/com/sun/istack/istack-commons-runtime/3.0.8/istack-commons-runtime-3.0.8.pom is up-to-date (lastModified: Thu Dec 27 20:19:38 IST 2018).
Cached resource https://plugins.gradle.org/m2/jakarta/xml/bind/jakarta.xml.bind-api/2.3.2/jakarta.xml.bind-api-2.3.2.pom is up-to-date (lastModified: Thu Dec 27 21:01:07 IST 2018).
Cached resource https://plugins.gradle.org/m2/com/sun/xml/fastinfoset/FastInfoset/1.2.16/FastInfoset-1.2.16.pom is up-to-date (lastModified: Thu Dec 27 20:04:00 IST 2018).
Cached resource https://plugins.gradle.org/m2/jakarta/activation/jakarta.activation-api/1.2.1/jakarta.activation-api-1.2.1.pom is up-to-date (lastModified: Wed Nov 21 03:46:34 IST 2018).
Cached resource https://plugins.gradle.org/m2/jakarta/xml/bind/jakarta.xml.bind-api-parent/2.3.2/jakarta.xml.bind-api-parent-2.3.2.pom is up-to-date (lastModified: Thu Dec 27 21:01:07 IST 2018).
Cached resource https://plugins.gradle.org/m2/com/sun/xml/bind/mvn/jaxb-txw-parent/2.3.2/jaxb-txw-parent-2.3.2.pom is up-to-date (lastModified: Wed Jan 02 21:04:04 IST 2019).
Cached resource https://plugins.gradle.org/m2/com/sun/istack/istack-commons/3.0.8/istack-commons-3.0.8.pom is up-to-date (lastModified: Thu Dec 27 20:19:39 IST 2018).
Cached resource https://plugins.gradle.org/m2/com/sun/xml/fastinfoset/fastinfoset-project/1.2.16/fastinfoset-project-1.2.16.pom is up-to-date (lastModified: Thu Dec 27 20:04:07 IST 2018).
Cached resource https://plugins.gradle.org/m2/com/sun/activation/all/1.2.1/all-1.2.1.pom is up-to-date (lastModified: Wed Nov 21 03:44:39 IST 2018).
Cached resource https://plugins.gradle.org/m2/org/eclipse/ee4j/project/1.0.2/project-1.0.2.pom is up-to-date (lastModified: Fri Oct 05 20:26:58 IST 2018).
Cached resource https://plugins.gradle.org/m2/com/google/errorprone/error_prone_annotations/2.3.1/error_prone_annotations-2.3.1.pom is up-to-date (lastModified: Sat Apr 21 02:47:28 IST 2018).
Cached resource https://plugins.gradle.org/m2/com/google/dagger/dagger/2.28.3/dagger-2.28.3.pom is up-to-date (lastModified: Sat Jul 18 03:07:29 IST 2020).
Cached resource https://plugins.gradle.org/m2/com/google/auto/value/auto-value-annotations/1.6.2/auto-value-annotations-1.6.2.pom is up-to-date (lastModified: Tue Jun 26 21:52:26 IST 2018).
Resource missing. [HTTP HEAD: https://dl.google.com/dl/android/maven2/com/google/errorprone/error_prone_parent/2.3.1/error_prone_parent-2.3.1.pom]
Cached resource https://plugins.gradle.org/m2/com/google/auto/value/auto-value-parent/1.6.2/auto-value-parent-1.6.2.pom is up-to-date (lastModified: Tue Jun 26 21:52:04 IST 2018).
Cached resource https://plugins.gradle.org/m2/com/google/errorprone/error_prone_parent/2.3.1/error_prone_parent-2.3.1.pom is up-to-date (lastModified: Sat Apr 21 02:47:16 IST 2018).
Cached resource https://plugins.gradle.org/m2/com/google/auto/auto-parent/6/auto-parent-6.pom is up-to-date (lastModified: Tue Jan 16 23:23:53 IST 2018).
Cached resource https://plugins.gradle.org/m2/org/jdom/jdom2/2.0.6/jdom2-2.0.6.pom is up-to-date (lastModified: Mon Feb 16 08:48:23 IST 2015).
Resource missing. [HTTP HEAD: https://dl.google.com/dl/android/maven2/com/google/errorprone/error_prone_annotations/2.3.2/error_prone_annotations-2.3.2.pom]
Cached resource https://plugins.gradle.org/m2/com/google/errorprone/error_prone_annotations/2.3.2/error_prone_annotations-2.3.2.pom is up-to-date (lastModified: Wed Oct 10 04:06:52 IST 2018).
Resource missing. [HTTP HEAD: https://dl.google.com/dl/android/maven2/com/google/errorprone/error_prone_parent/2.3.2/error_prone_parent-2.3.2.pom]
Cached resource https://plugins.gradle.org/m2/com/google/errorprone/error_prone_parent/2.3.2/error_prone_parent-2.3.2.pom is up-to-date (lastModified: Wed Oct 10 04:06:35 IST 2018).
Resource missing. [HTTP HEAD: https://dl.google.com/dl/android/maven2/io/grpc/grpc-api/1.21.1/grpc-api-1.21.1.pom]
Resource missing. [HTTP HEAD: https://dl.google.com/dl/android/maven2/io/opencensus/opencensus-api/0.21.0/opencensus-api-0.21.0.pom]
Resource missing. [HTTP HEAD: https://dl.google.com/dl/android/maven2/io/opencensus/opencensus-contrib-grpc-metrics/0.21.0/opencensus-contrib-grpc-metrics-0.21.0.pom]
Cached resource https://plugins.gradle.org/m2/com/google/android/annotations/4.1.1.4/annotations-4.1.1.4.pom is up-to-date (lastModified: Sat Sep 01 05:03:43 IST 2012).
Cached resource https://plugins.gradle.org/m2/io/opencensus/opencensus-contrib-grpc-metrics/0.21.0/opencensus-contrib-grpc-metrics-0.21.0.pom is up-to-date (lastModified: Wed May 01 05:40:27 IST 2019).
Cached resource https://plugins.gradle.org/m2/io/grpc/grpc-api/1.21.1/grpc-api-1.21.1.pom is up-to-date (lastModified: Wed Aug 14 02:07:09 IST 2019).
Cached resource https://plugins.gradle.org/m2/io/opencensus/opencensus-api/0.21.0/opencensus-api-0.21.0.pom is up-to-date (lastModified: Wed May 01 05:35:14 IST 2019).
Resource missing. [HTTP HEAD: https://dl.google.com/dl/android/maven2/io/netty/netty-codec-http2/4.1.34.Final/netty-codec-http2-4.1.34.Final.pom]
Resource missing. [HTTP HEAD: https://dl.google.com/dl/android/maven2/io/netty/netty-handler-proxy/4.1.34.Final/netty-handler-proxy-4.1.34.Final.pom]
Cached resource https://plugins.gradle.org/m2/io/netty/netty-codec-http2/4.1.34.Final/netty-codec-http2-4.1.34.Final.pom is up-to-date (lastModified: Fri Mar 08 16:09:01 IST 2019).
Cached resource https://plugins.gradle.org/m2/io/netty/netty-handler-proxy/4.1.34.Final/netty-handler-proxy-4.1.34.Final.pom is up-to-date (lastModified: Fri Mar 08 16:13:42 IST 2019).
Resource missing. [HTTP HEAD: https://dl.google.com/dl/android/maven2/io/netty/netty-parent/4.1.34.Final/netty-parent-4.1.34.Final.pom]
Cached resource https://plugins.gradle.org/m2/io/netty/netty-parent/4.1.34.Final/netty-parent-4.1.34.Final.pom is up-to-date (lastModified: Fri Mar 08 15:51:20 IST 2019).
Resource missing. [HTTP HEAD: https://dl.google.com/dl/android/maven2/io/grpc/grpc-protobuf-lite/1.21.1/grpc-protobuf-lite-1.21.1.pom]
Resource missing. [HTTP HEAD: https://dl.google.com/dl/android/maven2/com/google/api/grpc/proto-google-common-protos/1.12.0/proto-google-common-protos-1.12.0.pom]
Cached resource https://plugins.gradle.org/m2/io/grpc/grpc-protobuf-lite/1.21.1/grpc-protobuf-lite-1.21.1.pom is up-to-date (lastModified: Wed Aug 14 02:06:45 IST 2019).
Cached resource https://plugins.gradle.org/m2/com/google/api/grpc/proto-google-common-protos/1.12.0/proto-google-common-protos-1.12.0.pom is up-to-date (lastModified: Fri Jun 29 05:37:23 IST 2018).
Resource missing. [HTTP HEAD: https://dl.google.com/dl/android/maven2/org/json/json/20180813/json-20180813.pom]
Cached resource https://plugins.gradle.org/m2/org/json/json/20180813/json-20180813.pom is up-to-date (lastModified: Tue Aug 14 14:15:14 IST 2018).
Cached resource https://plugins.gradle.org/m2/org/checkerframework/checker-qual/2.5.8/checker-qual-2.5.8.pom is up-to-date (lastModified: Thu Dec 06 05:22:45 IST 2018).
Cached resource https://dl.google.com/dl/android/maven2/com/android/tools/analytics-library/tracker/30.0.4/tracker-30.0.4.pom is up-to-date (lastModified: Wed Dec 08 22:30:00 IST 2021).
Cached resource https://dl.google.com/dl/android/maven2/com/android/zipflinger/7.0.4/zipflinger-7.0.4.pom is up-to-date (lastModified: Wed Dec 08 22:30:00 IST 2021).
Cached resource https://dl.google.com/dl/android/maven2/com/android/tools/build/manifest-merger/30.0.4/manifest-merger-30.0.4.pom is up-to-date (lastModified: Wed Dec 08 22:30:00 IST 2021).
Resource missing. [HTTP HEAD: https://dl.google.com/dl/android/maven2/com/googlecode/json-simple/json-simple/1.1/json-simple-1.1.pom]
Resource missing. [HTTP HEAD: https://dl.google.com/dl/android/maven2/it/unimi/dsi/fastutil/8.4.0/fastutil-8.4.0.pom]
Cached resource https://plugins.gradle.org/m2/commons-codec/commons-codec/1.10/commons-codec-1.10.pom is up-to-date (lastModified: Thu Nov 06 19:45:35 IST 2014).
Cached resource https://plugins.gradle.org/m2/com/squareup/javawriter/2.5.0/javawriter-2.5.0.pom is up-to-date (lastModified: Sat Apr 19 00:53:29 IST 2014).
Cached resource https://dl.google.com/dl/android/maven2/com/android/signflinger/7.0.4/signflinger-7.0.4.pom is up-to-date (lastModified: Wed Dec 08 22:30:00 IST 2021).
Cached resource https://dl.google.com/dl/android/maven2/com/android/tools/build/apksig/7.0.4/apksig-7.0.4.pom is up-to-date (lastModified: Wed Dec 08 22:30:00 IST 2021).
Cached resource https://dl.google.com/dl/android/maven2/com/android/tools/build/apkzlib/7.0.4/apkzlib-7.0.4.pom is up-to-date (lastModified: Wed Dec 08 22:30:00 IST 2021).
Cached resource https://plugins.gradle.org/m2/it/unimi/dsi/fastutil/8.4.0/fastutil-8.4.0.pom is up-to-date (lastModified: Fri Jul 24 12:49:43 IST 2020).
Cached resource https://plugins.gradle.org/m2/com/googlecode/json-simple/json-simple/1.1/json-simple-1.1.pom is up-to-date (lastModified: Wed Aug 12 21:35:13 IST 2009).
Cached resource https://dl.google.com/dl/android/maven2/com/android/tools/analytics-library/tracker/30.0.4/tracker-30.0.4.module is up-to-date (lastModified: Wed Dec 08 22:30:00 IST 2021).
Cached resource https://dl.google.com/dl/android/maven2/com/android/tools/build/manifest-merger/30.0.4/manifest-merger-30.0.4.module is up-to-date (lastModified: Wed Dec 08 22:30:00 IST 2021).
Resource missing. [HTTP HEAD: https://dl.google.com/dl/android/maven2/org/apache/commons/commons-parent/35/commons-parent-35.pom]
Cached resource https://dl.google.com/dl/android/maven2/com/android/tools/build/apkzlib/7.0.4/apkzlib-7.0.4.module is up-to-date (lastModified: Wed Dec 08 22:30:00 IST 2021).
Cached resource https://dl.google.com/dl/android/maven2/com/android/signflinger/7.0.4/signflinger-7.0.4.module is up-to-date (lastModified: Wed Dec 08 22:30:00 IST 2021).
Cached resource https://dl.google.com/dl/android/maven2/com/android/tools/build/apksig/7.0.4/apksig-7.0.4.module is up-to-date (lastModified: Wed Dec 08 22:30:00 IST 2021).
Cached resource https://plugins.gradle.org/m2/org/apache/commons/commons-parent/35/commons-parent-35.pom is up-to-date (lastModified: Wed Oct 22 11:07:21 IST 2014).
Resource missing. [HTTP HEAD: https://dl.google.com/dl/android/maven2/org/apache/apache/15/apache-15.pom]
Cached resource https://plugins.gradle.org/m2/org/apache/apache/15/apache-15.pom is up-to-date (lastModified: Wed Sep 24 19:57:06 IST 2014).
Cached resource https://dl.google.com/dl/android/maven2/com/android/zipflinger/7.0.4/zipflinger-7.0.4.module is up-to-date (lastModified: Wed Dec 08 22:30:00 IST 2021).
Resource missing. [HTTP HEAD: https://dl.google.com/dl/android/maven2/org/checkerframework/checker-qual/3.5.0/checker-qual-3.5.0.pom]
Cached resource https://plugins.gradle.org/m2/org/checkerframework/checker-qual/3.5.0/checker-qual-3.5.0.pom is up-to-date (lastModified: Thu Jul 02 02:39:05 IST 2020).
Resource missing. [HTTP HEAD: https://dl.google.com/dl/android/maven2/com/google/errorprone/error_prone_annotations/2.3.4/error_prone_annotations-2.3.4.pom]
Cached resource https://plugins.gradle.org/m2/com/google/errorprone/error_prone_annotations/2.3.4/error_prone_annotations-2.3.4.pom is up-to-date (lastModified: Tue Dec 03 00:31:59 IST 2019).
Resource missing. [HTTP HEAD: https://dl.google.com/dl/android/maven2/com/google/errorprone/error_prone_parent/2.3.4/error_prone_parent-2.3.4.pom]
Cached resource https://plugins.gradle.org/m2/com/google/errorprone/error_prone_parent/2.3.4/error_prone_parent-2.3.4.pom is up-to-date (lastModified: Tue Dec 03 00:31:32 IST 2019).
Cached resource https://plugins.gradle.org/m2/xml-apis/xml-apis/1.4.01/xml-apis-1.4.01.pom is up-to-date (lastModified: Sat Aug 20 05:41:11 IST 2011).
Cached resource https://plugins.gradle.org/m2/commons-logging/commons-logging/1.2/commons-logging-1.2.pom is up-to-date (lastModified: Sat Jul 05 23:42:28 IST 2014).
Cached resource https://plugins.gradle.org/m2/org/apache/commons/commons-parent/34/commons-parent-34.pom is up-to-date (lastModified: Sun Apr 13 16:44:52 IST 2014).
Cached resource https://plugins.gradle.org/m2/org/apache/apache/13/apache-13.pom is up-to-date (lastModified: Thu Jan 17 20:53:18 IST 2013).
Cached resource https://plugins.gradle.org/m2/net/java/dev/jna/jna/5.6.0/jna-5.6.0.pom is up-to-date (lastModified: Tue Jul 14 21:55:38 IST 2020).
Resource missing. [HTTP HEAD: https://dl.google.com/dl/android/maven2/org/jetbrains/kotlin/kotlin-stdlib-common/1.4.32/kotlin-stdlib-common-1.4.32.pom]
Cached resource https://plugins.gradle.org/m2/org/jetbrains/kotlin/kotlin-stdlib-common/1.4.32/kotlin-stdlib-common-1.4.32.pom is up-to-date (lastModified: Mon Mar 22 16:05:12 IST 2021).
Resource missing. [HTTP HEAD: https://dl.google.com/dl/android/maven2/io/grpc/grpc-context/1.21.1/grpc-context-1.21.1.pom]
Resource missing. [HTTP HEAD: https://dl.google.com/dl/android/maven2/org/codehaus/mojo/animal-sniffer-annotations/1.17/animal-sniffer-annotations-1.17.pom]
Cached resource https://plugins.gradle.org/m2/org/codehaus/mojo/animal-sniffer-annotations/1.17/animal-sniffer-annotations-1.17.pom is up-to-date (lastModified: Fri Jun 22 06:50:35 IST 2018).
Cached resource https://plugins.gradle.org/m2/io/grpc/grpc-context/1.21.1/grpc-context-1.21.1.pom is up-to-date (lastModified: Wed Aug 14 02:06:24 IST 2019).
Resource missing. [HTTP HEAD: https://dl.google.com/dl/android/maven2/org/codehaus/mojo/animal-sniffer-parent/1.17/animal-sniffer-parent-1.17.pom]
Cached resource https://plugins.gradle.org/m2/org/codehaus/mojo/animal-sniffer-parent/1.17/animal-sniffer-parent-1.17.pom is up-to-date (lastModified: Fri Jun 22 06:49:29 IST 2018).
Resource missing. [HTTP HEAD: https://dl.google.com/dl/android/maven2/org/codehaus/mojo/mojo-parent/40/mojo-parent-40.pom]
Cached resource https://plugins.gradle.org/m2/org/codehaus/mojo/mojo-parent/40/mojo-parent-40.pom is up-to-date (lastModified: Fri Jul 01 18:56:25 IST 2016).
Resource missing. [HTTP HEAD: https://dl.google.com/dl/android/maven2/io/netty/netty-buffer/4.1.34.Final/netty-buffer-4.1.34.Final.pom]
Resource missing. [HTTP HEAD: https://dl.google.com/dl/android/maven2/io/netty/netty-codec/4.1.34.Final/netty-codec-4.1.34.Final.pom]
Resource missing. [HTTP HEAD: https://dl.google.com/dl/android/maven2/io/netty/netty-codec-http/4.1.34.Final/netty-codec-http-4.1.34.Final.pom]
Resource missing. [HTTP HEAD: https://dl.google.com/dl/android/maven2/io/netty/netty-transport/4.1.34.Final/netty-transport-4.1.34.Final.pom]
Resource missing. [HTTP HEAD: https://dl.google.com/dl/android/maven2/io/netty/netty-common/4.1.34.Final/netty-common-4.1.34.Final.pom]
Resource missing. [HTTP HEAD: https://dl.google.com/dl/android/maven2/io/netty/netty-handler/4.1.34.Final/netty-handler-4.1.34.Final.pom]
Cached resource https://plugins.gradle.org/m2/io/netty/netty-codec/4.1.34.Final/netty-codec-4.1.34.Final.pom is up-to-date (lastModified: Fri Mar 08 16:01:05 IST 2019).
Cached resource https://plugins.gradle.org/m2/io/netty/netty-transport/4.1.34.Final/netty-transport-4.1.34.Final.pom is up-to-date (lastModified: Fri Mar 08 15:59:01 IST 2019).
Cached resource https://plugins.gradle.org/m2/io/netty/netty-buffer/4.1.34.Final/netty-buffer-4.1.34.Final.pom is up-to-date (lastModified: Fri Mar 08 15:55:42 IST 2019).
Cached resource https://plugins.gradle.org/m2/io/netty/netty-codec-http/4.1.34.Final/netty-codec-http-4.1.34.Final.pom is up-to-date (lastModified: Fri Mar 08 16:07:30 IST 2019).
Cached resource https://plugins.gradle.org/m2/io/netty/netty-handler/4.1.34.Final/netty-handler-4.1.34.Final.pom is up-to-date (lastModified: Fri Mar 08 16:05:46 IST 2019).
Cached resource https://plugins.gradle.org/m2/io/netty/netty-common/4.1.34.Final/netty-common-4.1.34.Final.pom is up-to-date (lastModified: Fri Mar 08 15:54:08 IST 2019).
Resource missing. [HTTP HEAD: https://dl.google.com/dl/android/maven2/io/netty/netty-codec-socks/4.1.34.Final/netty-codec-socks-4.1.34.Final.pom]
Cached resource https://plugins.gradle.org/m2/io/netty/netty-codec-socks/4.1.34.Final/netty-codec-socks-4.1.34.Final.pom is up-to-date (lastModified: Fri Mar 08 16:11:57 IST 2019).
Resource missing. [HTTP HEAD: https://dl.google.com/dl/android/maven2/io/netty/netty-resolver/4.1.34.Final/netty-resolver-4.1.34.Final.pom]
Cached resource https://plugins.gradle.org/m2/io/netty/netty-resolver/4.1.34.Final/netty-resolver-4.1.34.Final.pom is up-to-date (lastModified: Fri Mar 08 15:56:31 IST 2019).
Cached resource https://dl.google.com/dl/android/maven2/com/android/tools/build/aaptcompiler/7.0.4/aaptcompiler-7.0.4.jar is up-to-date (lastModified: Wed Dec 08 22:30:00 IST 2021).
Cached resource https://dl.google.com/dl/android/maven2/com/android/tools/repository/30.0.4/repository-30.0.4.jar is up-to-date (lastModified: Wed Dec 08 22:30:00 IST 2021).
Cached resource https://dl.google.com/dl/android/maven2/com/android/tools/build/gradle/7.0.4/gradle-7.0.4.jar is up-to-date (lastModified: Wed Dec 08 22:30:00 IST 2021).
Cached resource https://dl.google.com/dl/android/maven2/com/android/tools/build/manifest-merger/30.0.4/manifest-merger-30.0.4.jar is up-to-date (lastModified: Wed Dec 08 22:30:00 IST 2021).
Cached resource https://dl.google.com/dl/android/maven2/com/android/tools/build/builder-test-api/7.0.4/builder-test-api-7.0.4.jar is up-to-date (lastModified: Wed Dec 08 22:30:00 IST 2021).
Cached resource https://dl.google.com/dl/android/maven2/com/android/tools/ddms/ddmlib/30.0.4/ddmlib-30.0.4.jar is up-to-date (lastModified: Wed Dec 08 22:30:00 IST 2021).
Cached resource https://dl.google.com/dl/android/maven2/com/android/tools/sdk-common/30.0.4/sdk-common-30.0.4.jar is up-to-date (lastModified: Wed Dec 08 22:30:00 IST 2021).
Cached resource https://dl.google.com/dl/android/maven2/com/android/tools/build/gradle-api/7.0.4/gradle-api-7.0.4.jar is up-to-date (lastModified: Wed Dec 08 22:30:00 IST 2021).
Cached resource https://dl.google.com/dl/android/maven2/com/android/tools/lint/lint-model/30.0.4/lint-model-30.0.4.jar is up-to-date (lastModified: Wed Dec 08 22:30:00 IST 2021).
Cached resource https://dl.google.com/dl/android/maven2/com/android/tools/build/builder/7.0.4/builder-7.0.4.jar is up-to-date (lastModified: Wed Dec 08 22:30:00 IST 2021).
Cached resource https://dl.google.com/dl/android/maven2/com/android/tools/build/bundletool/1.6.0/bundletool-1.6.0.jar is up-to-date (lastModified: Wed Apr 28 19:20:47 IST 2021).
Cached resource https://dl.google.com/dl/android/maven2/com/android/tools/analytics-library/shared/30.0.4/shared-30.0.4.jar is up-to-date (lastModified: Wed Dec 08 22:30:00 IST 2021).
Cached resource https://dl.google.com/dl/android/maven2/com/android/tools/sdklib/30.0.4/sdklib-30.0.4.jar is up-to-date (lastModified: Wed Dec 08 22:30:00 IST 2021).
Cached resource https://dl.google.com/dl/android/maven2/androidx/databinding/databinding-compiler-common/7.0.4/databinding-compiler-common-7.0.4.jar is up-to-date (lastModified: Wed Dec 08 22:30:00 IST 2021).
Cached resource https://dl.google.com/dl/android/maven2/com/android/tools/analytics-library/crash/30.0.4/crash-30.0.4.jar is up-to-date (lastModified: Wed Dec 08 22:30:00 IST 2021).
Cached resource https://dl.google.com/dl/android/maven2/com/android/tools/utp/android-test-plugin-host-retention-proto/30.0.4/android-test-plugin-host-retention-proto-30.0.4.jar is up-to-date (lastModified: Wed Dec 08 22:30:00 IST 2021).
Cached resource https://dl.google.com/dl/android/maven2/com/android/databinding/baseLibrary/7.0.4/baseLibrary-7.0.4.jar is up-to-date (lastModified: Wed Dec 08 22:30:00 IST 2021).
Cached resource https://dl.google.com/dl/android/maven2/com/android/tools/build/aapt2-proto/7.0.4-7396180/aapt2-proto-7.0.4-7396180.jar is up-to-date (lastModified: Wed Dec 08 22:30:00 IST 2021).
Cached resource https://dl.google.com/dl/android/maven2/androidx/databinding/databinding-common/7.0.4/databinding-common-7.0.4.jar is up-to-date (lastModified: Wed Dec 08 22:30:00 IST 2021).
Cached resource https://dl.google.com/dl/android/maven2/com/android/tools/utp/android-test-plugin-result-listener-gradle-proto/30.0.4/android-test-plugin-result-listener-gradle-proto-30.0.4.jar is up-to-date (lastModified: Wed Dec 08 22:30:00 IST 2021).
Cached resource https://dl.google.com/dl/android/maven2/com/android/tools/layoutlib/layoutlib-api/30.0.4/layoutlib-api-30.0.4.jar is up-to-date (lastModified: Wed Dec 08 22:30:00 IST 2021).
Cached resource https://plugins.gradle.org/m2/org/jetbrains/kotlin/kotlin-stdlib-jdk8/1.4.32/kotlin-stdlib-jdk8-1.4.32.jar is up-to-date (lastModified: Mon Mar 22 16:05:17 IST 2021).
Cached resource https://dl.google.com/dl/android/maven2/com/android/tools/build/jetifier/jetifier-processor/1.0.0-beta09/jetifier-processor-1.0.0-beta09.jar is up-to-date (lastModified: Thu Feb 20 02:30:00 IST 2020).
Cached resource https://plugins.gradle.org/m2/org/apache/httpcomponents/httpmime/4.5.6/httpmime-4.5.6.jar is up-to-date (lastModified: Thu Jul 05 17:13:05 IST 2018).
Cached resource https://dl.google.com/dl/android/maven2/com/android/tools/common/30.0.4/common-30.0.4.jar is up-to-date (lastModified: Wed Dec 08 22:30:00 IST 2021).
Cached resource https://dl.google.com/dl/android/maven2/com/android/tools/analytics-library/tracker/30.0.4/tracker-30.0.4.jar is up-to-date (lastModified: Wed Dec 08 22:30:00 IST 2021).
Cached resource https://plugins.gradle.org/m2/commons-io/commons-io/2.4/commons-io-2.4.jar is up-to-date (lastModified: Wed Jun 13 03:52:03 IST 2012).
Cached resource https://plugins.gradle.org/m2/org/ow2/asm/asm-commons/7.0/asm-commons-7.0.jar is up-to-date (lastModified: Sat Oct 27 19:12:37 IST 2018).
Cached resource https://plugins.gradle.org/m2/org/ow2/asm/asm-util/7.0/asm-util-7.0.jar is up-to-date (lastModified: Sat Oct 27 19:12:48 IST 2018).
Cached resource https://dl.google.com/dl/android/maven2/com/android/tools/build/builder-model/7.0.4/builder-model-7.0.4.jar is up-to-date (lastModified: Wed Dec 08 22:30:00 IST 2021).
Cached resource https://dl.google.com/dl/android/maven2/com/android/tools/dvlib/30.0.4/dvlib-30.0.4.jar is up-to-date (lastModified: Wed Dec 08 22:30:00 IST 2021).
Cached resource https://dl.google.com/dl/android/maven2/com/android/tools/utp/android-device-provider-gradle-proto/30.0.4/android-device-provider-gradle-proto-30.0.4.jar is up-to-date (lastModified: Wed Dec 08 22:30:00 IST 2021).
Cached resource https://plugins.gradle.org/m2/org/ow2/asm/asm-analysis/7.0/asm-analysis-7.0.jar is up-to-date (lastModified: Sat Oct 27 19:12:33 IST 2018).
Cached resource https://plugins.gradle.org/m2/org/glassfish/jaxb/jaxb-runtime/2.3.2/jaxb-runtime-2.3.2.jar is up-to-date (lastModified: Wed Jan 02 21:02:23 IST 2019).
Cached resource https://plugins.gradle.org/m2/org/ow2/asm/asm-tree/7.0/asm-tree-7.0.jar is up-to-date (lastModified: Sat Oct 27 19:12:44 IST 2018).
Cached resource https://plugins.gradle.org/m2/org/ow2/asm/asm/7.0/asm-7.0.jar is up-to-date (lastModified: Sat Oct 27 19:12:29 IST 2018).
Cached resource https://plugins.gradle.org/m2/org/bouncycastle/bcpkix-jdk15on/1.56/bcpkix-jdk15on-1.56.jar is up-to-date (lastModified: Fri Dec 23 10:59:29 IST 2016).
Cached resource https://dl.google.com/dl/android/maven2/com/android/tools/build/apkzlib/7.0.4/apkzlib-7.0.4.jar is up-to-date (lastModified: Wed Dec 08 22:30:00 IST 2021).
Cached resource https://plugins.gradle.org/m2/net/sf/jopt-simple/jopt-simple/4.9/jopt-simple-4.9.jar is up-to-date (lastModified: Sun Jun 28 00:18:06 IST 2015).
Cached resource https://plugins.gradle.org/m2/io/grpc/grpc-protobuf/1.21.1/grpc-protobuf-1.21.1.jar is up-to-date (lastModified: Wed Aug 14 02:07:19 IST 2019).
Cached resource https://plugins.gradle.org/m2/com/google/protobuf/protobuf-java-util/3.10.0/protobuf-java-util-3.10.0.jar is up-to-date (lastModified: Thu Sep 19 06:25:27 IST 2019).
Cached resource https://plugins.gradle.org/m2/com/squareup/javapoet/1.10.0/javapoet-1.10.0.jar is up-to-date (lastModified: Sat Jan 27 10:03:16 IST 2018).
Cached resource https://plugins.gradle.org/m2/com/google/crypto/tink/tink/1.3.0-rc2/tink-1.3.0-rc2.jar is up-to-date (lastModified: Tue Nov 26 08:55:27 IST 2019).
Cached resource https://dl.google.com/dl/android/maven2/com/android/tools/analytics-library/protos/30.0.4/protos-30.0.4.jar is up-to-date (lastModified: Wed Dec 08 22:30:00 IST 2021).
Cached resource https://plugins.gradle.org/m2/io/grpc/grpc-core/1.21.1/grpc-core-1.21.1.jar is up-to-date (lastModified: Wed Aug 14 02:06:41 IST 2019).
Cached resource https://plugins.gradle.org/m2/com/google/protobuf/protobuf-java/3.10.0/protobuf-java-3.10.0.jar is up-to-date (lastModified: Thu Sep 19 06:25:39 IST 2019).
Cached resource https://plugins.gradle.org/m2/io/grpc/grpc-netty/1.21.1/grpc-netty-1.21.1.jar is up-to-date (lastModified: Wed Aug 14 02:06:28 IST 2019).
Cached resource https://plugins.gradle.org/m2/com/google/code/gson/gson/2.8.6/gson-2.8.6.jar is up-to-date (lastModified: Sat Oct 05 00:24:59 IST 2019).
Cached resource https://dl.google.com/dl/android/maven2/com/android/tools/build/jetifier/jetifier-core/1.0.0-beta09/jetifier-core-1.0.0-beta09.jar is up-to-date (lastModified: Thu Feb 20 02:30:00 IST 2020).
Cached resource https://plugins.gradle.org/m2/io/grpc/grpc-stub/1.21.1/grpc-stub-1.21.1.jar is up-to-date (lastModified: Wed Aug 14 02:06:08 IST 2019).
Cached resource https://plugins.gradle.org/m2/org/tensorflow/tensorflow-lite-metadata/0.1.0-rc2/tensorflow-lite-metadata-0.1.0-rc2.jar is up-to-date (lastModified: Fri Nov 20 12:16:54 IST 2020).
Cached resource https://plugins.gradle.org/m2/org/bouncycastle/bcprov-jdk15on/1.56/bcprov-jdk15on-1.56.jar is up-to-date (lastModified: Fri Dec 23 10:44:15 IST 2016).
Cached resource https://plugins.gradle.org/m2/com/google/jimfs/jimfs/1.1/jimfs-1.1.jar is up-to-date (lastModified: Sat Feb 13 03:43:22 IST 2016).
Cached resource https://plugins.gradle.org/m2/org/jetbrains/kotlin/kotlin-reflect/1.4.32/kotlin-reflect-1.4.32.jar is up-to-date (lastModified: Mon Mar 22 16:04:08 IST 2021).
Cached resource https://plugins.gradle.org/m2/com/google/guava/guava/30.1-jre/guava-30.1-jre.jar is up-to-date (lastModified: Mon Dec 14 21:35:49 IST 2020).
Cached resource https://plugins.gradle.org/m2/io/grpc/grpc-api/1.21.1/grpc-api-1.21.1.jar is up-to-date (lastModified: Wed Aug 14 02:07:06 IST 2019).
Cached resource https://plugins.gradle.org/m2/com/google/dagger/dagger/2.28.3/dagger-2.28.3.jar is up-to-date (lastModified: Sat Jul 18 03:07:29 IST 2020).
Cached resource https://plugins.gradle.org/m2/net/sf/kxml/kxml2/2.3.0/kxml2-2.3.0.jar is up-to-date (lastModified: Tue Apr 21 11:34:25 IST 2009).
Cached resource https://plugins.gradle.org/m2/org/jetbrains/intellij/deps/trove4j/1.0.20181211/trove4j-1.0.20181211.jar is up-to-date (lastModified: Tue Dec 11 18:25:34 IST 2018).
Cached resource https://plugins.gradle.org/m2/javax/inject/javax.inject/1/javax.inject-1.jar is up-to-date (lastModified: Wed Oct 14 05:05:00 IST 2009).
Cached resource https://plugins.gradle.org/m2/xerces/xercesImpl/2.12.0/xercesImpl-2.12.0.jar is up-to-date (lastModified: Fri Jun 22 23:57:27 IST 2018).
Cached resource https://plugins.gradle.org/m2/org/apache/commons/commons-compress/1.20/commons-compress-1.20.jar is up-to-date (lastModified: Wed Feb 05 10:40:22 IST 2020).
Cached resource https://dl.google.com/dl/android/maven2/com/android/signflinger/7.0.4/signflinger-7.0.4.jar is up-to-date (lastModified: Wed Dec 08 22:30:00 IST 2021).
Cached resource https://plugins.gradle.org/m2/org/apache/httpcomponents/httpcore/4.4.10/httpcore-4.4.10.jar is up-to-date (lastModified: Wed Jun 27 00:07:21 IST 2018).
Cached resource https://dl.google.com/dl/android/maven2/com/google/testing/platform/core-proto/0.0.8-alpha04/core-proto-0.0.8-alpha04.jar is up-to-date (lastModified: Thu Apr 22 05:32:03 IST 2021).
Cached resource https://plugins.gradle.org/m2/org/apache/httpcomponents/httpclient/4.5.6/httpclient-4.5.6.jar is up-to-date (lastModified: Thu Jul 05 17:12:16 IST 2018).
Cached resource https://plugins.gradle.org/m2/com/sun/activation/javax.activation/1.2.0/javax.activation-1.2.0.jar is up-to-date (lastModified: Thu Sep 07 04:43:11 IST 2017).
Cached resource https://dl.google.com/dl/android/maven2/com/android/zipflinger/7.0.4/zipflinger-7.0.4.jar is up-to-date (lastModified: Wed Dec 08 22:30:00 IST 2021).
Cached resource https://plugins.gradle.org/m2/org/antlr/antlr4/4.5.3/antlr4-4.5.3.jar is up-to-date (lastModified: Thu Mar 31 05:05:53 IST 2016).
Cached resource https://dl.google.com/dl/android/maven2/com/android/tools/annotations/30.0.4/annotations-30.0.4.jar is up-to-date (lastModified: Wed Dec 08 22:30:00 IST 2021).
Cached resource https://plugins.gradle.org/m2/net/java/dev/jna/jna-platform/5.6.0/jna-platform-5.6.0.jar is up-to-date (lastModified: Tue Jul 14 21:58:39 IST 2020).
Cached resource https://plugins.gradle.org/m2/com/google/flatbuffers/flatbuffers-java/1.12.0/flatbuffers-java-1.12.0.jar is up-to-date (lastModified: Fri Mar 13 04:39:15 IST 2020).
Cached resource https://plugins.gradle.org/m2/io/grpc/grpc-protobuf-lite/1.21.1/grpc-protobuf-lite-1.21.1.jar is up-to-date (lastModified: Wed Aug 14 02:06:44 IST 2019).
Cached resource https://plugins.gradle.org/m2/org/jetbrains/kotlin/kotlin-stdlib-jdk7/1.4.32/kotlin-stdlib-jdk7-1.4.32.jar is up-to-date (lastModified: Mon Mar 22 16:05:14 IST 2021).
Cached resource https://plugins.gradle.org/m2/com/googlecode/juniversalchardet/juniversalchardet/1.0.3/juniversalchardet-1.0.3.jar is up-to-date (lastModified: Mon Sep 19 23:08:24 IST 2011).
Cached resource https://plugins.gradle.org/m2/org/jetbrains/kotlin/kotlin-stdlib/1.4.32/kotlin-stdlib-1.4.32.jar is up-to-date (lastModified: Mon Mar 22 16:05:08 IST 2021).
Cached resource https://plugins.gradle.org/m2/com/sun/istack/istack-commons-runtime/3.0.8/istack-commons-runtime-3.0.8.jar is up-to-date (lastModified: Thu Dec 27 20:19:38 IST 2018).
Cached resource https://plugins.gradle.org/m2/jakarta/xml/bind/jakarta.xml.bind-api/2.3.2/jakarta.xml.bind-api-2.3.2.jar is up-to-date (lastModified: Thu Dec 27 21:01:07 IST 2018).
Cached resource https://plugins.gradle.org/m2/org/glassfish/jaxb/txw2/2.3.2/txw2-2.3.2.jar is up-to-date (lastModified: Wed Jan 02 21:02:11 IST 2019).
Cached resource https://plugins.gradle.org/m2/org/jvnet/staxex/stax-ex/1.8.1/stax-ex-1.8.1.jar is up-to-date (lastModified: Thu Dec 27 20:44:27 IST 2018).
Cached resource https://plugins.gradle.org/m2/jakarta/activation/jakarta.activation-api/1.2.1/jakarta.activation-api-1.2.1.jar is up-to-date (lastModified: Wed Nov 21 03:46:31 IST 2018).
Cached resource https://plugins.gradle.org/m2/com/google/errorprone/error_prone_annotations/2.3.4/error_prone_annotations-2.3.4.jar is up-to-date (lastModified: Tue Dec 03 00:31:58 IST 2019).
Cached resource https://plugins.gradle.org/m2/org/jdom/jdom2/2.0.6/jdom2-2.0.6.jar is up-to-date (lastModified: Mon Feb 16 08:48:23 IST 2015).
Cached resource https://plugins.gradle.org/m2/com/sun/xml/fastinfoset/FastInfoset/1.2.16/FastInfoset-1.2.16.jar is up-to-date (lastModified: Thu Dec 27 20:04:00 IST 2018).
Cached resource https://plugins.gradle.org/m2/com/google/auto/value/auto-value-annotations/1.6.2/auto-value-annotations-1.6.2.jar is up-to-date (lastModified: Tue Jun 26 21:52:26 IST 2018).
Cached resource https://plugins.gradle.org/m2/io/opencensus/opencensus-contrib-grpc-metrics/0.21.0/opencensus-contrib-grpc-metrics-0.21.0.jar is up-to-date (lastModified: Wed May 01 05:40:21 IST 2019).
Cached resource https://plugins.gradle.org/m2/com/google/android/annotations/4.1.1.4/annotations-4.1.1.4.jar is up-to-date (lastModified: Sat Sep 01 05:03:43 IST 2012).
Cached resource https://plugins.gradle.org/m2/io/opencensus/opencensus-api/0.21.0/opencensus-api-0.21.0.jar is up-to-date (lastModified: Wed May 01 05:34:55 IST 2019).
Cached resource https://plugins.gradle.org/m2/io/netty/netty-codec-http2/4.1.34.Final/netty-codec-http2-4.1.34.Final.jar is up-to-date (lastModified: Fri Mar 08 16:08:56 IST 2019).
Cached resource https://plugins.gradle.org/m2/io/netty/netty-handler-proxy/4.1.34.Final/netty-handler-proxy-4.1.34.Final.jar is up-to-date (lastModified: Fri Mar 08 16:13:29 IST 2019).
Cached resource https://plugins.gradle.org/m2/com/google/api/grpc/proto-google-common-protos/1.12.0/proto-google-common-protos-1.12.0.jar is up-to-date (lastModified: Fri Jun 29 05:37:22 IST 2018).
Cached resource https://plugins.gradle.org/m2/org/checkerframework/checker-qual/3.5.0/checker-qual-3.5.0.jar is up-to-date (lastModified: Thu Jul 02 02:38:48 IST 2020).
Cached resource https://plugins.gradle.org/m2/org/json/json/20180813/json-20180813.jar is up-to-date (lastModified: Tue Aug 14 14:15:12 IST 2018).
Cached resource https://plugins.gradle.org/m2/commons-codec/commons-codec/1.10/commons-codec-1.10.jar is up-to-date (lastModified: Thu Nov 06 19:45:33 IST 2014).
Cached resource https://dl.google.com/dl/android/maven2/com/android/tools/build/apksig/7.0.4/apksig-7.0.4.jar is up-to-date (lastModified: Wed Dec 08 22:30:00 IST 2021).
Cached resource https://plugins.gradle.org/m2/com/googlecode/json-simple/json-simple/1.1/json-simple-1.1.jar is up-to-date (lastModified: Wed Aug 12 21:35:13 IST 2009).
Cached resource https://plugins.gradle.org/m2/it/unimi/dsi/fastutil/8.4.0/fastutil-8.4.0.jar is up-to-date (lastModified: Fri Jul 24 12:49:28 IST 2020).
Cached resource https://plugins.gradle.org/m2/com/squareup/javawriter/2.5.0/javawriter-2.5.0.jar is up-to-date (lastModified: Sat Apr 19 00:53:28 IST 2014).
Cached resource https://plugins.gradle.org/m2/commons-logging/commons-logging/1.2/commons-logging-1.2.jar is up-to-date (lastModified: Sat Jul 05 23:42:25 IST 2014).
Cached resource https://plugins.gradle.org/m2/xml-apis/xml-apis/1.4.01/xml-apis-1.4.01.jar is up-to-date (lastModified: Sat Aug 20 05:41:11 IST 2011).
Cached resource https://plugins.gradle.org/m2/org/jetbrains/kotlin/kotlin-stdlib-common/1.4.32/kotlin-stdlib-common-1.4.32.jar is up-to-date (lastModified: Mon Mar 22 16:05:11 IST 2021).
Cached resource https://plugins.gradle.org/m2/io/grpc/grpc-context/1.21.1/grpc-context-1.21.1.jar is up-to-date (lastModified: Wed Aug 14 02:06:24 IST 2019).
Cached resource https://plugins.gradle.org/m2/net/java/dev/jna/jna/5.6.0/jna-5.6.0.jar is up-to-date (lastModified: Tue Jul 14 21:55:28 IST 2020).
Cached resource https://plugins.gradle.org/m2/org/codehaus/mojo/animal-sniffer-annotations/1.17/animal-sniffer-annotations-1.17.jar is up-to-date (lastModified: Fri Jun 22 06:50:32 IST 2018).
Cached resource https://plugins.gradle.org/m2/io/netty/netty-codec-http/4.1.34.Final/netty-codec-http-4.1.34.Final.jar is up-to-date (lastModified: Fri Mar 08 16:07:29 IST 2019).
Cached resource https://plugins.gradle.org/m2/io/netty/netty-handler/4.1.34.Final/netty-handler-4.1.34.Final.jar is up-to-date (lastModified: Fri Mar 08 16:05:42 IST 2019).
Cached resource https://plugins.gradle.org/m2/io/netty/netty-codec-socks/4.1.34.Final/netty-codec-socks-4.1.34.Final.jar is up-to-date (lastModified: Fri Mar 08 16:11:56 IST 2019).
Cached resource https://plugins.gradle.org/m2/io/netty/netty-codec/4.1.34.Final/netty-codec-4.1.34.Final.jar is up-to-date (lastModified: Fri Mar 08 16:01:04 IST 2019).
Cached resource https://plugins.gradle.org/m2/io/netty/netty-buffer/4.1.34.Final/netty-buffer-4.1.34.Final.jar is up-to-date (lastModified: Fri Mar 08 15:55:37 IST 2019).
Cached resource https://plugins.gradle.org/m2/io/netty/netty-resolver/4.1.34.Final/netty-resolver-4.1.34.Final.jar is up-to-date (lastModified: Fri Mar 08 15:56:17 IST 2019).
Cached resource https://plugins.gradle.org/m2/io/netty/netty-transport/4.1.34.Final/netty-transport-4.1.34.Final.jar is up-to-date (lastModified: Fri Mar 08 15:58:59 IST 2019).
Cached resource https://plugins.gradle.org/m2/io/netty/netty-common/4.1.34.Final/netty-common-4.1.34.Final.jar is up-to-date (lastModified: Fri Mar 08 15:53:55 IST 2019).
Using default execution profile
All projects evaluated.
Task name matched 'clean'
Selected primary task 'clean' from project :
Tasks to be executed: [task ':app:externalNativeBuildCleanDebug', task ':app:externalNativeBuildCleanDebugOptimized', task ':app:externalNativeBuildCleanRelease', task ':app:clean', task ':react-native-firebase_app:clean', task ':react-native-firebase_auth:clean', task ':react-native-firebase_firestore:clean', task ':react-native-safe-area-context:clean', task ':react-native-screens:externalNativeBuildCleanDebug', task ':react-native-screens:externalNativeBuildCleanRelease', task ':react-native-screens:clean', task ':react-native-vector-icons:clean']
Tasks that were excluded: []
Resolve mutations for :app:externalNativeBuildCleanDebug (Thread[included builds Thread 2,5,main]) started.
:app:externalNativeBuildCleanDebug (Thread[included builds Thread 2,5,main]) started.

> Task :app:externalNativeBuildCleanDebug
Caching disabled for task ':app:externalNativeBuildCleanDebug' because:
  Build cache is disabled
Task ':app:externalNativeBuildCleanDebug' is not up-to-date because:
  Task has not declared any outputs despite executing actions.
C/C++: starting clean
C/C++: finding existing JSONs
C/C++: Json file not found so contents couldn't be cleaned D:\RVU-connect\android\app\.cxx\Debug\4w6k511h\riscv64\android_gradle_build.json
C/C++: Json file not found so contents couldn't be cleaned D:\RVU-connect\android\app\.cxx\Debug\4w6k511h\x86\android_gradle_build.json
C/C++: Json file not found so contents couldn't be cleaned D:\RVU-connect\android\app\.cxx\Debug\4w6k511h\x86_64\android_gradle_build.json
C/C++: about to execute 2 clean command batches
Clean react_codegen_RNVectorIconsSpec-armeabi-v7a, react_codegen_safeareacontext-armeabi-v7a, react_codegen_rnscreens-armeabi-v7a, appmodules-armeabi-v7a
C/C++: @echo off
"C:\\Users\\HP\\AppData\\Local\\Android\\Sdk\\cmake\\3.22.1\\bin\\ninja.exe" ^
  -C ^
  "D:\\RVU-connect\\android\\app\\.cxx\\Debug\\4w6k511h\\armeabi-v7a" ^
  clean

Starting process 'command 'C:\Users\HP\AppData\Local\Android\Sdk\cmake\3.22.1\bin\ninja.exe''. Working directory: D:\RVU-connect\android\app Command: C:\Users\HP\AppData\Local\Android\Sdk\cmake\3.22.1\bin\ninja.exe -C D:\RVU-connect\android\app\.cxx\Debug\4w6k511h\armeabi-v7a clean
Successfully started process 'command 'C:\Users\HP\AppData\Local\Android\Sdk\cmake\3.22.1\bin\ninja.exe''
C/C++: -- GLOB mismatch!
C/C++: CMake Error in CMakeLists.txt:
C/C++:   Imported target "ReactAndroid::jsi" includes non-existent path
C/C++:     "C:/Users/HP/.gradle/caches/9.0.0/transforms/ae56de66b866a7ead1632b8ffd540adc/transformed/react-android-0.84.1-debug/prefab/modules/jsi/include"
C/C++:   in its INTERFACE_INCLUDE_DIRECTORIES.  Possible reasons include:
C/C++:   * The path was deleted, renamed, or moved to another location.
C/C++:   * An install or uninstall procedure did not complete successfully.
C/C++:   * The installation package was faulty and references files it does not
C/C++:   provide.
C/C++: CMake Error in D:/RVU-connect/node_modules/react-native-safe-area-context/android/src/main/jni/CMakeLists.txt:
C/C++:   Imported target "ReactAndroid::jsi" includes non-existent path
C/C++:     "C:/Users/HP/.gradle/caches/9.0.0/transforms/ae56de66b866a7ead1632b8ffd540adc/transformed/react-android-0.84.1-debug/prefab/modules/jsi/include"
C/C++:   in its INTERFACE_INCLUDE_DIRECTORIES.  Possible reasons include:
C/C++:   * The path was deleted, renamed, or moved to another location.
C/C++:   * An install or uninstall procedure did not complete successfully.
C/C++:   * The installation package was faulty and references files it does not
C/C++:   provide.
C/C++: CMake Error in D:/RVU-connect/node_modules/react-native-screens/android/src/main/jni/CMakeLists.txt:
C/C++:   Imported target "ReactAndroid::jsi" includes non-existent path
C/C++:     "C:/Users/HP/.gradle/caches/9.0.0/transforms/ae56de66b866a7ead1632b8ffd540adc/transformed/react-android-0.84.1-debug/prefab/modules/jsi/include"
C/C++:   in its INTERFACE_INCLUDE_DIRECTORIES.  Possible reasons include:
C/C++:   * The path was deleted, renamed, or moved to another location.
C/C++:   * An install or uninstall procedure did not complete successfully.
C/C++:   * The installation package was faulty and references files it does not
C/C++:   provide.
C/C++: CMake Error in D:/RVU-connect/node_modules/react-native-vector-icons/android/build/generated/source/codegen/jni/CMakeLists.txt:
C/C++:   Imported target "ReactAndroid::jsi" includes non-existent path
C/C++:     "C:/Users/HP/.gradle/caches/9.0.0/transforms/ae56de66b866a7ead1632b8ffd540adc/transformed/react-android-0.84.1-debug/prefab/modules/jsi/include"
C/C++:   in its INTERFACE_INCLUDE_DIRECTORIES.  Possible reasons include:
C/C++:   * The path was deleted, renamed, or moved to another location.
C/C++:   * An install or uninstall procedure did not complete successfully.
C/C++:   * The installation package was faulty and references files it does not
C/C++:   provide.
C/C++: CMake Generate step failed.  Build files cannot be regenerated correctly.
C/C++: ninja: error: rebuilding 'build.ninja': subcommand failed
C/C++: Received process result: 1

> Task :app:externalNativeBuildCleanDebug FAILED
Build e23c09ff-07b7-4f89-92c8-de36da086ab8 is closed
Build 9efa2f40-e169-45ed-aa97-00a1cbc63d25 is closed

[Incubating] Problems report is available at: file:///D:/RVU-connect/android/build/reports/problems/problems-report.html

FAILURE: Build failed with an exception.

* What went wrong:
Execution failed for task ':app:externalNativeBuildCleanDebug'.
> com.android.ide.common.process.ProcessException: ninja: Entering directory `D:\RVU-connect\android\app\.cxx\Debug\4w6k511h\armeabi-v7a'
  [0/2] Re-checking globbed directories...
  [1/2] Re-running CMake...
  -- Configuring done
  -- Generating done
  FAILED: build.ninja 
  C:\Users\HP\AppData\Local\Android\Sdk\cmake\3.22.1\bin\cmake.exe --regenerate-during-build -SD:\RVU-connect\node_modules\react-native\ReactAndroid\cmake-utils\default-app-setup -BD:\RVU-connect\android\app\.cxx\Debug\4w6k511h\armeabi-v7a
  
  C++ build system [clean] failed while executing:
      @echo off
      "C:\\Users\\HP\\AppData\\Local\\Android\\Sdk\\cmake\\3.22.1\\bin\\ninja.exe" ^
        -C ^
        "D:\\RVU-connect\\android\\app\\.cxx\\Debug\\4w6k511h\\armeabi-v7a" ^
        clean
    from D:\RVU-connect\android\app
  -- GLOB mismatch!
  CMake Error in CMakeLists.txt:
    Imported target "ReactAndroid::jsi" includes non-existent path
  
      "C:/Users/HP/.gradle/caches/9.0.0/transforms/ae56de66b866a7ead1632b8ffd540adc/transformed/react-android-0.84.1-debug/prefab/modules/jsi/include"
  
    in its INTERFACE_INCLUDE_DIRECTORIES.  Possible reasons include:
  
    * The path was deleted, renamed, or moved to another location.
  
    * An install or uninstall procedure did not complete successfully.
  
    * The installation package was faulty and references files it does not
    provide.
  
  
  
  CMake Error in D:/RVU-connect/node_modules/react-native-safe-area-context/android/src/main/jni/CMakeLists.txt:
    Imported target "ReactAndroid::jsi" includes non-existent path
  
      "C:/Users/HP/.gradle/caches/9.0.0/transforms/ae56de66b866a7ead1632b8ffd540adc/transformed/react-android-0.84.1-debug/prefab/modules/jsi/include"
  
    in its INTERFACE_INCLUDE_DIRECTORIES.  Possible reasons include:
  
    * The path was deleted, renamed, or moved to another location.
  
    * An install or uninstall procedure did not complete successfully.
  
    * The installation package was faulty and references files it does not
    provide.
  
  
  
  CMake Error in D:/RVU-connect/node_modules/react-native-screens/android/src/main/jni/CMakeLists.txt:
    Imported target "ReactAndroid::jsi" includes non-existent path
  
      "C:/Users/HP/.gradle/caches/9.0.0/transforms/ae56de66b866a7ead1632b8ffd540adc/transformed/react-android-0.84.1-debug/prefab/modules/jsi/include"
  
    in its INTERFACE_INCLUDE_DIRECTORIES.  Possible reasons include:
  
    * The path was deleted, renamed, or moved to another location.
  
    * An install or uninstall procedure did not complete successfully.
  
    * The installation package was faulty and references files it does not
    provide.
  
  
  
  CMake Error in D:/RVU-connect/node_modules/react-native-vector-icons/android/build/generated/source/codegen/jni/CMakeLists.txt:
    Imported target "ReactAndroid::jsi" includes non-existent path
  
      "C:/Users/HP/.gradle/caches/9.0.0/transforms/ae56de66b866a7ead1632b8ffd540adc/transformed/react-android-0.84.1-debug/prefab/modules/jsi/include"
  
    in its INTERFACE_INCLUDE_DIRECTORIES.  Possible reasons include:
  
    * The path was deleted, renamed, or moved to another location.
  
    * An install or uninstall procedure did not complete successfully.
  
    * The installation package was faulty and references files it does not
    provide.
  
  
  
  CMake Generate step failed.  Build files cannot be regenerated correctly.
  ninja: error: rebuilding 'build.ninja': subcommand failed

* Try:
> Run with --debug option to get more log output.
> Run with --scan to generate a Build Scan (Powered by Develocity).
> Get more help at https://help.gradle.org.

* Exception is:
org.gradle.api.tasks.TaskExecutionException: Execution failed for task ':app:externalNativeBuildCleanDebug'.
	at org.gradle.api.internal.tasks.execution.ExecuteActionsTaskExecuter.lambda$executeIfValid$1(ExecuteActionsTaskExecuter.java:135)
	at org.gradle.internal.Try$Failure.ifSuccessfulOrElse(Try.java:288)
	at org.gradle.api.internal.tasks.execution.ExecuteActionsTaskExecuter.executeIfValid(ExecuteActionsTaskExecuter.java:133)
	at org.gradle.api.internal.tasks.execution.ExecuteActionsTaskExecuter.execute(ExecuteActionsTaskExecuter.java:121)
	at org.gradle.api.internal.tasks.execution.ProblemsTaskPathTrackingTaskExecuter.execute(ProblemsTaskPathTrackingTaskExecuter.java:41)
	at org.gradle.api.internal.tasks.execution.FinalizePropertiesTaskExecuter.execute(FinalizePropertiesTaskExecuter.java:46)
	at org.gradle.api.internal.tasks.execution.ResolveTaskExecutionModeExecuter.execute(ResolveTaskExecutionModeExecuter.java:51)
	at org.gradle.api.internal.tasks.execution.SkipTaskWithNoActionsExecuter.execute(SkipTaskWithNoActionsExecuter.java:57)
	at org.gradle.api.internal.tasks.execution.SkipOnlyIfTaskExecuter.execute(SkipOnlyIfTaskExecuter.java:74)
	at org.gradle.api.internal.tasks.execution.CatchExceptionTaskExecuter.execute(CatchExceptionTaskExecuter.java:36)
	at org.gradle.api.internal.tasks.execution.EventFiringTaskExecuter$1.executeTask(EventFiringTaskExecuter.java:77)
	at org.gradle.api.internal.tasks.execution.EventFiringTaskExecuter$1.call(EventFiringTaskExecuter.java:55)
	at org.gradle.api.internal.tasks.execution.EventFiringTaskExecuter$1.call(EventFiringTaskExecuter.java:52)
	at org.gradle.internal.operations.DefaultBuildOperationRunner$CallableBuildOperationWorker.execute(DefaultBuildOperationRunner.java:209)
	at org.gradle.internal.operations.DefaultBuildOperationRunner$CallableBuildOperationWorker.execute(DefaultBuildOperationRunner.java:204)
	at org.gradle.internal.operations.DefaultBuildOperationRunner$2.execute(DefaultBuildOperationRunner.java:66)
	at org.gradle.internal.operations.DefaultBuildOperationRunner$2.execute(DefaultBuildOperationRunner.java:59)
	at org.gradle.internal.operations.DefaultBuildOperationRunner.execute(DefaultBuildOperationRunner.java:166)
	at org.gradle.internal.operations.DefaultBuildOperationRunner.execute(DefaultBuildOperationRunner.java:59)
	at org.gradle.internal.operations.DefaultBuildOperationRunner.call(DefaultBuildOperationRunner.java:53)
	at org.gradle.api.internal.tasks.execution.EventFiringTaskExecuter.execute(EventFiringTaskExecuter.java:52)
	at org.gradle.execution.plan.LocalTaskNodeExecutor.execute(LocalTaskNodeExecutor.java:45)
	at org.gradle.execution.taskgraph.DefaultTaskExecutionGraph$InvokeNodeExecutorsAction.execute(DefaultTaskExecutionGraph.java:347)
	at org.gradle.execution.taskgraph.DefaultTaskExecutionGraph$InvokeNodeExecutorsAction.execute(DefaultTaskExecutionGraph.java:334)
	at org.gradle.execution.taskgraph.DefaultTaskExecutionGraph$BuildOperationAwareExecutionAction.lambda$execute$0(DefaultTaskExecutionGraph.java:330)
	at org.gradle.internal.operations.CurrentBuildOperationRef.with(CurrentBuildOperationRef.java:84)
	at org.gradle.execution.taskgraph.DefaultTaskExecutionGraph$BuildOperationAwareExecutionAction.execute(DefaultTaskExecutionGraph.java:330)
	at org.gradle.execution.taskgraph.DefaultTaskExecutionGraph$BuildOperationAwareExecutionAction.execute(DefaultTaskExecutionGraph.java:319)
	at org.gradle.execution.plan.DefaultPlanExecutor$ExecutorWorker.execute(DefaultPlanExecutor.java:459)
	at org.gradle.execution.plan.DefaultPlanExecutor$ExecutorWorker.run(DefaultPlanExecutor.java:376)
	at org.gradle.execution.plan.DefaultPlanExecutor.process(DefaultPlanExecutor.java:111)
	at org.gradle.execution.taskgraph.DefaultTaskExecutionGraph.executeWithServices(DefaultTaskExecutionGraph.java:144)
	at org.gradle.execution.taskgraph.DefaultTaskExecutionGraph.execute(DefaultTaskExecutionGraph.java:129)
	at org.gradle.execution.SelectedTaskExecutionAction.execute(SelectedTaskExecutionAction.java:35)
	at org.gradle.execution.DryRunBuildExecutionAction.execute(DryRunBuildExecutionAction.java:51)
	at org.gradle.execution.BuildOperationFiringBuildWorkerExecutor$ExecuteTasks.call(BuildOperationFiringBuildWorkerExecutor.java:54)
	at org.gradle.execution.BuildOperationFiringBuildWorkerExecutor$ExecuteTasks.call(BuildOperationFiringBuildWorkerExecutor.java:43)
	at org.gradle.internal.operations.DefaultBuildOperationRunner$CallableBuildOperationWorker.execute(DefaultBuildOperationRunner.java:209)
	at org.gradle.internal.operations.DefaultBuildOperationRunner$CallableBuildOperationWorker.execute(DefaultBuildOperationRunner.java:204)
	at org.gradle.internal.operations.DefaultBuildOperationRunner$2.execute(DefaultBuildOperationRunner.java:66)
	at org.gradle.internal.operations.DefaultBuildOperationRunner$2.execute(DefaultBuildOperationRunner.java:59)
	at org.gradle.internal.operations.DefaultBuildOperationRunner.execute(DefaultBuildOperationRunner.java:166)
	at org.gradle.internal.operations.DefaultBuildOperationRunner.execute(DefaultBuildOperationRunner.java:59)
	at org.gradle.internal.operations.DefaultBuildOperationRunner.call(DefaultBuildOperationRunner.java:53)
	at org.gradle.execution.BuildOperationFiringBuildWorkerExecutor.execute(BuildOperationFiringBuildWorkerExecutor.java:40)
	at org.gradle.internal.build.DefaultBuildLifecycleController.lambda$executeTasks$10(DefaultBuildLifecycleController.java:313)
	at org.gradle.internal.model.StateTransitionController.doTransition(StateTransitionController.java:266)
	at org.gradle.internal.model.StateTransitionController.lambda$tryTransition$8(StateTransitionController.java:177)
	at org.gradle.internal.work.DefaultSynchronizer.withLock(DefaultSynchronizer.java:45)
	at org.gradle.internal.model.StateTransitionController.tryTransition(StateTransitionController.java:177)
	at org.gradle.internal.build.DefaultBuildLifecycleController.executeTasks(DefaultBuildLifecycleController.java:304)
	at org.gradle.internal.build.DefaultBuildWorkGraphController$DefaultBuildWorkGraph.runWork(DefaultBuildWorkGraphController.java:220)
	at org.gradle.internal.work.DefaultWorkerLeaseService.withLocks(DefaultWorkerLeaseService.java:263)
	at org.gradle.internal.work.DefaultWorkerLeaseService.runAsWorkerThread(DefaultWorkerLeaseService.java:127)
	at org.gradle.composite.internal.DefaultBuildController.doRun(DefaultBuildController.java:181)
	at org.gradle.composite.internal.DefaultBuildController.access$000(DefaultBuildController.java:50)
	at org.gradle.composite.internal.DefaultBuildController$BuildOpRunnable.lambda$run$0(DefaultBuildController.java:198)
	at org.gradle.internal.operations.CurrentBuildOperationRef.with(CurrentBuildOperationRef.java:84)
	at org.gradle.composite.internal.DefaultBuildController$BuildOpRunnable.run(DefaultBuildController.java:198)
	at org.gradle.internal.concurrent.ExecutorPolicy$CatchAndRecordFailures.onExecute(ExecutorPolicy.java:64)
	at org.gradle.internal.concurrent.AbstractManagedExecutor$1.run(AbstractManagedExecutor.java:47)
Caused by: org.gradle.internal.UncheckedException: com.android.ide.common.process.ProcessException: ninja: Entering directory `D:\RVU-connect\android\app\.cxx\Debug\4w6k511h\armeabi-v7a'
[0/2] Re-checking globbed directories...
[1/2] Re-running CMake...
-- Configuring done
-- Generating done
FAILED: build.ninja 
C:\Users\HP\AppData\Local\Android\Sdk\cmake\3.22.1\bin\cmake.exe --regenerate-during-build -SD:\RVU-connect\node_modules\react-native\ReactAndroid\cmake-utils\default-app-setup -BD:\RVU-connect\android\app\.cxx\Debug\4w6k511h\armeabi-v7a

C++ build system [clean] failed while executing:
    @echo off
    "C:\\Users\\HP\\AppData\\Local\\Android\\Sdk\\cmake\\3.22.1\\bin\\ninja.exe" ^
      -C ^
      "D:\\RVU-connect\\android\\app\\.cxx\\Debug\\4w6k511h\\armeabi-v7a" ^
      clean
  from D:\RVU-connect\android\app
-- GLOB mismatch!
CMake Error in CMakeLists.txt:
  Imported target "ReactAndroid::jsi" includes non-existent path

    "C:/Users/HP/.gradle/caches/9.0.0/transforms/ae56de66b866a7ead1632b8ffd540adc/transformed/react-android-0.84.1-debug/prefab/modules/jsi/include"

  in its INTERFACE_INCLUDE_DIRECTORIES.  Possible reasons include:

  * The path was deleted, renamed, or moved to another location.

  * An install or uninstall procedure did not complete successfully.

  * The installation package was faulty and references files it does not
  provide.



CMake Error in D:/RVU-connect/node_modules/react-native-safe-area-context/android/src/main/jni/CMakeLists.txt:
  Imported target "ReactAndroid::jsi" includes non-existent path

    "C:/Users/HP/.gradle/caches/9.0.0/transforms/ae56de66b866a7ead1632b8ffd540adc/transformed/react-android-0.84.1-debug/prefab/modules/jsi/include"

  in its INTERFACE_INCLUDE_DIRECTORIES.  Possible reasons include:

  * The path was deleted, renamed, or moved to another location.

  * An install or uninstall procedure did not complete successfully.

  * The installation package was faulty and references files it does not
  provide.



CMake Error in D:/RVU-connect/node_modules/react-native-screens/android/src/main/jni/CMakeLists.txt:
  Imported target "ReactAndroid::jsi" includes non-existent path

    "C:/Users/HP/.gradle/caches/9.0.0/transforms/ae56de66b866a7ead1632b8ffd540adc/transformed/react-android-0.84.1-debug/prefab/modules/jsi/include"

  in its INTERFACE_INCLUDE_DIRECTORIES.  Possible reasons include:

  * The path was deleted, renamed, or moved to another location.

  * An install or uninstall procedure did not complete successfully.

  * The installation package was faulty and references files it does not
  provide.



CMake Error in D:/RVU-connect/node_modules/react-native-vector-icons/android/build/generated/source/codegen/jni/CMakeLists.txt:
  Imported target "ReactAndroid::jsi" includes non-existent path

    "C:/Users/HP/.gradle/caches/9.0.0/transforms/ae56de66b866a7ead1632b8ffd540adc/transformed/react-android-0.84.1-debug/prefab/modules/jsi/include"

  in its INTERFACE_INCLUDE_DIRECTORIES.  Possible reasons include:

  * The path was deleted, renamed, or moved to another location.

  * An install or uninstall procedure did not complete successfully.

  * The installation package was faulty and references files it does not
  provide.



CMake Generate step failed.  Build files cannot be regenerated correctly.
ninja: error: rebuilding 'build.ninja': subcommand failed
	at org.gradle.internal.UncheckedException.throwAsUncheckedException(UncheckedException.java:69)
	at org.gradle.internal.UncheckedException.throwAsUncheckedException(UncheckedException.java:42)
	at org.gradle.internal.reflect.JavaMethod.invoke(JavaMethod.java:128)
	at org.gradle.api.internal.project.taskfactory.StandardTaskAction.doExecute(StandardTaskAction.java:58)
	at org.gradle.api.internal.project.taskfactory.StandardTaskAction.execute(StandardTaskAction.java:51)
	at org.gradle.api.internal.project.taskfactory.StandardTaskAction.execute(StandardTaskAction.java:29)
	at org.gradle.api.internal.tasks.execution.TaskExecution$3.run(TaskExecution.java:252)
	at org.gradle.internal.operations.DefaultBuildOperationRunner$1.execute(DefaultBuildOperationRunner.java:29)
	at org.gradle.internal.operations.DefaultBuildOperationRunner$1.execute(DefaultBuildOperationRunner.java:26)
	at org.gradle.internal.operations.DefaultBuildOperationRunner$2.execute(DefaultBuildOperationRunner.java:66)
	at org.gradle.internal.operations.DefaultBuildOperationRunner$2.execute(DefaultBuildOperationRunner.java:59)
	at org.gradle.internal.operations.DefaultBuildOperationRunner.execute(DefaultBuildOperationRunner.java:166)
	at org.gradle.internal.operations.DefaultBuildOperationRunner.execute(DefaultBuildOperationRunner.java:59)
	at org.gradle.internal.operations.DefaultBuildOperationRunner.run(DefaultBuildOperationRunner.java:47)
	at org.gradle.api.internal.tasks.execution.TaskExecution.executeAction(TaskExecution.java:237)
	at org.gradle.api.internal.tasks.execution.TaskExecution.executeActions(TaskExecution.java:220)
	at org.gradle.api.internal.tasks.execution.TaskExecution.executeWithPreviousOutputFiles(TaskExecution.java:203)
	at org.gradle.api.internal.tasks.execution.TaskExecution.execute(TaskExecution.java:170)
	at org.gradle.internal.execution.steps.ExecuteStep.executeInternal(ExecuteStep.java:105)
	at org.gradle.internal.execution.steps.ExecuteStep.access$000(ExecuteStep.java:44)
	at org.gradle.internal.execution.steps.ExecuteStep$1.call(ExecuteStep.java:59)
	at org.gradle.internal.execution.steps.ExecuteStep$1.call(ExecuteStep.java:56)
	at org.gradle.internal.operations.DefaultBuildOperationRunner$CallableBuildOperationWorker.execute(DefaultBuildOperationRunner.java:209)
	at org.gradle.internal.operations.DefaultBuildOperationRunner$CallableBuildOperationWorker.execute(DefaultBuildOperationRunner.java:204)
	at org.gradle.internal.operations.DefaultBuildOperationRunner$2.execute(DefaultBuildOperationRunner.java:66)
	at org.gradle.internal.operations.DefaultBuildOperationRunner$2.execute(DefaultBuildOperationRunner.java:59)
	at org.gradle.internal.operations.DefaultBuildOperationRunner.execute(DefaultBuildOperationRunner.java:166)
	at org.gradle.internal.operations.DefaultBuildOperationRunner.execute(DefaultBuildOperationRunner.java:59)
	at org.gradle.internal.operations.DefaultBuildOperationRunner.call(DefaultBuildOperationRunner.java:53)
	at org.gradle.internal.execution.steps.ExecuteStep.execute(ExecuteStep.java:56)
	at org.gradle.internal.execution.steps.ExecuteStep.execute(ExecuteStep.java:44)
	at org.gradle.internal.execution.steps.CancelExecutionStep.execute(CancelExecutionStep.java:42)
	at org.gradle.internal.execution.steps.TimeoutStep.executeWithoutTimeout(TimeoutStep.java:75)
	at org.gradle.internal.execution.steps.TimeoutStep.execute(TimeoutStep.java:55)
	at org.gradle.internal.execution.steps.PreCreateOutputParentsStep.execute(PreCreateOutputParentsStep.java:50)
	at org.gradle.internal.execution.steps.PreCreateOutputParentsStep.execute(PreCreateOutputParentsStep.java:28)
	at org.gradle.internal.execution.steps.RemovePreviousOutputsStep.execute(RemovePreviousOutputsStep.java:68)
	at org.gradle.internal.execution.steps.RemovePreviousOutputsStep.execute(RemovePreviousOutputsStep.java:38)
	at org.gradle.internal.execution.steps.BroadcastChangingOutputsStep.execute(BroadcastChangingOutputsStep.java:61)
	at org.gradle.internal.execution.steps.BroadcastChangingOutputsStep.execute(BroadcastChangingOutputsStep.java:26)
	at org.gradle.internal.execution.steps.CaptureOutputsAfterExecutionStep.execute(CaptureOutputsAfterExecutionStep.java:69)
	at org.gradle.internal.execution.steps.CaptureOutputsAfterExecutionStep.execute(CaptureOutputsAfterExecutionStep.java:46)
	at org.gradle.internal.execution.steps.ResolveInputChangesStep.execute(ResolveInputChangesStep.java:39)
	at org.gradle.internal.execution.steps.ResolveInputChangesStep.execute(ResolveInputChangesStep.java:28)
	at org.gradle.internal.execution.steps.BuildCacheStep.executeWithoutCache(BuildCacheStep.java:189)
	at org.gradle.internal.execution.steps.BuildCacheStep.lambda$execute$1(BuildCacheStep.java:75)
	at org.gradle.internal.Either$Right.fold(Either.java:176)
	at org.gradle.internal.execution.caching.CachingState.fold(CachingState.java:62)
	at org.gradle.internal.execution.steps.BuildCacheStep.execute(BuildCacheStep.java:73)
	at org.gradle.internal.execution.steps.BuildCacheStep.execute(BuildCacheStep.java:48)
	at org.gradle.internal.execution.steps.StoreExecutionStateStep.execute(StoreExecutionStateStep.java:46)
	at org.gradle.internal.execution.steps.StoreExecutionStateStep.execute(StoreExecutionStateStep.java:35)
	at org.gradle.internal.execution.steps.SkipUpToDateStep.executeBecause(SkipUpToDateStep.java:75)
	at org.gradle.internal.execution.steps.SkipUpToDateStep.lambda$execute$2(SkipUpToDateStep.java:53)
	at org.gradle.internal.execution.steps.SkipUpToDateStep.execute(SkipUpToDateStep.java:53)
	at org.gradle.internal.execution.steps.SkipUpToDateStep.execute(SkipUpToDateStep.java:35)
	at org.gradle.internal.execution.steps.legacy.MarkSnapshottingInputsFinishedStep.execute(MarkSnapshottingInputsFinishedStep.java:37)
	at org.gradle.internal.execution.steps.legacy.MarkSnapshottingInputsFinishedStep.execute(MarkSnapshottingInputsFinishedStep.java:27)
	at org.gradle.internal.execution.steps.ResolveIncrementalCachingStateStep.executeDelegate(ResolveIncrementalCachingStateStep.java:49)
	at org.gradle.internal.execution.steps.ResolveIncrementalCachingStateStep.executeDelegate(ResolveIncrementalCachingStateStep.java:27)
	at org.gradle.internal.execution.steps.AbstractResolveCachingStateStep.execute(AbstractResolveCachingStateStep.java:71)
	at org.gradle.internal.execution.steps.AbstractResolveCachingStateStep.execute(AbstractResolveCachingStateStep.java:39)
	at org.gradle.internal.execution.steps.ResolveChangesStep.execute(ResolveChangesStep.java:64)
	at org.gradle.internal.execution.steps.ResolveChangesStep.execute(ResolveChangesStep.java:35)
	at org.gradle.internal.execution.steps.ValidateStep.execute(ValidateStep.java:62)
	at org.gradle.internal.execution.steps.ValidateStep.execute(ValidateStep.java:40)
	at org.gradle.internal.execution.steps.AbstractCaptureStateBeforeExecutionStep.execute(AbstractCaptureStateBeforeExecutionStep.java:76)
	at org.gradle.internal.execution.steps.AbstractCaptureStateBeforeExecutionStep.execute(AbstractCaptureStateBeforeExecutionStep.java:45)
	at org.gradle.internal.execution.steps.AbstractSkipEmptyWorkStep.executeWithNonEmptySources(AbstractSkipEmptyWorkStep.java:136)
	at org.gradle.internal.execution.steps.AbstractSkipEmptyWorkStep.execute(AbstractSkipEmptyWorkStep.java:61)
	at org.gradle.internal.execution.steps.AbstractSkipEmptyWorkStep.execute(AbstractSkipEmptyWorkStep.java:38)
	at org.gradle.internal.execution.steps.legacy.MarkSnapshottingInputsStartedStep.execute(MarkSnapshottingInputsStartedStep.java:38)
	at org.gradle.internal.execution.steps.LoadPreviousExecutionStateStep.execute(LoadPreviousExecutionStateStep.java:36)
	at org.gradle.internal.execution.steps.LoadPreviousExecutionStateStep.execute(LoadPreviousExecutionStateStep.java:23)
	at org.gradle.internal.execution.steps.HandleStaleOutputsStep.execute(HandleStaleOutputsStep.java:75)
	at org.gradle.internal.execution.steps.HandleStaleOutputsStep.execute(HandleStaleOutputsStep.java:41)
	at org.gradle.internal.execution.steps.AssignMutableWorkspaceStep.lambda$execute$0(AssignMutableWorkspaceStep.java:35)
	at org.gradle.api.internal.tasks.execution.TaskExecution$4.withWorkspace(TaskExecution.java:297)
	at org.gradle.internal.execution.steps.AssignMutableWorkspaceStep.execute(AssignMutableWorkspaceStep.java:31)
	at org.gradle.internal.execution.steps.AssignMutableWorkspaceStep.execute(AssignMutableWorkspaceStep.java:22)
	at org.gradle.internal.execution.steps.ChoosePipelineStep.execute(ChoosePipelineStep.java:40)
	at org.gradle.internal.execution.steps.ChoosePipelineStep.execute(ChoosePipelineStep.java:23)
	at org.gradle.internal.execution.steps.ExecuteWorkBuildOperationFiringStep.lambda$execute$2(ExecuteWorkBuildOperationFiringStep.java:67)
	at org.gradle.internal.execution.steps.ExecuteWorkBuildOperationFiringStep.execute(ExecuteWorkBuildOperationFiringStep.java:67)
	at org.gradle.internal.execution.steps.ExecuteWorkBuildOperationFiringStep.execute(ExecuteWorkBuildOperationFiringStep.java:39)
	at org.gradle.internal.execution.steps.IdentityCacheStep.execute(IdentityCacheStep.java:46)
	at org.gradle.internal.execution.steps.IdentityCacheStep.execute(IdentityCacheStep.java:34)
	at org.gradle.internal.execution.steps.IdentifyStep.execute(IdentifyStep.java:47)
	at org.gradle.internal.execution.steps.IdentifyStep.execute(IdentifyStep.java:34)
	at org.gradle.internal.execution.impl.DefaultExecutionEngine$1.execute(DefaultExecutionEngine.java:64)
	at org.gradle.api.internal.tasks.execution.ExecuteActionsTaskExecuter.executeIfValid(ExecuteActionsTaskExecuter.java:132)
	... 58 more
Caused by: com.android.ide.common.process.ProcessException: ninja: Entering directory `D:\RVU-connect\android\app\.cxx\Debug\4w6k511h\armeabi-v7a'
[0/2] Re-checking globbed directories...
[1/2] Re-running CMake...
-- Configuring done
-- Generating done
FAILED: build.ninja 
C:\Users\HP\AppData\Local\Android\Sdk\cmake\3.22.1\bin\cmake.exe --regenerate-during-build -SD:\RVU-connect\node_modules\react-native\ReactAndroid\cmake-utils\default-app-setup -BD:\RVU-connect\android\app\.cxx\Debug\4w6k511h\armeabi-v7a

C++ build system [clean] failed while executing:
    @echo off
    "C:\\Users\\HP\\AppData\\Local\\Android\\Sdk\\cmake\\3.22.1\\bin\\ninja.exe" ^
      -C ^
      "D:\\RVU-connect\\android\\app\\.cxx\\Debug\\4w6k511h\\armeabi-v7a" ^
      clean
  from D:\RVU-connect\android\app
-- GLOB mismatch!
CMake Error in CMakeLists.txt:
  Imported target "ReactAndroid::jsi" includes non-existent path

    "C:/Users/HP/.gradle/caches/9.0.0/transforms/ae56de66b866a7ead1632b8ffd540adc/transformed/react-android-0.84.1-debug/prefab/modules/jsi/include"

  in its INTERFACE_INCLUDE_DIRECTORIES.  Possible reasons include:

  * The path was deleted, renamed, or moved to another location.

  * An install or uninstall procedure did not complete successfully.

  * The installation package was faulty and references files it does not
  provide.



CMake Error in D:/RVU-connect/node_modules/react-native-safe-area-context/android/src/main/jni/CMakeLists.txt:
  Imported target "ReactAndroid::jsi" includes non-existent path

    "C:/Users/HP/.gradle/caches/9.0.0/transforms/ae56de66b866a7ead1632b8ffd540adc/transformed/react-android-0.84.1-debug/prefab/modules/jsi/include"

  in its INTERFACE_INCLUDE_DIRECTORIES.  Possible reasons include:

  * The path was deleted, renamed, or moved to another location.

  * An install or uninstall procedure did not complete successfully.

  * The installation package was faulty and references files it does not
  provide.



CMake Error in D:/RVU-connect/node_modules/react-native-screens/android/src/main/jni/CMakeLists.txt:
  Imported target "ReactAndroid::jsi" includes non-existent path

    "C:/Users/HP/.gradle/caches/9.0.0/transforms/ae56de66b866a7ead1632b8ffd540adc/transformed/react-android-0.84.1-debug/prefab/modules/jsi/include"

  in its INTERFACE_INCLUDE_DIRECTORIES.  Possible reasons include:

  * The path was deleted, renamed, or moved to another location.

  * An install or uninstall procedure did not complete successfully.

  * The installation package was faulty and references files it does not
  provide.



CMake Error in D:/RVU-connect/node_modules/react-native-vector-icons/android/build/generated/source/codegen/jni/CMakeLists.txt:
  Imported target "ReactAndroid::jsi" includes non-existent path

    "C:/Users/HP/.gradle/caches/9.0.0/transforms/ae56de66b866a7ead1632b8ffd540adc/transformed/react-android-0.84.1-debug/prefab/modules/jsi/include"

  in its INTERFACE_INCLUDE_DIRECTORIES.  Possible reasons include:

  * The path was deleted, renamed, or moved to another location.

  * An install or uninstall procedure did not complete successfully.

  * The installation package was faulty and references files it does not
  provide.



CMake Generate step failed.  Build files cannot be regenerated correctly.
ninja: error: rebuilding 'build.ninja': subcommand failed
	at com.android.build.gradle.internal.cxx.process.ExecuteProcessKt.execute(ExecuteProcess.kt:288)
	at com.android.build.gradle.internal.cxx.process.ExecuteProcessKt$executeProcess$1.invoke(ExecuteProcess.kt:108)
	at com.android.build.gradle.internal.cxx.process.ExecuteProcessKt$executeProcess$1.invoke(ExecuteProcess.kt:106)
	at com.android.build.gradle.internal.cxx.timing.TimingEnvironmentKt.time(TimingEnvironment.kt:32)
	at com.android.build.gradle.internal.cxx.process.ExecuteProcessKt.executeProcess(ExecuteProcess.kt:106)
	at com.android.build.gradle.internal.cxx.process.ExecuteProcessKt.executeProcess$default(ExecuteProcess.kt:85)
	at com.android.build.gradle.tasks.ExternalNativeCleanTask.executeProcessBatch(ExternalNativeCleanTask.kt:135)
	at com.android.build.gradle.tasks.ExternalNativeCleanTask.doTaskAction(ExternalNativeCleanTask.kt:107)
	at com.android.build.gradle.internal.tasks.NonIncrementalTask$taskAction$$inlined$recordTaskAction$1.invoke(BaseTask.kt:60)
	at com.android.build.gradle.internal.tasks.Blocks.recordSpan(Blocks.java:51)
	at com.android.build.gradle.internal.tasks.NonIncrementalTask.taskAction(NonIncrementalTask.kt:78)
	at org.gradle.internal.reflect.JavaMethod.invoke(JavaMethod.java:125)
	... 146 more
Caused by: com.android.ide.common.process.ProcessException: Error while executing process C:\Users\HP\AppData\Local\Android\Sdk\cmake\3.22.1\bin\ninja.exe with arguments {-C D:\RVU-connect\android\app\.cxx\Debug\4w6k511h\armeabi-v7a clean}
	at com.android.build.gradle.internal.process.GradleProcessResult.buildProcessException(GradleProcessResult.java:73)
	at com.android.build.gradle.internal.process.GradleProcessResult.assertNormalExitValue(GradleProcessResult.java:48)
	at com.android.build.gradle.internal.cxx.process.ExecuteProcessKt.execute(ExecuteProcess.kt:277)
	... 157 more
Caused by: org.gradle.process.ProcessExecutionException: Process 'command 'C:\Users\HP\AppData\Local\Android\Sdk\cmake\3.22.1\bin\ninja.exe'' finished with non-zero exit value 1
	at org.gradle.process.internal.DefaultExecHandle$ExecResultImpl.assertNormalExitValue(DefaultExecHandle.java:443)
	at com.android.build.gradle.internal.process.GradleProcessResult.assertNormalExitValue(GradleProcessResult.java:46)
	... 158 more


Deprecated Gradle features were used in this build, making it incompatible with Gradle 10.

You can use '--warning-mode all' to show the individual deprecation warnings and determine if they come from your own scripts or plugins.

For more on this, please refer to https://docs.gradle.org/9.0.0/userguide/command_line_interface.html#sec:command_line_warnings in the Gradle documentation.

BUILD FAILED in 2m 44s
11 actionable tasks: 1 executed, 10 up-to-date
Watched directory hierarchies: [D:\RVU-connect\node_modules\@react-native\gradle-plugin]
