#
# There is insufficient memory for the Java Runtime Environment to continue.
# Native memory allocation (malloc) failed to allocate 1041216 bytes. Error detail: Chunk::new
# Possible reasons:
#   The system is out of physical RAM or swap space
#   This process is running with CompressedOops enabled, and the Java Heap may be blocking the growth of the native heap
# Possible solutions:
#   Reduce memory load on the system
#   Increase physical memory or swap space
#   Check if swap backing store is full
#   Decrease Java heap size (-Xmx/-Xms)
#   Decrease number of Java threads
#   Decrease Java thread stack sizes (-Xss)
#   Set larger code cache with -XX:ReservedCodeCacheSize=
#   JVM is running with Unscaled Compressed Oops mode in which the Java heap is
#     placed in the first 4GB address space. The Java Heap base address is the
#     maximum limit for the native heap growth. Please use -XX:HeapBaseMinAddress
#     to set the Java Heap base and to place the Java Heap above 4GB virtual address.
# This output file may be truncated or incomplete.
#
#  Out of Memory Error (arena.cpp:191), pid=15740, tid=20080
#
# JRE version: OpenJDK Runtime Environment Microsoft-12574423 (17.0.17+10) (build 17.0.17+10-LTS)
# Java VM: OpenJDK 64-Bit Server VM Microsoft-12574423 (17.0.17+10-LTS, mixed mode, sharing, tiered, compressed oops, compressed class ptrs, g1 gc, windows-amd64)
# No core dump will be written. Minidumps are not enabled by default on client versions of Windows
#

---------------  S U M M A R Y ------------

Command Line: --add-opens=java.base/java.lang=ALL-UNNAMED --add-opens=java.base/java.lang.invoke=ALL-UNNAMED --add-opens=java.base/java.util=ALL-UNNAMED --add-opens=java.prefs/java.util.prefs=ALL-UNNAMED --add-exports=jdk.compiler/com.sun.tools.javac.api=ALL-UNNAMED --add-exports=jdk.compiler/com.sun.tools.javac.util=ALL-UNNAMED --add-opens=java.base/java.util=ALL-UNNAMED --add-opens=java.prefs/java.util.prefs=ALL-UNNAMED --add-opens=java.base/java.nio.charset=ALL-UNNAMED --add-opens=java.base/java.net=ALL-UNNAMED --add-opens=java.base/java.util.concurrent=ALL-UNNAMED --add-opens=java.base/java.util.concurrent.atomic=ALL-UNNAMED --add-opens=java.xml/javax.xml.namespace=ALL-UNNAMED -XX:MaxMetaspaceSize=512m -Xmx2048m -Dfile.encoding=windows-1252 -Duser.country=IN -Duser.language=en -Duser.variant -javaagent:C:\Users\HP\.gradle\wrapper\dists\gradle-9.0.0-bin\d6wjpkvcgsg3oed0qlfss3wgl\gradle-9.0.0\lib\agents\gradle-instrumentation-agent-9.0.0.jar org.gradle.launcher.daemon.bootstrap.GradleDaemon 9.0.0

Host: 12th Gen Intel(R) Core(TM) i5-1235U, 12 cores, 7G,  Windows 11 , 64 bit Build 26100 (10.0.26100.8246)
Time: Mon Apr 27 14:12:56 2026 India Standard Time elapsed time: 242.210851 seconds (0d 0h 4m 2s)

---------------  T H R E A D  ---------------

Current thread (0x0000023a7200f740):  JavaThread "C2 CompilerThread0" daemon [_thread_in_native, id=20080, stack(0x000000cecb900000,0x000000cecba00000)]


Current CompileTask:
C2:242211 33579 %     4       org.gradle.api.internal.tasks.compile.incremental.deps.ClassSetAnalysisData::reduceToTypesAffecting @ 116 (578 bytes)

Stack: [0x000000cecb900000,0x000000cecba00000]
Native frames: (J=compiled Java code, j=interpreted, Vv=VM code, C=native code)
V  [jvm.dll+0x68c459]  (no source info available)
V  [jvm.dll+0x845e09]  (no source info available)
V  [jvm.dll+0x847b78]  (no source info available)
V  [jvm.dll+0x848203]  (no source info available)
V  [jvm.dll+0x24cf6f]  (no source info available)
V  [jvm.dll+0xaecb6]  (no source info available)
V  [jvm.dll+0xaf35c]  (no source info available)
V  [jvm.dll+0x2b4b8f]  (no source info available)
V  [jvm.dll+0x594484]  (no source info available)
V  [jvm.dll+0x226d84]  (no source info available)
V  [jvm.dll+0x22718d]  (no source info available)
V  [jvm.dll+0x220193]  (no source info available)
V  [jvm.dll+0x21d260]  (no source info available)
V  [jvm.dll+0x1a8ce6]  (no source info available)
V  [jvm.dll+0x22db1b]  (no source info available)
V  [jvm.dll+0x22bca6]  (no source info available)
V  [jvm.dll+0x7fb65b]  (no source info available)
V  [jvm.dll+0x7f5a5c]  (no source info available)
V  [jvm.dll+0x68d9f7]  (no source info available)
C  [ucrtbase.dll+0x37b0]  (no source info available)
C  [KERNEL32.DLL+0x2e8d7]  (no source info available)
C  [ntdll.dll+0x8c3fc]  (no source info available)


---------------  P R O C E S S  ---------------

Threads class SMR info:
_java_thread_list=0x0000023a78e860d0, length=235, elements={
0x0000023a4f2df8a0, 0x0000023a6dc2c470, 0x0000023a6dc2df50, 0x0000023a72008a70,
0x0000023a72009340, 0x0000023a7200a220, 0x0000023a7200aaf0, 0x0000023a7200f740,
0x0000023a7200bbc0, 0x0000023a7200cae0, 0x0000023a6dbd5fd0, 0x0000023a721d1d70,
0x0000023a725d2720, 0x0000023a73663a20, 0x0000023a734b7900, 0x0000023a73c0d2f0,
0x0000023a73c0d7d0, 0x0000023a73c988c0, 0x0000023a7441df00, 0x0000023a7441e410,
0x0000023a7441f850, 0x0000023a7441d9f0, 0x0000023a7441cac0, 0x0000023a7441cfd0,
0x0000023a7441d4e0, 0x0000023a74b88fb0, 0x0000023a74b8b320, 0x0000023a74b8b830,
0x0000023a74b8ae10, 0x0000023a74b8c250, 0x0000023a74b8bd40, 0x0000023a74b899d0,
0x0000023a74e3d860, 0x0000023a74e3ce40, 0x0000023a74e3a0b0, 0x0000023a74e3a5c0,
0x0000023a74e3e280, 0x0000023a74e3aad0, 0x0000023a74e3e790, 0x0000023a74e3afe0,
0x0000023a74e3eca0, 0x0000023a74e3f1b0, 0x0000023a74e3ba00, 0x0000023a74e41010,
0x0000023a74e3f6c0, 0x0000023a74e41520, 0x0000023a74e3fbd0, 0x0000023a74e41a30,
0x0000023a74e400e0, 0x0000023a74e405f0, 0x0000023a74e40b00, 0x0000023a7441c0a0,
0x0000023a75b4aa90, 0x0000023a75b4afa0, 0x0000023a75b4a070, 0x0000023a75b4b4b0,
0x0000023a75b49b60, 0x0000023a75b47d00, 0x0000023a75b48720, 0x0000023a75b48210,
0x0000023a75b49140, 0x0000023a75b4b9c0, 0x0000023a75b4bed0, 0x0000023a75b4a580,
0x0000023a75b4c3e0, 0x0000023a75b48c30, 0x0000023a75b4c8f0, 0x0000023a75b4ce00,
0x0000023a75b49650, 0x0000023a75b4f680, 0x0000023a75b4f170, 0x0000023a75b4d310,
0x0000023a75b4d820, 0x0000023a75b4dd30, 0x0000023a75b4e750, 0x0000023a725ca030,
0x0000023a725caa50, 0x0000023a725c81d0, 0x0000023a725c9b20, 0x0000023a752e4120,
0x0000023a752e31f0, 0x0000023a752e2ce0, 0x0000023a752e18a0, 0x0000023a752e3700,
0x0000023a752e1db0, 0x0000023a752e0e80, 0x0000023a752e1390, 0x0000023a752e4b40,
0x0000023a752e5f80, 0x0000023a752e5050, 0x0000023a752e5560, 0x0000023a752e5a70,
0x0000023a752e27d0, 0x0000023a752e7de0, 0x0000023a752e6490, 0x0000023a752e69a0,
0x0000023a752e6eb0, 0x0000023a752e78d0, 0x0000023a752e73c0, 0x0000023a752e82f0,
0x0000023a752e8800, 0x0000023a7684c170, 0x0000023a7684c680, 0x0000023a7684cb90,
0x0000023a7684a310, 0x0000023a7684d0a0, 0x0000023a7684a820, 0x0000023a7684ad30,
0x0000023a7684b240, 0x0000023a768498f0, 0x0000023a7684d5b0, 0x0000023a7684b750,
0x0000023a7684bc60, 0x0000023a76849e00, 0x0000023a76850340, 0x0000023a7684ef00,
0x0000023a76850850, 0x0000023a76850d60, 0x0000023a7684dfd0, 0x0000023a7684dac0,
0x0000023a76851270, 0x0000023a7684f410, 0x0000023a7684f920, 0x0000023a7684e4e0,
0x0000023a7684e9f0, 0x0000023a7684fe30, 0x0000023a732b5f30, 0x0000023a732b5510,
0x0000023a732b7880, 0x0000023a732b6440, 0x0000023a732b7d90, 0x0000023a732b6e60,
0x0000023a732b5a20, 0x0000023a732b4af0, 0x0000023a732b6950, 0x0000023a732b7370,
0x0000023a732b45e0, 0x0000023a732b5000, 0x0000023a732b96e0, 0x0000023a732b87b0,
0x0000023a732b9bf0, 0x0000023a732b8cc0, 0x0000023a732ba100, 0x0000023a732ba610,
0x0000023a732bab20, 0x0000023a732bb030, 0x0000023a732bba50, 0x0000023a732b91d0,
0x0000023a732bbf60, 0x0000023a732b82a0, 0x0000023a7687b6c0, 0x0000023a7687c5f0,
0x0000023a7687bbd0, 0x0000023a7687a280, 0x0000023a7687b1b0, 0x0000023a7687cb00,
0x0000023a7687c0e0, 0x0000023a7687aca0, 0x0000023a7687d010, 0x0000023a7687a790,
0x0000023a76879d70, 0x0000023a76879860, 0x0000023a768807c0, 0x0000023a7687da30,
0x0000023a76880cd0, 0x0000023a7687e450, 0x0000023a7687d520, 0x0000023a768802b0,
0x0000023a768811e0, 0x0000023a7687f380, 0x0000023a7687df40, 0x0000023a7687e960,
0x0000023a7687ee70, 0x0000023a7687f890, 0x0000023a732bb540, 0x0000023a75aaa120,
0x0000023a75aa91f0, 0x0000023a75aa9700, 0x0000023a75aa78a0, 0x0000023a75aa8ce0,
0x0000023a75aa82c0, 0x0000023a75aaa630, 0x0000023a75aaab40, 0x0000023a75aa7390,
0x0000023a75aae2f0, 0x0000023a75aadde0, 0x0000023a7ec8a240, 0x0000023a7ec8b680,
0x0000023a7ec89d30, 0x0000023a77b235e0, 0x0000023a7790df50, 0x0000023a791f0a20,
0x0000023a787a8890, 0x0000023a791f0f30, 0x0000023a7ebd1c20, 0x0000023a7ebd0cf0,
0x0000023a7ebd1200, 0x0000023a1bdd0970, 0x0000023a1bdd0e80, 0x0000023a75aaceb0,
0x0000023a75aad3c0, 0x0000023a748916b0, 0x0000023a74890780, 0x0000023a75aa9c10,
0x0000023a791f1e60, 0x0000023a7ec89160, 0x0000023a7ec89670, 0x0000023a7ec87d20,
0x0000023a7ec88c50, 0x0000023a773bd8c0, 0x0000023a773bddd0, 0x0000023a773bc480,
0x0000023a773bc990, 0x0000023a773bd3b0, 0x0000023a773bcea0, 0x0000023a7944baf0,
0x0000023a7944c000, 0x0000023a1bdd22c0, 0x0000023a1b40adb0, 0x0000023a7ff94dd0,
0x0000023a7ff952e0, 0x0000023a1c291bb0, 0x0000023a1c28f330, 0x0000023a7790d530,
0x0000023a7790cb10, 0x0000023a7944b5e0, 0x0000023a7944c510, 0x0000023a1c28e400,
0x0000023a1c290260, 0x0000023a7ff957f0, 0x0000023a1c28f840, 0x0000023a1c28e910,
0x0000023a7ff943b0, 0x0000023a7944abc0, 0x0000023a791f61a0
}

Java Threads: ( => current thread )
  0x0000023a4f2df8a0 JavaThread "main" [_thread_blocked, id=1556, stack(0x000000cecac00000,0x000000cecad00000)]
  0x0000023a6dc2c470 JavaThread "Reference Handler" daemon [_thread_blocked, id=26048, stack(0x000000cecb300000,0x000000cecb400000)]
  0x0000023a6dc2df50 JavaThread "Finalizer" daemon [_thread_blocked, id=24648, stack(0x000000cecb400000,0x000000cecb500000)]
  0x0000023a72008a70 JavaThread "Signal Dispatcher" daemon [_thread_blocked, id=22284, stack(0x000000cecb500000,0x000000cecb600000)]
  0x0000023a72009340 JavaThread "Attach Listener" daemon [_thread_blocked, id=8620, stack(0x000000cecb600000,0x000000cecb700000)]
  0x0000023a7200a220 JavaThread "Service Thread" daemon [_thread_blocked, id=25356, stack(0x000000cecb700000,0x000000cecb800000)]
  0x0000023a7200aaf0 JavaThread "Monitor Deflation Thread" daemon [_thread_blocked, id=456, stack(0x000000cecb800000,0x000000cecb900000)]
=>0x0000023a7200f740 JavaThread "C2 CompilerThread0" daemon [_thread_in_native, id=20080, stack(0x000000cecb900000,0x000000cecba00000)]
  0x0000023a7200bbc0 JavaThread "C1 CompilerThread0" daemon [_thread_blocked, id=25044, stack(0x000000cecba00000,0x000000cecbb00000)]
  0x0000023a7200cae0 JavaThread "Sweeper thread" daemon [_thread_blocked, id=26984, stack(0x000000cecbb00000,0x000000cecbc00000)]
  0x0000023a6dbd5fd0 JavaThread "Common-Cleaner" daemon [_thread_blocked, id=24644, stack(0x000000cecbc00000,0x000000cecbd00000)]
  0x0000023a721d1d70 JavaThread "Notification Thread" daemon [_thread_blocked, id=22844, stack(0x000000cecbd00000,0x000000cecbe00000)]
  0x0000023a725d2720 JavaThread "Daemon health stats" [_thread_blocked, id=15728, stack(0x000000cecc400000,0x000000cecc500000)]
  0x0000023a73663a20 JavaThread "Incoming local TCP Connector on port 59713" [_thread_in_native, id=13924, stack(0x000000cecbf00000,0x000000cecc000000)]
  0x0000023a734b7900 JavaThread "Daemon periodic checks" [_thread_blocked, id=9828, stack(0x000000cecc600000,0x000000cecc700000)]
  0x0000023a73c0d2f0 JavaThread "Daemon" [_thread_blocked, id=13616, stack(0x000000cecc700000,0x000000cecc800000)]
  0x0000023a73c0d7d0 JavaThread "Handler for socket connection from /127.0.0.1:59713 to /127.0.0.1:51290" [_thread_in_native, id=25928, stack(0x000000cecc800000,0x000000cecc900000)]
  0x0000023a73c988c0 JavaThread "Cancel handler" [_thread_blocked, id=25212, stack(0x000000cecc500000,0x000000cecc600000)]
  0x0000023a7441df00 JavaThread "Daemon worker" [_thread_blocked, id=12108, stack(0x000000cecc900000,0x000000cecca00000)]
  0x0000023a7441e410 JavaThread "Asynchronous log dispatcher for DefaultDaemonConnection: socket connection from /127.0.0.1:59713 to /127.0.0.1:51290" [_thread_blocked, id=13272, stack(0x000000cecca00000,0x000000ceccb00000)]
  0x0000023a7441f850 JavaThread "Stdin handler" [_thread_blocked, id=10296, stack(0x000000ceccb00000,0x000000ceccc00000)]
  0x0000023a7441d9f0 JavaThread "Daemon client event forwarder" [_thread_blocked, id=18220, stack(0x000000ceccc00000,0x000000ceccd00000)]
  0x0000023a7441cac0 JavaThread "Cache worker for journal cache (C:\Users\HP\.gradle\caches\journal-1)" [_thread_blocked, id=26328, stack(0x000000ceccd00000,0x000000cecce00000)]
  0x0000023a7441cfd0 JavaThread "File lock request listener" [_thread_in_native, id=9472, stack(0x000000cecce00000,0x000000ceccf00000)]
  0x0000023a7441d4e0 JavaThread "Cache worker for file hash cache (C:\Users\HP\.gradle\caches\9.0.0\fileHashes)" [_thread_blocked, id=10768, stack(0x000000ceccf00000,0x000000cecd000000)]
  0x0000023a74b88fb0 JavaThread "Cache worker for file hash cache (D:\RVU-connect\android\.gradle\9.0.0\fileHashes)" [_thread_blocked, id=11952, stack(0x000000cecda00000,0x000000cecdb00000)]
  0x0000023a74b8b320 JavaThread "Cache worker for Build Output Cleanup Cache (D:\RVU-connect\android\.gradle\buildOutputCleanup)" [_thread_blocked, id=17120, stack(0x000000cecdb00000,0x000000cecdc00000)]
  0x0000023a74b8b830 JavaThread "File watcher server" daemon [_thread_in_native, id=13996, stack(0x000000cecdc00000,0x000000cecdd00000)]
  0x0000023a74b8ae10 JavaThread "File watcher consumer" daemon [_thread_blocked, id=5368, stack(0x000000cecdd00000,0x000000cecde00000)]
  0x0000023a74b8c250 JavaThread "Cache worker for checksums cache (D:\RVU-connect\android\.gradle\9.0.0\checksums)" [_thread_blocked, id=5680, stack(0x000000cecd500000,0x000000cecd600000)]
  0x0000023a74b8bd40 JavaThread "Cache worker for file content cache (C:\Users\HP\.gradle\caches\9.0.0\fileContent)" [_thread_blocked, id=14580, stack(0x000000cecd900000,0x000000cecda00000)]
  0x0000023a74b899d0 JavaThread "Cache worker for cache directory md-supplier (C:\Users\HP\.gradle\caches\9.0.0\md-supplier)" [_thread_blocked, id=27688, stack(0x000000cecdf00000,0x000000cece000000)]
  0x0000023a74e3d860 JavaThread "Cache worker for cache directory md-rule (C:\Users\HP\.gradle\caches\9.0.0\md-rule)" [_thread_blocked, id=27136, stack(0x000000cece000000,0x000000cece100000)]
  0x0000023a74e3ce40 JavaThread "jar transforms" [_thread_blocked, id=28588, stack(0x000000cecde00000,0x000000cecdf00000)]
  0x0000023a74e3a0b0 JavaThread "Cache worker for Build Output Cleanup Cache (D:\RVU-connect\node_modules\@react-native\gradle-plugin\.gradle\buildOutputCleanup)" [_thread_blocked, id=15012, stack(0x000000cece300000,0x000000cece400000)]
  0x0000023a74e3a5c0 JavaThread "Unconstrained build operations" [_thread_blocked, id=3740, stack(0x000000cece100000,0x000000cece200000)]
  0x0000023a74e3e280 JavaThread "Unconstrained build operations Thread 2" [_thread_blocked, id=16112, stack(0x000000cece200000,0x000000cece300000)]
  0x0000023a74e3aad0 JavaThread "Unconstrained build operations Thread 3" [_thread_blocked, id=17080, stack(0x000000cece400000,0x000000cece500000)]
  0x0000023a74e3e790 JavaThread "Unconstrained build operations Thread 4" [_thread_blocked, id=11028, stack(0x000000cece500000,0x000000cece600000)]
  0x0000023a74e3afe0 JavaThread "Unconstrained build operations Thread 5" [_thread_blocked, id=21628, stack(0x000000cece600000,0x000000cece700000)]
  0x0000023a74e3eca0 JavaThread "Unconstrained build operations Thread 6" [_thread_blocked, id=18516, stack(0x000000cece700000,0x000000cece800000)]
  0x0000023a74e3f1b0 JavaThread "Unconstrained build operations Thread 7" [_thread_blocked, id=27508, stack(0x000000cecea00000,0x000000ceceb00000)]
  0x0000023a74e3ba00 JavaThread "Unconstrained build operations Thread 8" [_thread_blocked, id=14964, stack(0x000000ceceb00000,0x000000cecec00000)]
  0x0000023a74e41010 JavaThread "Unconstrained build operations Thread 9" [_thread_blocked, id=22408, stack(0x000000cecec00000,0x000000ceced00000)]
  0x0000023a74e3f6c0 JavaThread "Unconstrained build operations Thread 10" [_thread_blocked, id=9612, stack(0x000000ceced00000,0x000000cecee00000)]
  0x0000023a74e41520 JavaThread "Unconstrained build operations Thread 11" [_thread_blocked, id=21044, stack(0x000000cecee00000,0x000000cecef00000)]
  0x0000023a74e3fbd0 JavaThread "Unconstrained build operations Thread 12" [_thread_blocked, id=27804, stack(0x000000cecef00000,0x000000cecf000000)]
  0x0000023a74e41a30 JavaThread "Unconstrained build operations Thread 13" [_thread_blocked, id=12564, stack(0x000000cecf000000,0x000000cecf100000)]
  0x0000023a74e400e0 JavaThread "Unconstrained build operations Thread 14" [_thread_blocked, id=10952, stack(0x000000cecf100000,0x000000cecf200000)]
  0x0000023a74e405f0 JavaThread "Unconstrained build operations Thread 15" [_thread_blocked, id=19684, stack(0x000000cecf200000,0x000000cecf300000)]
  0x0000023a74e40b00 JavaThread "Unconstrained build operations Thread 16" [_thread_blocked, id=24788, stack(0x000000cecf300000,0x000000cecf400000)]
  0x0000023a7441c0a0 JavaThread "Unconstrained build operations Thread 17" [_thread_blocked, id=5144, stack(0x000000cecf400000,0x000000cecf500000)]
  0x0000023a75b4aa90 JavaThread "Unconstrained build operations Thread 18" [_thread_blocked, id=19208, stack(0x000000cece900000,0x000000cecea00000)]
  0x0000023a75b4afa0 JavaThread "Unconstrained build operations Thread 19" [_thread_blocked, id=9016, stack(0x000000cecf500000,0x000000cecf600000)]
  0x0000023a75b4a070 JavaThread "Unconstrained build operations Thread 20" [_thread_blocked, id=10620, stack(0x000000cecf600000,0x000000cecf700000)]
  0x0000023a75b4b4b0 JavaThread "Unconstrained build operations Thread 21" [_thread_blocked, id=26484, stack(0x000000cecf700000,0x000000cecf800000)]
  0x0000023a75b49b60 JavaThread "Unconstrained build operations Thread 22" [_thread_blocked, id=23852, stack(0x000000cecf800000,0x000000cecf900000)]
  0x0000023a75b47d00 JavaThread "Unconstrained build operations Thread 23" [_thread_blocked, id=14048, stack(0x000000cecf900000,0x000000cecfa00000)]
  0x0000023a75b48720 JavaThread "Unconstrained build operations Thread 24" [_thread_blocked, id=28528, stack(0x000000cecfa00000,0x000000cecfb00000)]
  0x0000023a75b48210 JavaThread "Unconstrained build operations Thread 25" [_thread_blocked, id=25092, stack(0x000000cecfb00000,0x000000cecfc00000)]
  0x0000023a75b49140 JavaThread "Unconstrained build operations Thread 26" [_thread_blocked, id=21812, stack(0x000000cecfc00000,0x000000cecfd00000)]
  0x0000023a75b4b9c0 JavaThread "Unconstrained build operations Thread 27" [_thread_blocked, id=22768, stack(0x000000cecfd00000,0x000000cecfe00000)]
  0x0000023a75b4bed0 JavaThread "Unconstrained build operations Thread 28" [_thread_blocked, id=28668, stack(0x000000cecfe00000,0x000000cecff00000)]
  0x0000023a75b4a580 JavaThread "Unconstrained build operations Thread 29" [_thread_blocked, id=12772, stack(0x000000cecff00000,0x000000ced0000000)]
  0x0000023a75b4c3e0 JavaThread "Unconstrained build operations Thread 30" [_thread_blocked, id=19192, stack(0x000000ced0000000,0x000000ced0100000)]
  0x0000023a75b48c30 JavaThread "Unconstrained build operations Thread 31" [_thread_blocked, id=21160, stack(0x000000ced0100000,0x000000ced0200000)]
  0x0000023a75b4c8f0 JavaThread "Unconstrained build operations Thread 32" [_thread_blocked, id=20528, stack(0x000000ced0200000,0x000000ced0300000)]
  0x0000023a75b4ce00 JavaThread "Unconstrained build operations Thread 33" [_thread_blocked, id=24628, stack(0x000000ced0300000,0x000000ced0400000)]
  0x0000023a75b49650 JavaThread "Unconstrained build operations Thread 34" [_thread_blocked, id=24220, stack(0x000000ced0400000,0x000000ced0500000)]
  0x0000023a75b4f680 JavaThread "Unconstrained build operations Thread 35" [_thread_blocked, id=372, stack(0x000000ced0500000,0x000000ced0600000)]
  0x0000023a75b4f170 JavaThread "Unconstrained build operations Thread 36" [_thread_blocked, id=3348, stack(0x000000ced0600000,0x000000ced0700000)]
  0x0000023a75b4d310 JavaThread "Unconstrained build operations Thread 37" [_thread_blocked, id=26420, stack(0x000000ced0700000,0x000000ced0800000)]
  0x0000023a75b4d820 JavaThread "Unconstrained build operations Thread 38" [_thread_blocked, id=11064, stack(0x000000ced0800000,0x000000ced0900000)]
  0x0000023a75b4dd30 JavaThread "Unconstrained build operations Thread 39" [_thread_blocked, id=12544, stack(0x000000ced0900000,0x000000ced0a00000)]
  0x0000023a75b4e750 JavaThread "build event listener" [_thread_blocked, id=23148, stack(0x000000ced0a00000,0x000000ced0b00000)]
  0x0000023a725ca030 JavaThread "Memory manager" [_thread_blocked, id=3768, stack(0x000000ced0b00000,0x000000ced0c00000)]
  0x0000023a725caa50 JavaThread "ForkJoinPool.commonPool-worker-1" daemon [_thread_blocked, id=8792, stack(0x000000ced0e00000,0x000000ced0f00000)]
  0x0000023a725c81d0 JavaThread "ForkJoinPool.commonPool-worker-2" daemon [_thread_blocked, id=27312, stack(0x000000ced0f00000,0x000000ced1000000)]
  0x0000023a725c9b20 JavaThread "ForkJoinPool.commonPool-worker-3" daemon [_thread_blocked, id=26732, stack(0x000000ced1000000,0x000000ced1100000)]
  0x0000023a752e4120 JavaThread "ForkJoinPool.commonPool-worker-6" daemon [_thread_blocked, id=10840, stack(0x000000ced1300000,0x000000ced1400000)]
  0x0000023a752e31f0 JavaThread "ForkJoinPool.commonPool-worker-7" daemon [_thread_blocked, id=25584, stack(0x000000ced1400000,0x000000ced1500000)]
  0x0000023a752e2ce0 JavaThread "ForkJoinPool.commonPool-worker-8" daemon [_thread_blocked, id=26840, stack(0x000000ced1500000,0x000000ced1600000)]
  0x0000023a752e18a0 JavaThread "ForkJoinPool.commonPool-worker-9" daemon [_thread_blocked, id=22296, stack(0x000000ced1600000,0x000000ced1700000)]
  0x0000023a752e3700 JavaThread "ForkJoinPool.commonPool-worker-10" daemon [_thread_blocked, id=26244, stack(0x000000ced1700000,0x000000ced1800000)]
  0x0000023a752e1db0 JavaThread "ForkJoinPool.commonPool-worker-11" daemon [_thread_blocked, id=15080, stack(0x000000ced1800000,0x000000ced1900000)]
  0x0000023a752e0e80 JavaThread "included builds" [_thread_blocked, id=27796, stack(0x000000ced1d00000,0x000000ced1e00000)]
  0x0000023a752e1390 JavaThread "Execution worker" [_thread_blocked, id=7040, stack(0x000000ced1e00000,0x000000ced1f00000)]
  0x0000023a752e4b40 JavaThread "Execution worker Thread 2" [_thread_blocked, id=14432, stack(0x000000ced1f00000,0x000000ced2000000)]
  0x0000023a752e5f80 JavaThread "Execution worker Thread 3" [_thread_in_vm, id=27696, stack(0x000000ced2000000,0x000000ced2100000)]
  0x0000023a752e5050 JavaThread "Execution worker Thread 4" [_thread_in_native, id=18144, stack(0x000000ced2100000,0x000000ced2200000)]
  0x0000023a752e5560 JavaThread "Execution worker Thread 5" [_thread_blocked, id=23004, stack(0x000000ced2200000,0x000000ced2300000)]
  0x0000023a752e5a70 JavaThread "Execution worker Thread 6" [_thread_blocked, id=4196, stack(0x000000ced2300000,0x000000ced2400000)]
  0x0000023a752e27d0 JavaThread "Execution worker Thread 7" [_thread_blocked, id=22980, stack(0x000000ced2400000,0x000000ced2500000)]
  0x0000023a752e7de0 JavaThread "Execution worker Thread 8" [_thread_blocked, id=8732, stack(0x000000ced2500000,0x000000ced2600000)]
  0x0000023a752e6490 JavaThread "Execution worker Thread 9" [_thread_blocked, id=9080, stack(0x000000ced2600000,0x000000ced2700000)]
  0x0000023a752e69a0 JavaThread "Execution worker Thread 10" [_thread_blocked, id=28120, stack(0x000000ced2700000,0x000000ced2800000)]
  0x0000023a752e6eb0 JavaThread "Execution worker Thread 11" [_thread_blocked, id=12884, stack(0x000000ced2800000,0x000000ced2900000)]
  0x0000023a752e78d0 JavaThread "Cache worker for execution history cache (D:\RVU-connect\node_modules\@react-native\gradle-plugin\.gradle\9.0.0\executionHistory)" [_thread_blocked, id=21660, stack(0x000000ced2900000,0x000000ced2a00000)]
  0x0000023a752e73c0 JavaThread "Unconstrained build operations Thread 40" [_thread_blocked, id=27400, stack(0x000000ced2a00000,0x000000ced2b00000)]
  0x0000023a752e82f0 JavaThread "Unconstrained build operations Thread 41" [_thread_blocked, id=28644, stack(0x000000ced2b00000,0x000000ced2c00000)]
  0x0000023a752e8800 JavaThread "Unconstrained build operations Thread 42" [_thread_blocked, id=6764, stack(0x000000ced2c00000,0x000000ced2d00000)]
  0x0000023a7684c170 JavaThread "Unconstrained build operations Thread 43" [_thread_blocked, id=26876, stack(0x000000ced2d00000,0x000000ced2e00000)]
  0x0000023a7684c680 JavaThread "Unconstrained build operations Thread 44" [_thread_blocked, id=26252, stack(0x000000ced2e00000,0x000000ced2f00000)]
  0x0000023a7684cb90 JavaThread "Unconstrained build operations Thread 45" [_thread_blocked, id=23308, stack(0x000000ced2f00000,0x000000ced3000000)]
  0x0000023a7684a310 JavaThread "Unconstrained build operations Thread 46" [_thread_blocked, id=25764, stack(0x000000ced3000000,0x000000ced3100000)]
  0x0000023a7684d0a0 JavaThread "Unconstrained build operations Thread 47" [_thread_blocked, id=23648, stack(0x000000ced3100000,0x000000ced3200000)]
  0x0000023a7684a820 JavaThread "Unconstrained build operations Thread 48" [_thread_blocked, id=26572, stack(0x000000ced3200000,0x000000ced3300000)]
  0x0000023a7684ad30 JavaThread "Unconstrained build operations Thread 49" [_thread_blocked, id=1316, stack(0x000000ced3300000,0x000000ced3400000)]
  0x0000023a7684b240 JavaThread "Unconstrained build operations Thread 50" [_thread_blocked, id=28068, stack(0x000000ced3400000,0x000000ced3500000)]
  0x0000023a768498f0 JavaThread "Unconstrained build operations Thread 51" [_thread_blocked, id=21540, stack(0x000000ced3500000,0x000000ced3600000)]
  0x0000023a7684d5b0 JavaThread "Unconstrained build operations Thread 52" [_thread_blocked, id=9636, stack(0x000000ced3600000,0x000000ced3700000)]
  0x0000023a7684b750 JavaThread "Unconstrained build operations Thread 53" [_thread_blocked, id=25096, stack(0x000000ced3700000,0x000000ced3800000)]
  0x0000023a7684bc60 JavaThread "Unconstrained build operations Thread 54" [_thread_blocked, id=17116, stack(0x000000ced3800000,0x000000ced3900000)]
  0x0000023a76849e00 JavaThread "Unconstrained build operations Thread 55" [_thread_blocked, id=26188, stack(0x000000ced3900000,0x000000ced3a00000)]
  0x0000023a76850340 JavaThread "Unconstrained build operations Thread 56" [_thread_blocked, id=25660, stack(0x000000ced3a00000,0x000000ced3b00000)]
  0x0000023a7684ef00 JavaThread "Unconstrained build operations Thread 57" [_thread_blocked, id=11668, stack(0x000000ced3b00000,0x000000ced3c00000)]
  0x0000023a76850850 JavaThread "Unconstrained build operations Thread 58" [_thread_blocked, id=14196, stack(0x000000ced3c00000,0x000000ced3d00000)]
  0x0000023a76850d60 JavaThread "Unconstrained build operations Thread 59" [_thread_blocked, id=20088, stack(0x000000ced3d00000,0x000000ced3e00000)]
  0x0000023a7684dfd0 JavaThread "Unconstrained build operations Thread 60" [_thread_blocked, id=26092, stack(0x000000ced3e00000,0x000000ced3f00000)]
  0x0000023a7684dac0 JavaThread "Unconstrained build operations Thread 61" [_thread_blocked, id=27912, stack(0x000000ced3f00000,0x000000ced4000000)]
  0x0000023a76851270 JavaThread "Unconstrained build operations Thread 62" [_thread_blocked, id=27716, stack(0x000000ced4000000,0x000000ced4100000)]
  0x0000023a7684f410 JavaThread "Unconstrained build operations Thread 63" [_thread_blocked, id=27884, stack(0x000000ced4100000,0x000000ced4200000)]
  0x0000023a7684f920 JavaThread "Unconstrained build operations Thread 64" [_thread_blocked, id=27332, stack(0x000000ced4200000,0x000000ced4300000)]
  0x0000023a7684e4e0 JavaThread "Unconstrained build operations Thread 65" [_thread_blocked, id=24408, stack(0x000000ced4300000,0x000000ced4400000)]
  0x0000023a7684e9f0 JavaThread "Unconstrained build operations Thread 66" [_thread_blocked, id=28052, stack(0x000000ced4400000,0x000000ced4500000)]
  0x0000023a7684fe30 JavaThread "Unconstrained build operations Thread 67" [_thread_blocked, id=1532, stack(0x000000ced4500000,0x000000ced4600000)]
  0x0000023a732b5f30 JavaThread "Unconstrained build operations Thread 68" [_thread_blocked, id=28580, stack(0x000000ced4600000,0x000000ced4700000)]
  0x0000023a732b5510 JavaThread "Unconstrained build operations Thread 69" [_thread_blocked, id=10512, stack(0x000000ced1c00000,0x000000ced1d00000)]
  0x0000023a732b7880 JavaThread "Unconstrained build operations Thread 70" [_thread_blocked, id=3152, stack(0x000000ced4700000,0x000000ced4800000)]
  0x0000023a732b6440 JavaThread "Unconstrained build operations Thread 71" [_thread_blocked, id=28608, stack(0x000000cece800000,0x000000cece900000)]
  0x0000023a732b7d90 JavaThread "Unconstrained build operations Thread 72" [_thread_blocked, id=17864, stack(0x000000ced4800000,0x000000ced4900000)]
  0x0000023a732b6e60 JavaThread "Unconstrained build operations Thread 73" [_thread_blocked, id=8544, stack(0x000000ced4900000,0x000000ced4a00000)]
  0x0000023a732b5a20 JavaThread "Unconstrained build operations Thread 74" [_thread_blocked, id=22052, stack(0x000000ced4a00000,0x000000ced4b00000)]
  0x0000023a732b4af0 JavaThread "Unconstrained build operations Thread 75" [_thread_blocked, id=24720, stack(0x000000ced4b00000,0x000000ced4c00000)]
  0x0000023a732b6950 JavaThread "Unconstrained build operations Thread 76" [_thread_blocked, id=22372, stack(0x000000ced4c00000,0x000000ced4d00000)]
  0x0000023a732b7370 JavaThread "Unconstrained build operations Thread 77" [_thread_blocked, id=17468, stack(0x000000ced4d00000,0x000000ced4e00000)]
  0x0000023a732b45e0 JavaThread "Unconstrained build operations Thread 78" [_thread_blocked, id=7860, stack(0x000000ced4e00000,0x000000ced4f00000)]
  0x0000023a732b5000 JavaThread "Unconstrained build operations Thread 79" [_thread_blocked, id=11980, stack(0x000000ced4f00000,0x000000ced5000000)]
  0x0000023a732b96e0 JavaThread "Unconstrained build operations Thread 80" [_thread_blocked, id=9644, stack(0x000000ced5000000,0x000000ced5100000)]
  0x0000023a732b87b0 JavaThread "Unconstrained build operations Thread 81" [_thread_blocked, id=14908, stack(0x000000ced5100000,0x000000ced5200000)]
  0x0000023a732b9bf0 JavaThread "Unconstrained build operations Thread 82" [_thread_blocked, id=12880, stack(0x000000ced5200000,0x000000ced5300000)]
  0x0000023a732b8cc0 JavaThread "Unconstrained build operations Thread 83" [_thread_blocked, id=19412, stack(0x000000ced5300000,0x000000ced5400000)]
  0x0000023a732ba100 JavaThread "Unconstrained build operations Thread 84" [_thread_blocked, id=10692, stack(0x000000ced5400000,0x000000ced5500000)]
  0x0000023a732ba610 JavaThread "Unconstrained build operations Thread 85" [_thread_blocked, id=7228, stack(0x000000ced5500000,0x000000ced5600000)]
  0x0000023a732bab20 JavaThread "Unconstrained build operations Thread 86" [_thread_blocked, id=8, stack(0x000000ced5600000,0x000000ced5700000)]
  0x0000023a732bb030 JavaThread "Unconstrained build operations Thread 87" [_thread_blocked, id=28104, stack(0x000000ced5700000,0x000000ced5800000)]
  0x0000023a732bba50 JavaThread "Unconstrained build operations Thread 88" [_thread_blocked, id=28012, stack(0x000000ced5800000,0x000000ced5900000)]
  0x0000023a732b91d0 JavaThread "Unconstrained build operations Thread 89" [_thread_blocked, id=11284, stack(0x000000ced5900000,0x000000ced5a00000)]
  0x0000023a732bbf60 JavaThread "Unconstrained build operations Thread 90" [_thread_blocked, id=26336, stack(0x000000ced5a00000,0x000000ced5b00000)]
  0x0000023a732b82a0 JavaThread "Unconstrained build operations Thread 91" [_thread_blocked, id=28212, stack(0x000000ced5b00000,0x000000ced5c00000)]
  0x0000023a7687b6c0 JavaThread "Unconstrained build operations Thread 92" [_thread_blocked, id=12496, stack(0x000000ced5c00000,0x000000ced5d00000)]
  0x0000023a7687c5f0 JavaThread "Unconstrained build operations Thread 93" [_thread_blocked, id=24752, stack(0x000000ced5d00000,0x000000ced5e00000)]
  0x0000023a7687bbd0 JavaThread "Unconstrained build operations Thread 94" [_thread_blocked, id=11348, stack(0x000000ced5e00000,0x000000ced5f00000)]
  0x0000023a7687a280 JavaThread "Unconstrained build operations Thread 95" [_thread_blocked, id=14416, stack(0x000000ced5f00000,0x000000ced6000000)]
  0x0000023a7687b1b0 JavaThread "Unconstrained build operations Thread 96" [_thread_blocked, id=11736, stack(0x000000ced6000000,0x000000ced6100000)]
  0x0000023a7687cb00 JavaThread "Unconstrained build operations Thread 97" [_thread_blocked, id=20316, stack(0x000000ced6100000,0x000000ced6200000)]
  0x0000023a7687c0e0 JavaThread "Unconstrained build operations Thread 98" [_thread_blocked, id=25740, stack(0x000000ced6200000,0x000000ced6300000)]
  0x0000023a7687aca0 JavaThread "Unconstrained build operations Thread 99" [_thread_blocked, id=24772, stack(0x000000ced6300000,0x000000ced6400000)]
  0x0000023a7687d010 JavaThread "Unconstrained build operations Thread 100" [_thread_blocked, id=13684, stack(0x000000ced6400000,0x000000ced6500000)]
  0x0000023a7687a790 JavaThread "Unconstrained build operations Thread 101" [_thread_blocked, id=15508, stack(0x000000ced6500000,0x000000ced6600000)]
  0x0000023a76879d70 JavaThread "Unconstrained build operations Thread 102" [_thread_blocked, id=21968, stack(0x000000ced6700000,0x000000ced6800000)]
  0x0000023a76879860 JavaThread "Unconstrained build operations Thread 103" [_thread_blocked, id=5536, stack(0x000000ced6800000,0x000000ced6900000)]
  0x0000023a768807c0 JavaThread "Unconstrained build operations Thread 104" [_thread_blocked, id=26000, stack(0x000000ced6900000,0x000000ced6a00000)]
  0x0000023a7687da30 JavaThread "Unconstrained build operations Thread 105" [_thread_blocked, id=6772, stack(0x000000ced6a00000,0x000000ced6b00000)]
  0x0000023a76880cd0 JavaThread "Unconstrained build operations Thread 106" [_thread_blocked, id=9328, stack(0x000000ced6b00000,0x000000ced6c00000)]
  0x0000023a7687e450 JavaThread "Unconstrained build operations Thread 107" [_thread_blocked, id=19284, stack(0x000000ced6c00000,0x000000ced6d00000)]
  0x0000023a7687d520 JavaThread "Unconstrained build operations Thread 108" [_thread_blocked, id=6356, stack(0x000000ced6d00000,0x000000ced6e00000)]
  0x0000023a768802b0 JavaThread "Unconstrained build operations Thread 109" [_thread_blocked, id=28544, stack(0x000000ced6e00000,0x000000ced6f00000)]
  0x0000023a768811e0 JavaThread "Unconstrained build operations Thread 110" [_thread_blocked, id=28188, stack(0x000000ced6f00000,0x000000ced7000000)]
  0x0000023a7687f380 JavaThread "Unconstrained build operations Thread 111" [_thread_blocked, id=11724, stack(0x000000ced7000000,0x000000ced7100000)]
  0x0000023a7687df40 JavaThread "Unconstrained build operations Thread 112" [_thread_blocked, id=20452, stack(0x000000ced7100000,0x000000ced7200000)]
  0x0000023a7687e960 JavaThread "jar transforms Thread 2" [_thread_blocked, id=3872, stack(0x000000ced7200000,0x000000ced7300000)]
  0x0000023a7687ee70 JavaThread "jar transforms Thread 3" [_thread_blocked, id=10604, stack(0x000000ced7300000,0x000000ced7400000)]
  0x0000023a7687f890 JavaThread "Unconstrained build operations Thread 113" [_thread_blocked, id=24304, stack(0x000000ced7400000,0x000000ced7500000)]
  0x0000023a732bb540 JavaThread "Unconstrained build operations Thread 114" [_thread_blocked, id=18956, stack(0x000000ced7500000,0x000000ced7600000)]
  0x0000023a75aaa120 JavaThread "Unconstrained build operations Thread 115" [_thread_blocked, id=28364, stack(0x000000ced7600000,0x000000ced7700000)]
  0x0000023a75aa91f0 JavaThread "Unconstrained build operations Thread 116" [_thread_blocked, id=16100, stack(0x000000ced7700000,0x000000ced7800000)]
  0x0000023a75aa9700 JavaThread "Unconstrained build operations Thread 117" [_thread_blocked, id=27752, stack(0x000000ced7800000,0x000000ced7900000)]
  0x0000023a75aa78a0 JavaThread "Unconstrained build operations Thread 118" [_thread_blocked, id=27124, stack(0x000000ced7900000,0x000000ced7a00000)]
  0x0000023a75aa8ce0 JavaThread "Unconstrained build operations Thread 119" [_thread_blocked, id=5928, stack(0x000000ced7a00000,0x000000ced7b00000)]
  0x0000023a75aa82c0 JavaThread "Unconstrained build operations Thread 120" [_thread_blocked, id=11112, stack(0x000000ced7b00000,0x000000ced7c00000)]
  0x0000023a75aaa630 JavaThread "jar transforms Thread 4" [_thread_blocked, id=20256, stack(0x000000ced7d00000,0x000000ced7e00000)]
  0x0000023a75aaab40 JavaThread "jar transforms Thread 5" [_thread_blocked, id=19740, stack(0x000000ced7e00000,0x000000ced7f00000)]
  0x0000023a75aa7390 JavaThread "jar transforms Thread 6" [_thread_blocked, id=26480, stack(0x000000ced7f00000,0x000000ced8000000)]
  0x0000023a75aae2f0 JavaThread "build event listener" [_thread_blocked, id=9816, stack(0x000000ced7c00000,0x000000ced7d00000)]
  0x0000023a75aadde0 JavaThread "Problems report writer" [_thread_blocked, id=26172, stack(0x000000ced8000000,0x000000ced8100000)]
  0x0000023a7ec8a240 JavaThread "jar transforms Thread 7" [_thread_blocked, id=9600, stack(0x000000ceca900000,0x000000cecaa00000)]
  0x0000023a7ec8b680 JavaThread "jar transforms Thread 8" [_thread_blocked, id=27604, stack(0x000000ced6600000,0x000000ced6700000)]
  0x0000023a7ec89d30 JavaThread "jar transforms Thread 9" [_thread_blocked, id=3588, stack(0x000000ced8100000,0x000000ced8200000)]
  0x0000023a77b235e0 JavaThread "jar transforms Thread 10" [_thread_blocked, id=27928, stack(0x000000ced8200000,0x000000ced8300000)]
  0x0000023a7790df50 JavaThread "jar transforms Thread 11" [_thread_blocked, id=18296, stack(0x000000ced8300000,0x000000ced8400000)]
  0x0000023a791f0a20 JavaThread "jar transforms Thread 12" [_thread_blocked, id=10088, stack(0x000000ced8400000,0x000000ced8500000)]
  0x0000023a787a8890 JavaThread "Cache worker for execution history cache (D:\RVU-connect\android\.gradle\9.0.0\executionHistory)" [_thread_blocked, id=28604, stack(0x000000ced8900000,0x000000ced8a00000)]
  0x0000023a791f0f30 JavaThread "WorkerExecutor Queue" [_thread_blocked, id=7652, stack(0x000000ced1900000,0x000000ced1a00000)]
  0x0000023a7ebd1c20 JavaThread "WorkerExecutor Queue Thread 2" [_thread_blocked, id=27544, stack(0x000000ced8c00000,0x000000ced8d00000)]
  0x0000023a7ebd0cf0 JavaThread "WorkerExecutor Queue Thread 3" [_thread_blocked, id=19444, stack(0x000000ced8d00000,0x000000ced8e00000)]
  0x0000023a7ebd1200 JavaThread "WorkerExecutor Queue Thread 4" [_thread_blocked, id=14768, stack(0x000000ced8e00000,0x000000ced8f00000)]
  0x0000023a1bdd0970 JavaThread "WorkerExecutor Queue Thread 5" [_thread_blocked, id=9156, stack(0x000000ced8f00000,0x000000ced9000000)]
  0x0000023a1bdd0e80 JavaThread "WorkerExecutor Queue Thread 6" [_thread_blocked, id=20740, stack(0x000000ced9000000,0x000000ced9100000)]
  0x0000023a75aaceb0 JavaThread "WorkerExecutor Queue Thread 8" [_thread_blocked, id=8100, stack(0x000000ced9200000,0x000000ced9300000)]
  0x0000023a75aad3c0 JavaThread "WorkerExecutor Queue Thread 9" [_thread_in_native, id=28468, stack(0x000000ced9300000,0x000000ced9400000)]
  0x0000023a748916b0 JavaThread "WorkerExecutor Queue Thread 10" [_thread_in_native, id=15476, stack(0x000000ced9400000,0x000000ced9500000)]
  0x0000023a74890780 JavaThread "WorkerExecutor Queue Thread 11" [_thread_blocked, id=8944, stack(0x000000ced9500000,0x000000ced9600000)]
  0x0000023a75aa9c10 JavaThread "WorkerExecutor Queue Thread 12" [_thread_blocked, id=26024, stack(0x000000ced9600000,0x000000ced9700000)]
  0x0000023a791f1e60 JavaThread "WorkerExecutor Queue Thread 13" [_thread_blocked, id=22704, stack(0x000000cecd600000,0x000000cecd700000)]
  0x0000023a7ec89160 JavaThread "Cache worker for Java compile cache (C:\Users\HP\.gradle\caches\9.0.0\javaCompile)" [_thread_blocked, id=16060, stack(0x000000ced1100000,0x000000ced1200000)]
  0x0000023a7ec89670 JavaThread "Build operations" [_thread_blocked, id=25524, stack(0x000000ced9800000,0x000000ced9900000)]
  0x0000023a7ec87d20 JavaThread "Build operations Thread 2" [_thread_blocked, id=18168, stack(0x000000ced9900000,0x000000ced9a00000)]
  0x0000023a7ec88c50 JavaThread "Build operations Thread 3" [_thread_blocked, id=12784, stack(0x000000ced9a00000,0x000000ced9b00000)]
  0x0000023a773bd8c0 JavaThread "Build operations Thread 4" [_thread_blocked, id=3500, stack(0x000000ced9b00000,0x000000ced9c00000)]
  0x0000023a773bddd0 JavaThread "Build operations Thread 5" [_thread_blocked, id=21892, stack(0x000000ced9c00000,0x000000ced9d00000)]
  0x0000023a773bc480 JavaThread "Build operations Thread 6" [_thread_blocked, id=28272, stack(0x000000ced9d00000,0x000000ced9e00000)]
  0x0000023a773bc990 JavaThread "Build operations Thread 7" [_thread_blocked, id=25360, stack(0x000000ced9e00000,0x000000ced9f00000)]
  0x0000023a773bd3b0 JavaThread "Build operations Thread 8" [_thread_blocked, id=4028, stack(0x000000ced9f00000,0x000000ceda000000)]
  0x0000023a773bcea0 JavaThread "Build operations Thread 9" [_thread_blocked, id=22320, stack(0x000000ceda000000,0x000000ceda100000)]
  0x0000023a7944baf0 JavaThread "Build operations Thread 10" [_thread_blocked, id=12664, stack(0x000000ceda100000,0x000000ceda200000)]
  0x0000023a7944c000 JavaThread "Build operations Thread 11" [_thread_blocked, id=3652, stack(0x000000ceda200000,0x000000ceda300000)]
  0x0000023a1bdd22c0 JavaThread "File lock release action executor Thread 2" [_thread_blocked, id=24560, stack(0x000000ceda400000,0x000000ceda500000)]
  0x0000023a1b40adb0 JavaThread "pool-3-thread-1" [_thread_blocked, id=19876, stack(0x000000ceda300000,0x000000ceda400000)]
  0x0000023a7ff94dd0 JavaThread "stderr" [_thread_in_native, id=5272, stack(0x000000cecaa00000,0x000000cecab00000)]
  0x0000023a7ff952e0 JavaThread "stdout" [_thread_in_native, id=1328, stack(0x000000cecab00000,0x000000cecac00000)]
  0x0000023a1c291bb0 JavaThread "stderr" [_thread_in_native, id=24888, stack(0x000000ceda500000,0x000000ceda600000)]
  0x0000023a1c28f330 JavaThread "stdout" [_thread_in_native, id=25900, stack(0x000000ceda600000,0x000000ceda700000)]
  0x0000023a7790d530 JavaThread "stderr" [_thread_in_native, id=27452, stack(0x000000ceda700000,0x000000ceda800000)]
  0x0000023a7790cb10 JavaThread "stdout" [_thread_in_native, id=26864, stack(0x000000cedaa00000,0x000000cedab00000)]
  0x0000023a7944b5e0 JavaThread "stderr" [_thread_in_native, id=25292, stack(0x000000cedab00000,0x000000cedac00000)]
  0x0000023a7944c510 JavaThread "stdout" [_thread_in_native, id=28404, stack(0x000000cedac00000,0x000000cedad00000)]
  0x0000023a1c28e400 JavaThread "RMI Scheduler(0)" daemon [_thread_blocked, id=5628, stack(0x000000ced0d00000,0x000000ced0e00000)]
  0x0000023a1c290260 JavaThread "RMI RenewClean-[127.0.0.1:17852,org.jetbrains.kotlin.daemon.common.LoopbackNetworkInterface$ClientLoopbackSocketFactory@31192a1e]" daemon [_thread_blocked, id=22352, stack(0x000000cedaf00000,0x000000cedb000000)]
  0x0000023a7ff957f0 JavaThread "RMI GC Daemon" daemon [_thread_blocked, id=924, stack(0x000000cedb000000,0x000000cedb100000)]
  0x0000023a1c28f840 JavaThread "RMI TCP Accept-0" daemon [_thread_in_native, id=16360, stack(0x000000cedb100000,0x000000cedb200000)]
  0x0000023a1c28e910 JavaThread "RMI Reaper" [_thread_blocked, id=25932, stack(0x000000cedb200000,0x000000cedb300000)]
  0x0000023a7ff943b0 JavaThread "RMI TCP Connection(2)-127.0.0.1" daemon [_thread_in_native, id=2852, stack(0x000000cedb300000,0x000000cedb400000)]
  0x0000023a7944abc0 JavaThread "Build operations Thread 12" [_thread_blocked, id=8876, stack(0x000000cedb400000,0x000000cedb500000)]
  0x0000023a791f61a0 JavaThread "RMI RenewClean-[127.0.0.1:17852,org.jetbrains.kotlin.daemon.common.LoopbackNetworkInterface$ClientLoopbackSocketFactory@7eb93778]" daemon [_thread_blocked, id=12504, stack(0x000000ced9100000,0x000000ced9200000)]

Other Threads:
  0x0000023a6dc28010 VMThread "VM Thread" [stack: 0x000000cecb200000,0x000000cecb300000] [id=17912] _threads_hazard_ptr=0x0000023a78e860d0
  0x0000023a7222fb80 WatcherThread [stack: 0x000000cecbe00000,0x000000cecbf00000] [id=25608]
  0x0000023a4f33e8e0 GCTaskThread "GC Thread#0" [stack: 0x000000cecad00000,0x000000cecae00000] [id=13972]
  0x0000023a726a67f0 GCTaskThread "GC Thread#1" [stack: 0x000000cecc100000,0x000000cecc200000] [id=9412]
  0x0000023a728ada40 GCTaskThread "GC Thread#2" [stack: 0x000000cecc200000,0x000000cecc300000] [id=12384]
  0x0000023a739180f0 GCTaskThread "GC Thread#3" [stack: 0x000000cecc000000,0x000000cecc100000] [id=25776]
  0x0000023a73917010 GCTaskThread "GC Thread#4" [stack: 0x000000cecc300000,0x000000cecc400000] [id=27844]
  0x0000023a73917b50 GCTaskThread "GC Thread#5" [stack: 0x000000cecd000000,0x000000cecd100000] [id=2252]
  0x0000023a73917e20 GCTaskThread "GC Thread#6" [stack: 0x000000cecd100000,0x000000cecd200000] [id=19800]
  0x0000023a73918960 GCTaskThread "GC Thread#7" [stack: 0x000000cecd200000,0x000000cecd300000] [id=26232]
  0x0000023a73916d40 GCTaskThread "GC Thread#8" [stack: 0x000000cecd300000,0x000000cecd400000] [id=24088]
  0x0000023a7452b480 GCTaskThread "GC Thread#9" [stack: 0x000000cecd400000,0x000000cecd500000] [id=18720]
  0x0000023a4f34f750 ConcurrentGCThread "G1 Main Marker" [stack: 0x000000cecae00000,0x000000cecaf00000] [id=23836]
  0x0000023a4f350d50 ConcurrentGCThread "G1 Conc#0" [stack: 0x000000cecaf00000,0x000000cecb000000] [id=280]
  0x0000023a7452b1b0 ConcurrentGCThread "G1 Conc#1" [stack: 0x000000cecd700000,0x000000cecd800000] [id=6964]
  0x0000023a7452e450 ConcurrentGCThread "G1 Conc#2" [stack: 0x000000cecd800000,0x000000cecd900000] [id=23876]
  0x0000023a4f38d7e0 ConcurrentGCThread "G1 Refine#0" [stack: 0x000000cecb000000,0x000000cecb100000] [id=17448]
  0x0000023a78298d60 ConcurrentGCThread "G1 Refine#1" [stack: 0x000000ced8500000,0x000000ced8600000] [id=25636]
  0x0000023a78299660 ConcurrentGCThread "G1 Refine#2" [stack: 0x000000ced8600000,0x000000ced8700000] [id=18800]
  0x0000023a78299060 ConcurrentGCThread "G1 Refine#3" [stack: 0x000000ced8700000,0x000000ced8800000] [id=28496]
  0x0000023a78296f60 ConcurrentGCThread "G1 Refine#4" [stack: 0x000000ced8800000,0x000000ced8900000] [id=23956]
  0x0000023a78296c60 ConcurrentGCThread "G1 Refine#5" [stack: 0x000000ced0c00000,0x000000ced0d00000] [id=21352]
  0x0000023a78298a60 ConcurrentGCThread "G1 Refine#6" [stack: 0x000000ced1b00000,0x000000ced1c00000] [id=15708]
  0x0000023a78298160 ConcurrentGCThread "G1 Refine#7" [stack: 0x000000ced8a00000,0x000000ced8b00000] [id=12348]
  0x0000023a78297860 ConcurrentGCThread "G1 Refine#8" [stack: 0x000000ced8b00000,0x000000ced8c00000] [id=25976]
  0x0000023a4f38dfd0 ConcurrentGCThread "G1 Service" [stack: 0x000000cecb100000,0x000000cecb200000] [id=20548]

Threads with active compile tasks:
C2 CompilerThread0  242302 33579 %     4       org.gradle.api.internal.tasks.compile.incremental.deps.ClassSetAnalysisData::reduceToTypesAffecting @ 116 (578 bytes)
C1 CompilerThread0  242302 33592       3       org.gradle.tooling.internal.provider.runner.TaskOperationMapper::createFinishedEvent (38 bytes)

VM state: not at safepoint (normal execution)

VM Mutex/Monitor currently owned by a thread: None

Heap address: 0x0000000080000000, size: 2048 MB, Compressed Oops mode: 32-bit

CDS archive(s) mapped at: [0x0000023a00000000-0x0000023a00bb0000-0x0000023a00bb0000), size 12255232, SharedBaseAddress: 0x0000023a00000000, ArchiveRelocationMode: 1.
Compressed class space mapped at: 0x0000023a01000000-0x0000023a1b000000, reserved size: 436207616
Narrow klass base: 0x0000023a00000000, Narrow klass shift: 0, Narrow klass range: 0x100000000

GC Precious Log:
 CPUs: 12 total, 12 available
 Memory: 7863M
 Large Page Support: Disabled
 NUMA Support: Disabled
 Compressed Oops: Enabled (32-bit)
 Heap Region Size: 1M
 Heap Min Capacity: 8M
 Heap Initial Capacity: 124M
 Heap Max Capacity: 2G
 Pre-touch: Disabled
 Parallel Workers: 10
 Concurrent Workers: 3
 Concurrent Refinement Workers: 10
 Periodic GC: Disabled

Heap:
 garbage-first heap   total 547840K, used 424716K [0x0000000080000000, 0x0000000100000000)
  region size 1024K, 27 young (27648K), 2 survivors (2048K)
 Metaspace       used 153682K, committed 155712K, reserved 622592K
  class space    used 19987K, committed 20928K, reserved 425984K

Heap Regions: E=young(eden), S=young(survivor), O=old, HS=humongous(starts), HC=humongous(continues), CS=collection set, F=free, OA=open archive, CA=closed archive, TAMS=top-at-mark-start (previous, next)
|   0|0x0000000080000000, 0x0000000080100000, 0x0000000080100000|100%|HS|  |TAMS 0x0000000080100000, 0x0000000080000000| Complete 
|   1|0x0000000080100000, 0x0000000080200000, 0x0000000080200000|100%|HC|  |TAMS 0x0000000080200000, 0x0000000080100000| Complete 
|   2|0x0000000080200000, 0x0000000080300000, 0x0000000080300000|100%|HC|  |TAMS 0x0000000080300000, 0x0000000080200000| Complete 
|   3|0x0000000080300000, 0x0000000080400000, 0x0000000080400000|100%| O|  |TAMS 0x0000000080400000, 0x0000000080300000| Untracked 
|   4|0x0000000080400000, 0x0000000080500000, 0x0000000080500000|100%| O|  |TAMS 0x0000000080500000, 0x0000000080400000| Untracked 
|   5|0x0000000080500000, 0x0000000080600000, 0x0000000080600000|100%| O|  |TAMS 0x0000000080600000, 0x0000000080500000| Untracked 
|   6|0x0000000080600000, 0x0000000080700000, 0x0000000080700000|100%|HS|  |TAMS 0x0000000080700000, 0x0000000080600000| Complete 
|   7|0x0000000080700000, 0x0000000080800000, 0x0000000080800000|100%| O|  |TAMS 0x0000000080800000, 0x0000000080700000| Untracked 
|   8|0x0000000080800000, 0x0000000080900000, 0x0000000080900000|100%| O|  |TAMS 0x0000000080900000, 0x0000000080800000| Untracked 
|   9|0x0000000080900000, 0x0000000080a00000, 0x0000000080a00000|100%| O|  |TAMS 0x0000000080a00000, 0x0000000080900000| Untracked 
|  10|0x0000000080a00000, 0x0000000080b00000, 0x0000000080b00000|100%| O|  |TAMS 0x0000000080b00000, 0x0000000080a00000| Untracked 
|  11|0x0000000080b00000, 0x0000000080c00000, 0x0000000080c00000|100%| O|  |TAMS 0x0000000080c00000, 0x0000000080b00000| Untracked 
|  12|0x0000000080c00000, 0x0000000080d00000, 0x0000000080d00000|100%| O|  |TAMS 0x0000000080d00000, 0x0000000080c00000| Untracked 
|  13|0x0000000080d00000, 0x0000000080e00000, 0x0000000080e00000|100%| O|  |TAMS 0x0000000080e00000, 0x0000000080d00000| Untracked 
|  14|0x0000000080e00000, 0x0000000080f00000, 0x0000000080f00000|100%| O|  |TAMS 0x0000000080f00000, 0x0000000080e00000| Untracked 
|  15|0x0000000080f00000, 0x0000000081000000, 0x0000000081000000|100%| O|  |TAMS 0x0000000081000000, 0x0000000080f00000| Untracked 
|  16|0x0000000081000000, 0x0000000081100000, 0x0000000081100000|100%| O|  |TAMS 0x0000000081100000, 0x0000000081000000| Untracked 
|  17|0x0000000081100000, 0x0000000081200000, 0x0000000081200000|100%| O|  |TAMS 0x0000000081200000, 0x0000000081100000| Untracked 
|  18|0x0000000081200000, 0x0000000081300000, 0x0000000081300000|100%| O|  |TAMS 0x0000000081300000, 0x0000000081200000| Untracked 
|  19|0x0000000081300000, 0x0000000081400000, 0x0000000081400000|100%| O|  |TAMS 0x0000000081400000, 0x0000000081300000| Untracked 
|  20|0x0000000081400000, 0x0000000081500000, 0x0000000081500000|100%| O|  |TAMS 0x0000000081500000, 0x0000000081400000| Untracked 
|  21|0x0000000081500000, 0x0000000081600000, 0x0000000081600000|100%| O|  |TAMS 0x0000000081600000, 0x0000000081500000| Untracked 
|  22|0x0000000081600000, 0x0000000081700000, 0x0000000081700000|100%| O|  |TAMS 0x0000000081700000, 0x0000000081600000| Untracked 
|  23|0x0000000081700000, 0x0000000081800000, 0x0000000081800000|100%| O|  |TAMS 0x0000000081800000, 0x0000000081700000| Untracked 
|  24|0x0000000081800000, 0x0000000081900000, 0x0000000081900000|100%| O|  |TAMS 0x0000000081900000, 0x0000000081800000| Untracked 
|  25|0x0000000081900000, 0x0000000081a00000, 0x0000000081a00000|100%| O|  |TAMS 0x0000000081a00000, 0x0000000081900000| Untracked 
|  26|0x0000000081a00000, 0x0000000081b00000, 0x0000000081b00000|100%| O|  |TAMS 0x0000000081b00000, 0x0000000081a00000| Untracked 
|  27|0x0000000081b00000, 0x0000000081c00000, 0x0000000081c00000|100%| O|  |TAMS 0x0000000081c00000, 0x0000000081b00000| Untracked 
|  28|0x0000000081c00000, 0x0000000081d00000, 0x0000000081d00000|100%| O|  |TAMS 0x0000000081d00000, 0x0000000081c00000| Untracked 
|  29|0x0000000081d00000, 0x0000000081e00000, 0x0000000081e00000|100%| O|  |TAMS 0x0000000081e00000, 0x0000000081d00000| Untracked 
|  30|0x0000000081e00000, 0x0000000081f00000, 0x0000000081f00000|100%| O|  |TAMS 0x0000000081f00000, 0x0000000081e00000| Untracked 
|  31|0x0000000081f00000, 0x0000000082000000, 0x0000000082000000|100%|HS|  |TAMS 0x0000000082000000, 0x0000000081f00000| Complete 
|  32|0x0000000082000000, 0x0000000082100000, 0x0000000082100000|100%|HC|  |TAMS 0x0000000082100000, 0x0000000082000000| Complete 
|  33|0x0000000082100000, 0x0000000082200000, 0x0000000082200000|100%|HC|  |TAMS 0x0000000082200000, 0x0000000082100000| Complete 
|  34|0x0000000082200000, 0x0000000082300000, 0x0000000082300000|100%|HS|  |TAMS 0x0000000082300000, 0x0000000082200000| Complete 
|  35|0x0000000082300000, 0x0000000082400000, 0x0000000082400000|100%|HC|  |TAMS 0x0000000082400000, 0x0000000082300000| Complete 
|  36|0x0000000082400000, 0x0000000082500000, 0x0000000082500000|100%|HC|  |TAMS 0x0000000082500000, 0x0000000082400000| Complete 
|  37|0x0000000082500000, 0x0000000082600000, 0x0000000082600000|100%| O|  |TAMS 0x0000000082600000, 0x0000000082500000| Untracked 
|  38|0x0000000082600000, 0x0000000082700000, 0x0000000082700000|100%| O|  |TAMS 0x0000000082700000, 0x0000000082600000| Untracked 
|  39|0x0000000082700000, 0x0000000082800000, 0x0000000082800000|100%| O|  |TAMS 0x0000000082800000, 0x0000000082700000| Untracked 
|  40|0x0000000082800000, 0x0000000082900000, 0x0000000082900000|100%| O|  |TAMS 0x0000000082900000, 0x0000000082800000| Untracked 
|  41|0x0000000082900000, 0x0000000082a00000, 0x0000000082a00000|100%| O|  |TAMS 0x0000000082a00000, 0x0000000082900000| Untracked 
|  42|0x0000000082a00000, 0x0000000082b00000, 0x0000000082b00000|100%| O|  |TAMS 0x0000000082b00000, 0x0000000082a00000| Untracked 
|  43|0x0000000082b00000, 0x0000000082c00000, 0x0000000082c00000|100%| O|  |TAMS 0x0000000082c00000, 0x0000000082b00000| Untracked 
|  44|0x0000000082c00000, 0x0000000082d00000, 0x0000000082d00000|100%| O|  |TAMS 0x0000000082d00000, 0x0000000082c00000| Untracked 
|  45|0x0000000082d00000, 0x0000000082e00000, 0x0000000082e00000|100%| O|  |TAMS 0x0000000082e00000, 0x0000000082d00000| Untracked 
|  46|0x0000000082e00000, 0x0000000082f00000, 0x0000000082f00000|100%| O|  |TAMS 0x0000000082f00000, 0x0000000082e00000| Untracked 
|  47|0x0000000082f00000, 0x0000000083000000, 0x0000000083000000|100%| O|  |TAMS 0x0000000083000000, 0x0000000082f00000| Untracked 
|  48|0x0000000083000000, 0x0000000083100000, 0x0000000083100000|100%| O|  |TAMS 0x0000000083100000, 0x0000000083000000| Untracked 
|  49|0x0000000083100000, 0x0000000083200000, 0x0000000083200000|100%| O|  |TAMS 0x0000000083200000, 0x0000000083100000| Untracked 
|  50|0x0000000083200000, 0x0000000083300000, 0x0000000083300000|100%| O|  |TAMS 0x0000000083300000, 0x0000000083200000| Untracked 
|  51|0x0000000083300000, 0x0000000083400000, 0x0000000083400000|100%| O|  |TAMS 0x0000000083400000, 0x0000000083300000| Untracked 
|  52|0x0000000083400000, 0x0000000083500000, 0x0000000083500000|100%| O|  |TAMS 0x0000000083500000, 0x0000000083400000| Untracked 
|  53|0x0000000083500000, 0x0000000083600000, 0x0000000083600000|100%| O|  |TAMS 0x0000000083600000, 0x0000000083500000| Untracked 
|  54|0x0000000083600000, 0x0000000083700000, 0x0000000083700000|100%| O|  |TAMS 0x0000000083700000, 0x0000000083600000| Untracked 
|  55|0x0000000083700000, 0x0000000083800000, 0x0000000083800000|100%| O|  |TAMS 0x0000000083800000, 0x0000000083700000| Untracked 
|  56|0x0000000083800000, 0x0000000083900000, 0x0000000083900000|100%| O|  |TAMS 0x0000000083900000, 0x0000000083800000| Untracked 
|  57|0x0000000083900000, 0x0000000083a00000, 0x0000000083a00000|100%| O|  |TAMS 0x0000000083a00000, 0x0000000083900000| Untracked 
|  58|0x0000000083a00000, 0x0000000083b00000, 0x0000000083b00000|100%| O|  |TAMS 0x0000000083b00000, 0x0000000083a00000| Untracked 
|  59|0x0000000083b00000, 0x0000000083c00000, 0x0000000083c00000|100%| O|  |TAMS 0x0000000083c00000, 0x0000000083b00000| Untracked 
|  60|0x0000000083c00000, 0x0000000083d00000, 0x0000000083d00000|100%|HS|  |TAMS 0x0000000083d00000, 0x0000000083c00000| Complete 
|  61|0x0000000083d00000, 0x0000000083e00000, 0x0000000083e00000|100%| O|  |TAMS 0x0000000083e00000, 0x0000000083d00000| Untracked 
|  62|0x0000000083e00000, 0x0000000083f00000, 0x0000000083f00000|100%| O|  |TAMS 0x0000000083f00000, 0x0000000083e00000| Untracked 
|  63|0x0000000083f00000, 0x0000000084000000, 0x0000000084000000|100%| O|  |TAMS 0x0000000084000000, 0x0000000083f00000| Untracked 
|  64|0x0000000084000000, 0x0000000084100000, 0x0000000084100000|100%| O|  |TAMS 0x0000000084100000, 0x0000000084000000| Untracked 
|  65|0x0000000084100000, 0x0000000084200000, 0x0000000084200000|100%| O|  |TAMS 0x0000000084200000, 0x0000000084100000| Untracked 
|  66|0x0000000084200000, 0x0000000084300000, 0x0000000084300000|100%| O|  |TAMS 0x0000000084300000, 0x0000000084200000| Untracked 
|  67|0x0000000084300000, 0x0000000084400000, 0x0000000084400000|100%| O|  |TAMS 0x0000000084400000, 0x0000000084300000| Untracked 
|  68|0x0000000084400000, 0x0000000084500000, 0x0000000084500000|100%| O|  |TAMS 0x0000000084500000, 0x0000000084400000| Untracked 
|  69|0x0000000084500000, 0x0000000084600000, 0x0000000084600000|100%| O|  |TAMS 0x0000000084600000, 0x0000000084500000| Untracked 
|  70|0x0000000084600000, 0x0000000084700000, 0x0000000084700000|100%|HS|  |TAMS 0x0000000084700000, 0x0000000084600000| Complete 
|  71|0x0000000084700000, 0x0000000084800000, 0x0000000084800000|100%|HS|  |TAMS 0x0000000084800000, 0x0000000084700000| Complete 
|  72|0x0000000084800000, 0x0000000084900000, 0x0000000084900000|100%|HS|  |TAMS 0x0000000084900000, 0x0000000084800000| Complete 
|  73|0x0000000084900000, 0x0000000084a00000, 0x0000000084a00000|100%|HS|  |TAMS 0x0000000084a00000, 0x0000000084900000| Complete 
|  74|0x0000000084a00000, 0x0000000084b00000, 0x0000000084b00000|100%|HS|  |TAMS 0x0000000084b00000, 0x0000000084a00000| Complete 
|  75|0x0000000084b00000, 0x0000000084c00000, 0x0000000084c00000|100%| O|  |TAMS 0x0000000084c00000, 0x0000000084b00000| Untracked 
|  76|0x0000000084c00000, 0x0000000084d00000, 0x0000000084d00000|100%| O|  |TAMS 0x0000000084d00000, 0x0000000084c00000| Untracked 
|  77|0x0000000084d00000, 0x0000000084e00000, 0x0000000084e00000|100%| O|  |TAMS 0x0000000084e00000, 0x0000000084d00000| Untracked 
|  78|0x0000000084e00000, 0x0000000084f00000, 0x0000000084f00000|100%| O|  |TAMS 0x0000000084f00000, 0x0000000084e00000| Untracked 
|  79|0x0000000084f00000, 0x0000000085000000, 0x0000000085000000|100%| O|  |TAMS 0x0000000085000000, 0x0000000084f00000| Untracked 
|  80|0x0000000085000000, 0x0000000085100000, 0x0000000085100000|100%| O|  |TAMS 0x0000000085100000, 0x0000000085000000| Untracked 
|  81|0x0000000085100000, 0x0000000085200000, 0x0000000085200000|100%| O|  |TAMS 0x0000000085200000, 0x0000000085100000| Untracked 
|  82|0x0000000085200000, 0x0000000085300000, 0x0000000085300000|100%| O|  |TAMS 0x0000000085300000, 0x0000000085200000| Untracked 
|  83|0x0000000085300000, 0x0000000085400000, 0x0000000085400000|100%| O|  |TAMS 0x0000000085400000, 0x0000000085300000| Untracked 
|  84|0x0000000085400000, 0x0000000085500000, 0x0000000085500000|100%| O|  |TAMS 0x0000000085500000, 0x0000000085400000| Untracked 
|  85|0x0000000085500000, 0x0000000085600000, 0x0000000085600000|100%| O|  |TAMS 0x0000000085600000, 0x0000000085500000| Untracked 
|  86|0x0000000085600000, 0x0000000085700000, 0x0000000085700000|100%|HS|  |TAMS 0x0000000085700000, 0x0000000085600000| Complete 
|  87|0x0000000085700000, 0x0000000085800000, 0x0000000085800000|100%|HS|  |TAMS 0x0000000085800000, 0x0000000085700000| Complete 
|  88|0x0000000085800000, 0x0000000085900000, 0x0000000085900000|100%|HC|  |TAMS 0x0000000085900000, 0x0000000085800000| Complete 
|  89|0x0000000085900000, 0x0000000085a00000, 0x0000000085a00000|100%|HC|  |TAMS 0x0000000085a00000, 0x0000000085900000| Complete 
|  90|0x0000000085a00000, 0x0000000085b00000, 0x0000000085b00000|100%| O|  |TAMS 0x0000000085b00000, 0x0000000085a00000| Untracked 
|  91|0x0000000085b00000, 0x0000000085c00000, 0x0000000085c00000|100%| O|  |TAMS 0x0000000085c00000, 0x0000000085b00000| Untracked 
|  92|0x0000000085c00000, 0x0000000085d00000, 0x0000000085d00000|100%| O|  |TAMS 0x0000000085d00000, 0x0000000085c00000| Untracked 
|  93|0x0000000085d00000, 0x0000000085e00000, 0x0000000085e00000|100%| O|  |TAMS 0x0000000085e00000, 0x0000000085d00000| Untracked 
|  94|0x0000000085e00000, 0x0000000085f00000, 0x0000000085f00000|100%| O|  |TAMS 0x0000000085f00000, 0x0000000085e00000| Untracked 
|  95|0x0000000085f00000, 0x0000000086000000, 0x0000000086000000|100%| O|  |TAMS 0x0000000086000000, 0x0000000085f00000| Untracked 
|  96|0x0000000086000000, 0x0000000086100000, 0x0000000086100000|100%| O|  |TAMS 0x0000000086100000, 0x0000000086000000| Untracked 
|  97|0x0000000086100000, 0x0000000086200000, 0x0000000086200000|100%| O|  |TAMS 0x0000000086200000, 0x0000000086100000| Untracked 
|  98|0x0000000086200000, 0x0000000086300000, 0x0000000086300000|100%| O|  |TAMS 0x0000000086300000, 0x0000000086200000| Untracked 
|  99|0x0000000086300000, 0x0000000086400000, 0x0000000086400000|100%| O|  |TAMS 0x0000000086400000, 0x0000000086300000| Untracked 
| 100|0x0000000086400000, 0x0000000086500000, 0x0000000086500000|100%| O|  |TAMS 0x0000000086500000, 0x0000000086400000| Untracked 
| 101|0x0000000086500000, 0x0000000086600000, 0x0000000086600000|100%| O|  |TAMS 0x0000000086600000, 0x0000000086500000| Untracked 
| 102|0x0000000086600000, 0x0000000086700000, 0x0000000086700000|100%| O|  |TAMS 0x0000000086700000, 0x0000000086600000| Untracked 
| 103|0x0000000086700000, 0x0000000086800000, 0x0000000086800000|100%| O|  |TAMS 0x0000000086800000, 0x0000000086700000| Untracked 
| 104|0x0000000086800000, 0x0000000086900000, 0x0000000086900000|100%| O|  |TAMS 0x0000000086900000, 0x0000000086800000| Untracked 
| 105|0x0000000086900000, 0x0000000086a00000, 0x0000000086a00000|100%| O|  |TAMS 0x0000000086900000, 0x0000000086900000| Untracked 
| 106|0x0000000086a00000, 0x0000000086b00000, 0x0000000086b00000|100%| O|  |TAMS 0x0000000086b00000, 0x0000000086a00000| Untracked 
| 107|0x0000000086b00000, 0x0000000086c00000, 0x0000000086c00000|100%| O|  |TAMS 0x0000000086c00000, 0x0000000086b00000| Untracked 
| 108|0x0000000086c00000, 0x0000000086d00000, 0x0000000086d00000|100%| O|  |TAMS 0x0000000086d00000, 0x0000000086c00000| Untracked 
| 109|0x0000000086d00000, 0x0000000086e00000, 0x0000000086e00000|100%| O|  |TAMS 0x0000000086e00000, 0x0000000086d00000| Untracked 
| 110|0x0000000086e00000, 0x0000000086f00000, 0x0000000086f00000|100%| O|  |TAMS 0x0000000086f00000, 0x0000000086e00000| Untracked 
| 111|0x0000000086f00000, 0x0000000087000000, 0x0000000087000000|100%| O|  |TAMS 0x0000000087000000, 0x0000000086f00000| Untracked 
| 112|0x0000000087000000, 0x0000000087100000, 0x0000000087100000|100%| O|  |TAMS 0x0000000087100000, 0x0000000087000000| Untracked 
| 113|0x0000000087100000, 0x0000000087200000, 0x0000000087200000|100%| O|  |TAMS 0x0000000087200000, 0x0000000087100000| Untracked 
| 114|0x0000000087200000, 0x0000000087300000, 0x0000000087300000|100%| O|  |TAMS 0x0000000087300000, 0x0000000087200000| Untracked 
| 115|0x0000000087300000, 0x0000000087400000, 0x0000000087400000|100%| O|  |TAMS 0x0000000087400000, 0x0000000087300000| Untracked 
| 116|0x0000000087400000, 0x0000000087500000, 0x0000000087500000|100%| O|  |TAMS 0x0000000087500000, 0x0000000087400000| Untracked 
| 117|0x0000000087500000, 0x0000000087600000, 0x0000000087600000|100%|HS|  |TAMS 0x0000000087600000, 0x0000000087500000| Complete 
| 118|0x0000000087600000, 0x0000000087700000, 0x0000000087700000|100%|HS|  |TAMS 0x0000000087700000, 0x0000000087600000| Complete 
| 119|0x0000000087700000, 0x0000000087800000, 0x0000000087800000|100%| O|  |TAMS 0x0000000087800000, 0x0000000087700000| Untracked 
| 120|0x0000000087800000, 0x0000000087900000, 0x0000000087900000|100%|HS|  |TAMS 0x0000000087900000, 0x0000000087800000| Complete 
| 121|0x0000000087900000, 0x0000000087a00000, 0x0000000087a00000|100%|HC|  |TAMS 0x0000000087a00000, 0x0000000087900000| Complete 
| 122|0x0000000087a00000, 0x0000000087b00000, 0x0000000087b00000|100%| O|  |TAMS 0x0000000087b00000, 0x0000000087a00000| Untracked 
| 123|0x0000000087b00000, 0x0000000087c00000, 0x0000000087c00000|100%| O|  |TAMS 0x0000000087c00000, 0x0000000087b00000| Untracked 
| 124|0x0000000087c00000, 0x0000000087d00000, 0x0000000087d00000|100%| O|  |TAMS 0x0000000087d00000, 0x0000000087c00000| Untracked 
| 125|0x0000000087d00000, 0x0000000087e00000, 0x0000000087e00000|100%| O|  |TAMS 0x0000000087e00000, 0x0000000087d00000| Untracked 
| 126|0x0000000087e00000, 0x0000000087f00000, 0x0000000087f00000|100%| O|  |TAMS 0x0000000087f00000, 0x0000000087e00000| Untracked 
| 127|0x0000000087f00000, 0x0000000088000000, 0x0000000088000000|100%| O|  |TAMS 0x0000000088000000, 0x0000000087f00000| Untracked 
| 128|0x0000000088000000, 0x0000000088100000, 0x0000000088100000|100%| O|  |TAMS 0x0000000088100000, 0x0000000088000000| Untracked 
| 129|0x0000000088100000, 0x0000000088200000, 0x0000000088200000|100%| O|  |TAMS 0x0000000088200000, 0x0000000088100000| Untracked 
| 130|0x0000000088200000, 0x0000000088300000, 0x0000000088300000|100%| O|  |TAMS 0x0000000088300000, 0x0000000088200000| Untracked 
| 131|0x0000000088300000, 0x0000000088400000, 0x0000000088400000|100%| O|  |TAMS 0x0000000088400000, 0x0000000088300000| Untracked 
| 132|0x0000000088400000, 0x0000000088500000, 0x0000000088500000|100%| O|  |TAMS 0x0000000088500000, 0x0000000088400000| Untracked 
| 133|0x0000000088500000, 0x0000000088600000, 0x0000000088600000|100%| O|  |TAMS 0x0000000088600000, 0x0000000088500000| Untracked 
| 134|0x0000000088600000, 0x0000000088700000, 0x0000000088700000|100%| O|  |TAMS 0x0000000088700000, 0x0000000088600000| Untracked 
| 135|0x0000000088700000, 0x0000000088800000, 0x0000000088800000|100%| O|  |TAMS 0x0000000088800000, 0x0000000088700000| Untracked 
| 136|0x0000000088800000, 0x0000000088900000, 0x0000000088900000|100%| O|  |TAMS 0x0000000088900000, 0x0000000088800000| Untracked 
| 137|0x0000000088900000, 0x0000000088a00000, 0x0000000088a00000|100%| O|  |TAMS 0x0000000088a00000, 0x0000000088900000| Untracked 
| 138|0x0000000088a00000, 0x0000000088b00000, 0x0000000088b00000|100%| O|  |TAMS 0x0000000088b00000, 0x0000000088a00000| Untracked 
| 139|0x0000000088b00000, 0x0000000088c00000, 0x0000000088c00000|100%| O|  |TAMS 0x0000000088c00000, 0x0000000088b00000| Untracked 
| 140|0x0000000088c00000, 0x0000000088d00000, 0x0000000088d00000|100%| O|  |TAMS 0x0000000088d00000, 0x0000000088c00000| Untracked 
| 141|0x0000000088d00000, 0x0000000088e00000, 0x0000000088e00000|100%| O|  |TAMS 0x0000000088d00000, 0x0000000088d00000| Untracked 
| 142|0x0000000088e00000, 0x0000000088f00000, 0x0000000088f00000|100%| O|  |TAMS 0x0000000088f00000, 0x0000000088e00000| Untracked 
| 143|0x0000000088f00000, 0x0000000089000000, 0x0000000089000000|100%| O|  |TAMS 0x0000000089000000, 0x0000000088f00000| Untracked 
| 144|0x0000000089000000, 0x0000000089100000, 0x0000000089100000|100%|HS|  |TAMS 0x0000000089100000, 0x0000000089000000| Complete 
| 145|0x0000000089100000, 0x0000000089200000, 0x0000000089200000|100%|HS|  |TAMS 0x0000000089200000, 0x0000000089100000| Complete 
| 146|0x0000000089200000, 0x0000000089300000, 0x0000000089300000|100%|HS|  |TAMS 0x0000000089300000, 0x0000000089200000| Complete 
| 147|0x0000000089300000, 0x0000000089400000, 0x0000000089400000|100%| O|  |TAMS 0x0000000089400000, 0x0000000089300000| Untracked 
| 148|0x0000000089400000, 0x0000000089500000, 0x0000000089500000|100%| O|  |TAMS 0x0000000089500000, 0x0000000089400000| Untracked 
| 149|0x0000000089500000, 0x0000000089600000, 0x0000000089600000|100%| O|  |TAMS 0x0000000089600000, 0x0000000089500000| Untracked 
| 150|0x0000000089600000, 0x0000000089700000, 0x0000000089700000|100%| O|  |TAMS 0x0000000089700000, 0x0000000089600000| Untracked 
| 151|0x0000000089700000, 0x0000000089800000, 0x0000000089800000|100%| O|  |TAMS 0x0000000089800000, 0x0000000089700000| Untracked 
| 152|0x0000000089800000, 0x0000000089900000, 0x0000000089900000|100%| O|  |TAMS 0x0000000089900000, 0x0000000089800000| Untracked 
| 153|0x0000000089900000, 0x0000000089a00000, 0x0000000089a00000|100%| O|  |TAMS 0x0000000089a00000, 0x0000000089900000| Untracked 
| 154|0x0000000089a00000, 0x0000000089b00000, 0x0000000089b00000|100%| O|  |TAMS 0x0000000089b00000, 0x0000000089a00000| Untracked 
| 155|0x0000000089b00000, 0x0000000089c00000, 0x0000000089c00000|100%| O|  |TAMS 0x0000000089c00000, 0x0000000089b00000| Untracked 
| 156|0x0000000089c00000, 0x0000000089d00000, 0x0000000089d00000|100%| O|  |TAMS 0x0000000089d00000, 0x0000000089c00000| Untracked 
| 157|0x0000000089d00000, 0x0000000089e00000, 0x0000000089e00000|100%| O|  |TAMS 0x0000000089e00000, 0x0000000089d00000| Untracked 
| 158|0x0000000089e00000, 0x0000000089f00000, 0x0000000089f00000|100%| O|  |TAMS 0x0000000089f00000, 0x0000000089e00000| Untracked 
| 159|0x0000000089f00000, 0x000000008a000000, 0x000000008a000000|100%| O|  |TAMS 0x000000008a000000, 0x0000000089f00000| Untracked 
| 160|0x000000008a000000, 0x000000008a100000, 0x000000008a100000|100%| O|  |TAMS 0x000000008a100000, 0x000000008a000000| Untracked 
| 161|0x000000008a100000, 0x000000008a200000, 0x000000008a200000|100%| O|  |TAMS 0x000000008a100000, 0x000000008a100000| Untracked 
| 162|0x000000008a200000, 0x000000008a300000, 0x000000008a300000|100%| O|  |TAMS 0x000000008a300000, 0x000000008a200000| Untracked 
| 163|0x000000008a300000, 0x000000008a400000, 0x000000008a400000|100%| O|  |TAMS 0x000000008a400000, 0x000000008a300000| Untracked 
| 164|0x000000008a400000, 0x000000008a500000, 0x000000008a500000|100%| O|  |TAMS 0x000000008a500000, 0x000000008a400000| Untracked 
| 165|0x000000008a500000, 0x000000008a600000, 0x000000008a600000|100%| O|  |TAMS 0x000000008a600000, 0x000000008a500000| Untracked 
| 166|0x000000008a600000, 0x000000008a700000, 0x000000008a700000|100%| O|  |TAMS 0x000000008a700000, 0x000000008a600000| Untracked 
| 167|0x000000008a700000, 0x000000008a800000, 0x000000008a800000|100%| O|  |TAMS 0x000000008a800000, 0x000000008a700000| Untracked 
| 168|0x000000008a800000, 0x000000008a900000, 0x000000008a900000|100%| O|  |TAMS 0x000000008a900000, 0x000000008a800000| Untracked 
| 169|0x000000008a900000, 0x000000008aa00000, 0x000000008aa00000|100%| O|  |TAMS 0x000000008aa00000, 0x000000008a900000| Untracked 
| 170|0x000000008aa00000, 0x000000008ab00000, 0x000000008ab00000|100%| O|  |TAMS 0x000000008ab00000, 0x000000008aa00000| Untracked 
| 171|0x000000008ab00000, 0x000000008ac00000, 0x000000008ac00000|100%| O|  |TAMS 0x000000008ac00000, 0x000000008ab00000| Untracked 
| 172|0x000000008ac00000, 0x000000008ad00000, 0x000000008ad00000|100%| O|  |TAMS 0x000000008ad00000, 0x000000008ac00000| Untracked 
| 173|0x000000008ad00000, 0x000000008ae00000, 0x000000008ae00000|100%| O|  |TAMS 0x000000008ae00000, 0x000000008ad00000| Untracked 
| 174|0x000000008ae00000, 0x000000008af00000, 0x000000008af00000|100%| O|  |TAMS 0x000000008af00000, 0x000000008ae00000| Untracked 
| 175|0x000000008af00000, 0x000000008b000000, 0x000000008b000000|100%| O|  |TAMS 0x000000008b000000, 0x000000008af00000| Untracked 
| 176|0x000000008b000000, 0x000000008b100000, 0x000000008b100000|100%| O|  |TAMS 0x000000008b100000, 0x000000008b000000| Untracked 
| 177|0x000000008b100000, 0x000000008b200000, 0x000000008b200000|100%| O|  |TAMS 0x000000008b200000, 0x000000008b100000| Untracked 
| 178|0x000000008b200000, 0x000000008b300000, 0x000000008b300000|100%| O|  |TAMS 0x000000008b300000, 0x000000008b200000| Untracked 
| 179|0x000000008b300000, 0x000000008b400000, 0x000000008b400000|100%| O|  |TAMS 0x000000008b300000, 0x000000008b300000| Untracked 
| 180|0x000000008b400000, 0x000000008b500000, 0x000000008b500000|100%| O|  |TAMS 0x000000008b500000, 0x000000008b400000| Untracked 
| 181|0x000000008b500000, 0x000000008b600000, 0x000000008b600000|100%| O|  |TAMS 0x000000008b600000, 0x000000008b500000| Untracked 
| 182|0x000000008b600000, 0x000000008b700000, 0x000000008b700000|100%| O|  |TAMS 0x000000008b700000, 0x000000008b600000| Untracked 
| 183|0x000000008b700000, 0x000000008b800000, 0x000000008b800000|100%| O|  |TAMS 0x000000008b800000, 0x000000008b700000| Untracked 
| 184|0x000000008b800000, 0x000000008b900000, 0x000000008b900000|100%| O|  |TAMS 0x000000008b900000, 0x000000008b800000| Untracked 
| 185|0x000000008b900000, 0x000000008ba00000, 0x000000008ba00000|100%| O|  |TAMS 0x000000008ba00000, 0x000000008b900000| Untracked 
| 186|0x000000008ba00000, 0x000000008bb00000, 0x000000008bb00000|100%| O|  |TAMS 0x000000008ba00000, 0x000000008ba00000| Untracked 
| 187|0x000000008bb00000, 0x000000008bc00000, 0x000000008bc00000|100%|HS|  |TAMS 0x000000008bc00000, 0x000000008bb00000| Complete 
| 188|0x000000008bc00000, 0x000000008bd00000, 0x000000008bd00000|100%|HS|  |TAMS 0x000000008bd00000, 0x000000008bc00000| Complete 
| 189|0x000000008bd00000, 0x000000008be00000, 0x000000008be00000|100%| O|  |TAMS 0x000000008be00000, 0x000000008bd00000| Untracked 
| 190|0x000000008be00000, 0x000000008bf00000, 0x000000008bf00000|100%| O|  |TAMS 0x000000008bf00000, 0x000000008be00000| Untracked 
| 191|0x000000008bf00000, 0x000000008c000000, 0x000000008c000000|100%| O|  |TAMS 0x000000008c000000, 0x000000008bf00000| Untracked 
| 192|0x000000008c000000, 0x000000008c100000, 0x000000008c100000|100%| O|  |TAMS 0x000000008c100000, 0x000000008c000000| Untracked 
| 193|0x000000008c100000, 0x000000008c200000, 0x000000008c200000|100%| O|  |TAMS 0x000000008c200000, 0x000000008c100000| Untracked 
| 194|0x000000008c200000, 0x000000008c300000, 0x000000008c300000|100%| O|  |TAMS 0x000000008c300000, 0x000000008c200000| Untracked 
| 195|0x000000008c300000, 0x000000008c400000, 0x000000008c400000|100%| O|  |TAMS 0x000000008c400000, 0x000000008c300000| Untracked 
| 196|0x000000008c400000, 0x000000008c500000, 0x000000008c500000|100%| O|  |TAMS 0x000000008c500000, 0x000000008c400000| Untracked 
| 197|0x000000008c500000, 0x000000008c600000, 0x000000008c600000|100%| O|  |TAMS 0x000000008c600000, 0x000000008c500000| Untracked 
| 198|0x000000008c600000, 0x000000008c700000, 0x000000008c700000|100%| O|  |TAMS 0x000000008c700000, 0x000000008c600000| Untracked 
| 199|0x000000008c700000, 0x000000008c800000, 0x000000008c800000|100%| O|  |TAMS 0x000000008c800000, 0x000000008c700000| Untracked 
| 200|0x000000008c800000, 0x000000008c900000, 0x000000008c900000|100%| O|  |TAMS 0x000000008c900000, 0x000000008c800000| Untracked 
| 201|0x000000008c900000, 0x000000008ca00000, 0x000000008ca00000|100%| O|  |TAMS 0x000000008ca00000, 0x000000008c900000| Untracked 
| 202|0x000000008ca00000, 0x000000008cb00000, 0x000000008cb00000|100%| O|  |TAMS 0x000000008cb00000, 0x000000008ca00000| Untracked 
| 203|0x000000008cb00000, 0x000000008cc00000, 0x000000008cc00000|100%| O|  |TAMS 0x000000008cc00000, 0x000000008cb00000| Untracked 
| 204|0x000000008cc00000, 0x000000008cd00000, 0x000000008cd00000|100%| O|  |TAMS 0x000000008cd00000, 0x000000008cc00000| Untracked 
| 205|0x000000008cd00000, 0x000000008ce00000, 0x000000008ce00000|100%| O|  |TAMS 0x000000008ce00000, 0x000000008cd00000| Untracked 
| 206|0x000000008ce00000, 0x000000008cf00000, 0x000000008cf00000|100%| O|  |TAMS 0x000000008cf00000, 0x000000008ce00000| Untracked 
| 207|0x000000008cf00000, 0x000000008d000000, 0x000000008d000000|100%| O|  |TAMS 0x000000008d000000, 0x000000008cf00000| Untracked 
| 208|0x000000008d000000, 0x000000008d100000, 0x000000008d100000|100%| O|  |TAMS 0x000000008d000000, 0x000000008d000000| Untracked 
| 209|0x000000008d100000, 0x000000008d200000, 0x000000008d200000|100%| O|  |TAMS 0x000000008d200000, 0x000000008d100000| Untracked 
| 210|0x000000008d200000, 0x000000008d300000, 0x000000008d300000|100%| O|  |TAMS 0x000000008d300000, 0x000000008d200000| Untracked 
| 211|0x000000008d300000, 0x000000008d400000, 0x000000008d400000|100%| O|  |TAMS 0x000000008d400000, 0x000000008d300000| Untracked 
| 212|0x000000008d400000, 0x000000008d500000, 0x000000008d500000|100%| O|  |TAMS 0x000000008d500000, 0x000000008d400000| Untracked 
| 213|0x000000008d500000, 0x000000008d600000, 0x000000008d600000|100%| O|  |TAMS 0x000000008d600000, 0x000000008d500000| Untracked 
| 214|0x000000008d600000, 0x000000008d700000, 0x000000008d700000|100%| O|  |TAMS 0x000000008d700000, 0x000000008d600000| Untracked 
| 215|0x000000008d700000, 0x000000008d800000, 0x000000008d800000|100%| O|  |TAMS 0x000000008d800000, 0x000000008d700000| Untracked 
| 216|0x000000008d800000, 0x000000008d900000, 0x000000008d900000|100%| O|  |TAMS 0x000000008d800000, 0x000000008d800000| Untracked 
| 217|0x000000008d900000, 0x000000008da00000, 0x000000008da00000|100%| O|  |TAMS 0x000000008da00000, 0x000000008d900000| Untracked 
| 218|0x000000008da00000, 0x000000008db00000, 0x000000008db00000|100%| O|  |TAMS 0x000000008db00000, 0x000000008da00000| Untracked 
| 219|0x000000008db00000, 0x000000008dc00000, 0x000000008dc00000|100%| O|  |TAMS 0x000000008db00000, 0x000000008db00000| Untracked 
| 220|0x000000008dc00000, 0x000000008dd00000, 0x000000008dd00000|100%| O|  |TAMS 0x000000008dc00000, 0x000000008dc00000| Untracked 
| 221|0x000000008dd00000, 0x000000008de00000, 0x000000008de00000|100%| O|  |TAMS 0x000000008dd00000, 0x000000008dd00000| Untracked 
| 222|0x000000008de00000, 0x000000008df00000, 0x000000008df00000|100%| O|  |TAMS 0x000000008df00000, 0x000000008de00000| Untracked 
| 223|0x000000008df00000, 0x000000008e000000, 0x000000008e000000|100%| O|  |TAMS 0x000000008df00000, 0x000000008df00000| Untracked 
| 224|0x000000008e000000, 0x000000008e100000, 0x000000008e100000|100%| O|  |TAMS 0x000000008e000000, 0x000000008e000000| Untracked 
| 225|0x000000008e100000, 0x000000008e200000, 0x000000008e200000|100%| O|  |TAMS 0x000000008e100000, 0x000000008e100000| Untracked 
| 226|0x000000008e200000, 0x000000008e300000, 0x000000008e300000|100%| O|  |TAMS 0x000000008e200000, 0x000000008e200000| Untracked 
| 227|0x000000008e300000, 0x000000008e400000, 0x000000008e400000|100%|HS|  |TAMS 0x000000008e400000, 0x000000008e300000| Complete 
| 228|0x000000008e400000, 0x000000008e500000, 0x000000008e500000|100%|HC|  |TAMS 0x000000008e500000, 0x000000008e400000| Complete 
| 229|0x000000008e500000, 0x000000008e600000, 0x000000008e600000|100%| O|  |TAMS 0x000000008e600000, 0x000000008e500000| Untracked 
| 230|0x000000008e600000, 0x000000008e700000, 0x000000008e700000|100%| O|  |TAMS 0x000000008e700000, 0x000000008e600000| Untracked 
| 231|0x000000008e700000, 0x000000008e800000, 0x000000008e800000|100%| O|  |TAMS 0x000000008e800000, 0x000000008e700000| Untracked 
| 232|0x000000008e800000, 0x000000008e900000, 0x000000008e900000|100%| O|  |TAMS 0x000000008e900000, 0x000000008e800000| Untracked 
| 233|0x000000008e900000, 0x000000008ea00000, 0x000000008ea00000|100%| O|  |TAMS 0x000000008ea00000, 0x000000008e900000| Untracked 
| 234|0x000000008ea00000, 0x000000008eb00000, 0x000000008eb00000|100%| O|  |TAMS 0x000000008eb00000, 0x000000008ea00000| Untracked 
| 235|0x000000008eb00000, 0x000000008ec00000, 0x000000008ec00000|100%| O|  |TAMS 0x000000008ec00000, 0x000000008eb00000| Untracked 
| 236|0x000000008ec00000, 0x000000008ed00000, 0x000000008ed00000|100%| O|  |TAMS 0x000000008ed00000, 0x000000008ec00000| Untracked 
| 237|0x000000008ed00000, 0x000000008ee00000, 0x000000008ee00000|100%| O|  |TAMS 0x000000008ee00000, 0x000000008ed00000| Untracked 
| 238|0x000000008ee00000, 0x000000008ef00000, 0x000000008ef00000|100%| O|  |TAMS 0x000000008ef00000, 0x000000008ee00000| Untracked 
| 239|0x000000008ef00000, 0x000000008f000000, 0x000000008f000000|100%| O|  |TAMS 0x000000008f000000, 0x000000008ef00000| Untracked 
| 240|0x000000008f000000, 0x000000008f100000, 0x000000008f100000|100%| O|  |TAMS 0x000000008f100000, 0x000000008f000000| Untracked 
| 241|0x000000008f100000, 0x000000008f200000, 0x000000008f200000|100%| O|  |TAMS 0x000000008f200000, 0x000000008f100000| Untracked 
| 242|0x000000008f200000, 0x000000008f300000, 0x000000008f300000|100%| O|  |TAMS 0x000000008f300000, 0x000000008f200000| Untracked 
| 243|0x000000008f300000, 0x000000008f400000, 0x000000008f400000|100%| O|  |TAMS 0x000000008f400000, 0x000000008f300000| Untracked 
| 244|0x000000008f400000, 0x000000008f500000, 0x000000008f500000|100%| O|  |TAMS 0x000000008f500000, 0x000000008f400000| Untracked 
| 245|0x000000008f500000, 0x000000008f600000, 0x000000008f600000|100%| O|  |TAMS 0x000000008f600000, 0x000000008f500000| Untracked 
| 246|0x000000008f600000, 0x000000008f700000, 0x000000008f700000|100%| O|  |TAMS 0x000000008f700000, 0x000000008f600000| Untracked 
| 247|0x000000008f700000, 0x000000008f800000, 0x000000008f800000|100%| O|  |TAMS 0x000000008f800000, 0x000000008f700000| Untracked 
| 248|0x000000008f800000, 0x000000008f900000, 0x000000008f900000|100%| O|  |TAMS 0x000000008f900000, 0x000000008f800000| Untracked 
| 249|0x000000008f900000, 0x000000008fa00000, 0x000000008fa00000|100%| O|  |TAMS 0x000000008fa00000, 0x000000008f900000| Untracked 
| 250|0x000000008fa00000, 0x000000008fb00000, 0x000000008fb00000|100%| O|  |TAMS 0x000000008fb00000, 0x000000008fa00000| Untracked 
| 251|0x000000008fb00000, 0x000000008fc00000, 0x000000008fc00000|100%| O|  |TAMS 0x000000008fc00000, 0x000000008fb00000| Untracked 
| 252|0x000000008fc00000, 0x000000008fd00000, 0x000000008fd00000|100%| O|  |TAMS 0x000000008fd00000, 0x000000008fc00000| Untracked 
| 253|0x000000008fd00000, 0x000000008fe00000, 0x000000008fe00000|100%| O|  |TAMS 0x000000008fd00000, 0x000000008fd00000| Untracked 
| 254|0x000000008fe00000, 0x000000008ff00000, 0x000000008ff00000|100%| O|  |TAMS 0x000000008fe00000, 0x000000008fe00000| Untracked 
| 255|0x000000008ff00000, 0x0000000090000000, 0x0000000090000000|100%| O|  |TAMS 0x0000000090000000, 0x000000008ff00000| Untracked 
| 256|0x0000000090000000, 0x0000000090100000, 0x0000000090100000|100%| O|  |TAMS 0x0000000090100000, 0x0000000090000000| Untracked 
| 257|0x0000000090100000, 0x0000000090200000, 0x0000000090200000|100%| O|  |TAMS 0x00000000901f9000, 0x0000000090100000| Untracked 
| 258|0x0000000090200000, 0x0000000090300000, 0x0000000090300000|100%| O|  |TAMS 0x0000000090200000, 0x0000000090200000| Untracked 
| 259|0x0000000090300000, 0x0000000090400000, 0x0000000090400000|100%| O|  |TAMS 0x0000000090300000, 0x0000000090300000| Untracked 
| 260|0x0000000090400000, 0x0000000090500000, 0x0000000090500000|100%| O|  |TAMS 0x0000000090400000, 0x0000000090400000| Untracked 
| 261|0x0000000090500000, 0x0000000090600000, 0x0000000090600000|100%| O|  |TAMS 0x0000000090500000, 0x0000000090500000| Untracked 
| 262|0x0000000090600000, 0x0000000090700000, 0x0000000090700000|100%| O|  |TAMS 0x0000000090600000, 0x0000000090600000| Untracked 
| 263|0x0000000090700000, 0x0000000090800000, 0x0000000090800000|100%| O|  |TAMS 0x0000000090700000, 0x0000000090700000| Untracked 
| 264|0x0000000090800000, 0x0000000090900000, 0x0000000090900000|100%| O|  |TAMS 0x0000000090800000, 0x0000000090800000| Untracked 
| 265|0x0000000090900000, 0x0000000090a00000, 0x0000000090a00000|100%| O|  |TAMS 0x0000000090900000, 0x0000000090900000| Untracked 
| 266|0x0000000090a00000, 0x0000000090b00000, 0x0000000090b00000|100%| O|  |TAMS 0x0000000090a00000, 0x0000000090a00000| Untracked 
| 267|0x0000000090b00000, 0x0000000090c00000, 0x0000000090c00000|100%| O|  |TAMS 0x0000000090b00000, 0x0000000090b00000| Untracked 
| 268|0x0000000090c00000, 0x0000000090d00000, 0x0000000090d00000|100%| O|  |TAMS 0x0000000090c00000, 0x0000000090c00000| Untracked 
| 269|0x0000000090d00000, 0x0000000090e00000, 0x0000000090e00000|100%| O|  |TAMS 0x0000000090d00000, 0x0000000090d00000| Untracked 
| 270|0x0000000090e00000, 0x0000000090f00000, 0x0000000090f00000|100%| O|  |TAMS 0x0000000090e00000, 0x0000000090e00000| Untracked 
| 271|0x0000000090f00000, 0x0000000091000000, 0x0000000091000000|100%| O|  |TAMS 0x0000000090f00000, 0x0000000090f00000| Untracked 
| 272|0x0000000091000000, 0x0000000091100000, 0x0000000091100000|100%| O|  |TAMS 0x0000000091000000, 0x0000000091000000| Untracked 
| 273|0x0000000091100000, 0x0000000091200000, 0x0000000091200000|100%| O|  |TAMS 0x0000000091100000, 0x0000000091100000| Untracked 
| 274|0x0000000091200000, 0x0000000091300000, 0x0000000091300000|100%| O|  |TAMS 0x0000000091200000, 0x0000000091200000| Untracked 
| 275|0x0000000091300000, 0x0000000091400000, 0x0000000091400000|100%| O|  |TAMS 0x0000000091300000, 0x0000000091300000| Untracked 
| 276|0x0000000091400000, 0x0000000091500000, 0x0000000091500000|100%| O|  |TAMS 0x0000000091400000, 0x0000000091400000| Untracked 
| 277|0x0000000091500000, 0x0000000091600000, 0x0000000091600000|100%| O|  |TAMS 0x0000000091500000, 0x0000000091500000| Untracked 
| 278|0x0000000091600000, 0x0000000091700000, 0x0000000091700000|100%| O|  |TAMS 0x0000000091600000, 0x0000000091600000| Untracked 
| 279|0x0000000091700000, 0x0000000091800000, 0x0000000091800000|100%| O|  |TAMS 0x0000000091700000, 0x0000000091700000| Untracked 
| 280|0x0000000091800000, 0x0000000091900000, 0x0000000091900000|100%| O|  |TAMS 0x0000000091800000, 0x0000000091800000| Untracked 
| 281|0x0000000091900000, 0x0000000091a00000, 0x0000000091a00000|100%| O|  |TAMS 0x0000000091900000, 0x0000000091900000| Untracked 
| 282|0x0000000091a00000, 0x0000000091b00000, 0x0000000091b00000|100%| O|  |TAMS 0x0000000091a00000, 0x0000000091a00000| Untracked 
| 283|0x0000000091b00000, 0x0000000091c00000, 0x0000000091c00000|100%| O|  |TAMS 0x0000000091b00000, 0x0000000091b00000| Untracked 
| 284|0x0000000091c00000, 0x0000000091d00000, 0x0000000091d00000|100%| O|  |TAMS 0x0000000091c00000, 0x0000000091c00000| Untracked 
| 285|0x0000000091d00000, 0x0000000091e00000, 0x0000000091e00000|100%| O|  |TAMS 0x0000000091d00000, 0x0000000091d00000| Untracked 
| 286|0x0000000091e00000, 0x0000000091f00000, 0x0000000091f00000|100%| O|  |TAMS 0x0000000091e00000, 0x0000000091e00000| Untracked 
| 287|0x0000000091f00000, 0x0000000092000000, 0x0000000092000000|100%| O|  |TAMS 0x0000000091f00000, 0x0000000091f00000| Untracked 
| 288|0x0000000092000000, 0x0000000092100000, 0x0000000092100000|100%| O|  |TAMS 0x0000000092000000, 0x0000000092000000| Untracked 
| 289|0x0000000092100000, 0x0000000092200000, 0x0000000092200000|100%| O|  |TAMS 0x0000000092100000, 0x0000000092100000| Untracked 
| 290|0x0000000092200000, 0x0000000092300000, 0x0000000092300000|100%| O|  |TAMS 0x0000000092200000, 0x0000000092200000| Untracked 
| 291|0x0000000092300000, 0x0000000092400000, 0x0000000092400000|100%| O|  |TAMS 0x0000000092300000, 0x0000000092300000| Untracked 
| 292|0x0000000092400000, 0x0000000092500000, 0x0000000092500000|100%| O|  |TAMS 0x0000000092400000, 0x0000000092400000| Untracked 
| 293|0x0000000092500000, 0x0000000092600000, 0x0000000092600000|100%| O|  |TAMS 0x0000000092500000, 0x0000000092500000| Untracked 
| 294|0x0000000092600000, 0x0000000092700000, 0x0000000092700000|100%| O|  |TAMS 0x0000000092600000, 0x0000000092600000| Untracked 
| 295|0x0000000092700000, 0x0000000092800000, 0x0000000092800000|100%| O|  |TAMS 0x0000000092700000, 0x0000000092700000| Untracked 
| 296|0x0000000092800000, 0x0000000092900000, 0x0000000092900000|100%| O|  |TAMS 0x0000000092800000, 0x0000000092800000| Untracked 
| 297|0x0000000092900000, 0x0000000092a00000, 0x0000000092a00000|100%| O|  |TAMS 0x0000000092900000, 0x0000000092900000| Untracked 
| 298|0x0000000092a00000, 0x0000000092b00000, 0x0000000092b00000|100%| O|  |TAMS 0x0000000092a00000, 0x0000000092a00000| Untracked 
| 299|0x0000000092b00000, 0x0000000092c00000, 0x0000000092c00000|100%| O|  |TAMS 0x0000000092b00000, 0x0000000092b00000| Untracked 
| 300|0x0000000092c00000, 0x0000000092d00000, 0x0000000092d00000|100%| O|  |TAMS 0x0000000092c00000, 0x0000000092c00000| Untracked 
| 301|0x0000000092d00000, 0x0000000092e00000, 0x0000000092e00000|100%| O|  |TAMS 0x0000000092d00000, 0x0000000092d00000| Untracked 
| 302|0x0000000092e00000, 0x0000000092f00000, 0x0000000092f00000|100%| O|  |TAMS 0x0000000092e00000, 0x0000000092e00000| Untracked 
| 303|0x0000000092f00000, 0x0000000093000000, 0x0000000093000000|100%| O|  |TAMS 0x0000000092f00000, 0x0000000092f00000| Untracked 
| 304|0x0000000093000000, 0x0000000093100000, 0x0000000093100000|100%| O|  |TAMS 0x0000000093000000, 0x0000000093000000| Untracked 
| 305|0x0000000093100000, 0x0000000093200000, 0x0000000093200000|100%| O|  |TAMS 0x0000000093100000, 0x0000000093100000| Untracked 
| 306|0x0000000093200000, 0x0000000093300000, 0x0000000093300000|100%| O|  |TAMS 0x0000000093200000, 0x0000000093200000| Untracked 
| 307|0x0000000093300000, 0x0000000093400000, 0x0000000093400000|100%| O|  |TAMS 0x0000000093300000, 0x0000000093300000| Untracked 
| 308|0x0000000093400000, 0x0000000093500000, 0x0000000093500000|100%| O|  |TAMS 0x0000000093400000, 0x0000000093400000| Untracked 
| 309|0x0000000093500000, 0x0000000093600000, 0x0000000093600000|100%| O|  |TAMS 0x0000000093500000, 0x0000000093500000| Untracked 
| 310|0x0000000093600000, 0x0000000093700000, 0x0000000093700000|100%| O|  |TAMS 0x0000000093600000, 0x0000000093600000| Untracked 
| 311|0x0000000093700000, 0x0000000093800000, 0x0000000093800000|100%| O|  |TAMS 0x0000000093700000, 0x0000000093700000| Untracked 
| 312|0x0000000093800000, 0x0000000093900000, 0x0000000093900000|100%| O|  |TAMS 0x0000000093800000, 0x0000000093800000| Untracked 
| 313|0x0000000093900000, 0x0000000093a00000, 0x0000000093a00000|100%| O|  |TAMS 0x0000000093900000, 0x0000000093900000| Untracked 
| 314|0x0000000093a00000, 0x0000000093b00000, 0x0000000093b00000|100%| O|  |TAMS 0x0000000093a00000, 0x0000000093a00000| Untracked 
| 315|0x0000000093b00000, 0x0000000093c00000, 0x0000000093c00000|100%| O|  |TAMS 0x0000000093b00000, 0x0000000093b00000| Untracked 
| 316|0x0000000093c00000, 0x0000000093d00000, 0x0000000093d00000|100%| O|  |TAMS 0x0000000093c00000, 0x0000000093c00000| Untracked 
| 317|0x0000000093d00000, 0x0000000093e00000, 0x0000000093e00000|100%| O|  |TAMS 0x0000000093d00000, 0x0000000093d00000| Untracked 
| 318|0x0000000093e00000, 0x0000000093f00000, 0x0000000093f00000|100%| O|  |TAMS 0x0000000093e00000, 0x0000000093e00000| Untracked 
| 319|0x0000000093f00000, 0x0000000094000000, 0x0000000094000000|100%| O|  |TAMS 0x0000000093f00000, 0x0000000093f00000| Untracked 
| 320|0x0000000094000000, 0x0000000094100000, 0x0000000094100000|100%| O|  |TAMS 0x0000000094000000, 0x0000000094000000| Untracked 
| 321|0x0000000094100000, 0x0000000094200000, 0x0000000094200000|100%| O|  |TAMS 0x0000000094100000, 0x0000000094100000| Untracked 
| 322|0x0000000094200000, 0x0000000094300000, 0x0000000094300000|100%| O|  |TAMS 0x0000000094200000, 0x0000000094200000| Untracked 
| 323|0x0000000094300000, 0x0000000094400000, 0x0000000094400000|100%| O|  |TAMS 0x0000000094300000, 0x0000000094300000| Untracked 
| 324|0x0000000094400000, 0x0000000094500000, 0x0000000094500000|100%| O|  |TAMS 0x0000000094400000, 0x0000000094400000| Untracked 
| 325|0x0000000094500000, 0x0000000094600000, 0x0000000094600000|100%| O|  |TAMS 0x0000000094500000, 0x0000000094500000| Untracked 
| 326|0x0000000094600000, 0x0000000094700000, 0x0000000094700000|100%| O|  |TAMS 0x0000000094600000, 0x0000000094600000| Untracked 
| 327|0x0000000094700000, 0x0000000094800000, 0x0000000094800000|100%|HS|  |TAMS 0x0000000094700000, 0x0000000094700000| Complete 
| 328|0x0000000094800000, 0x0000000094900000, 0x0000000094900000|100%|HC|  |TAMS 0x0000000094800000, 0x0000000094800000| Complete 
| 329|0x0000000094900000, 0x0000000094a00000, 0x0000000094a00000|100%|HC|  |TAMS 0x0000000094900000, 0x0000000094900000| Complete 
| 330|0x0000000094a00000, 0x0000000094b00000, 0x0000000094b00000|100%| O|  |TAMS 0x0000000094a00000, 0x0000000094a00000| Untracked 
| 331|0x0000000094b00000, 0x0000000094c00000, 0x0000000094c00000|100%| O|  |TAMS 0x0000000094b00000, 0x0000000094b00000| Untracked 
| 332|0x0000000094c00000, 0x0000000094d00000, 0x0000000094d00000|100%| O|  |TAMS 0x0000000094c00000, 0x0000000094c00000| Untracked 
| 333|0x0000000094d00000, 0x0000000094e00000, 0x0000000094e00000|100%| O|  |TAMS 0x0000000094d00000, 0x0000000094d00000| Untracked 
| 334|0x0000000094e00000, 0x0000000094f00000, 0x0000000094f00000|100%| O|  |TAMS 0x0000000094e00000, 0x0000000094e00000| Untracked 
| 335|0x0000000094f00000, 0x0000000095000000, 0x0000000095000000|100%| O|  |TAMS 0x0000000094f00000, 0x0000000094f00000| Untracked 
| 336|0x0000000095000000, 0x0000000095100000, 0x0000000095100000|100%| O|  |TAMS 0x0000000095000000, 0x0000000095000000| Untracked 
| 337|0x0000000095100000, 0x0000000095200000, 0x0000000095200000|100%| O|  |TAMS 0x0000000095100000, 0x0000000095100000| Untracked 
| 338|0x0000000095200000, 0x0000000095300000, 0x0000000095300000|100%| O|  |TAMS 0x0000000095200000, 0x0000000095200000| Untracked 
| 339|0x0000000095300000, 0x0000000095400000, 0x0000000095400000|100%| O|  |TAMS 0x0000000095300000, 0x0000000095300000| Untracked 
| 340|0x0000000095400000, 0x0000000095500000, 0x0000000095500000|100%| O|  |TAMS 0x0000000095400000, 0x0000000095400000| Untracked 
| 341|0x0000000095500000, 0x0000000095600000, 0x0000000095600000|100%| O|  |TAMS 0x0000000095500000, 0x0000000095500000| Untracked 
| 342|0x0000000095600000, 0x0000000095700000, 0x0000000095700000|100%| O|  |TAMS 0x0000000095600000, 0x0000000095600000| Untracked 
| 343|0x0000000095700000, 0x0000000095800000, 0x0000000095800000|100%| O|  |TAMS 0x0000000095700000, 0x0000000095700000| Untracked 
| 344|0x0000000095800000, 0x0000000095900000, 0x0000000095900000|100%| O|  |TAMS 0x0000000095800000, 0x0000000095800000| Untracked 
| 345|0x0000000095900000, 0x0000000095a00000, 0x0000000095a00000|100%| O|  |TAMS 0x0000000095900000, 0x0000000095900000| Untracked 
| 346|0x0000000095a00000, 0x0000000095b00000, 0x0000000095b00000|100%| O|  |TAMS 0x0000000095a00000, 0x0000000095a00000| Untracked 
| 347|0x0000000095b00000, 0x0000000095c00000, 0x0000000095c00000|100%| O|  |TAMS 0x0000000095b00000, 0x0000000095b00000| Untracked 
| 348|0x0000000095c00000, 0x0000000095d00000, 0x0000000095d00000|100%| O|  |TAMS 0x0000000095c00000, 0x0000000095c00000| Untracked 
| 349|0x0000000095d00000, 0x0000000095e00000, 0x0000000095e00000|100%| O|  |TAMS 0x0000000095d00000, 0x0000000095d00000| Untracked 
| 350|0x0000000095e00000, 0x0000000095f00000, 0x0000000095f00000|100%|HS|  |TAMS 0x0000000095e00000, 0x0000000095e00000| Complete 
| 351|0x0000000095f00000, 0x0000000096000000, 0x0000000096000000|100%|HC|  |TAMS 0x0000000095f00000, 0x0000000095f00000| Complete 
| 352|0x0000000096000000, 0x0000000096100000, 0x0000000096100000|100%| O|  |TAMS 0x0000000096000000, 0x0000000096000000| Untracked 
| 353|0x0000000096100000, 0x0000000096200000, 0x0000000096200000|100%| O|  |TAMS 0x0000000096100000, 0x0000000096100000| Untracked 
| 354|0x0000000096200000, 0x0000000096300000, 0x0000000096300000|100%| O|  |TAMS 0x0000000096200000, 0x0000000096200000| Untracked 
| 355|0x0000000096300000, 0x0000000096400000, 0x0000000096400000|100%| O|  |TAMS 0x0000000096300000, 0x0000000096300000| Untracked 
| 356|0x0000000096400000, 0x0000000096500000, 0x0000000096500000|100%| O|  |TAMS 0x0000000096400000, 0x0000000096400000| Untracked 
| 357|0x0000000096500000, 0x0000000096600000, 0x0000000096600000|100%| O|  |TAMS 0x0000000096500000, 0x0000000096500000| Untracked 
| 358|0x0000000096600000, 0x0000000096700000, 0x0000000096700000|100%| O|  |TAMS 0x0000000096600000, 0x0000000096600000| Untracked 
| 359|0x0000000096700000, 0x0000000096800000, 0x0000000096800000|100%| O|  |TAMS 0x0000000096700000, 0x0000000096700000| Untracked 
| 360|0x0000000096800000, 0x0000000096900000, 0x0000000096900000|100%| O|  |TAMS 0x0000000096800000, 0x0000000096800000| Untracked 
| 361|0x0000000096900000, 0x0000000096a00000, 0x0000000096a00000|100%| O|  |TAMS 0x0000000096900000, 0x0000000096900000| Untracked 
| 362|0x0000000096a00000, 0x0000000096b00000, 0x0000000096b00000|100%| O|  |TAMS 0x0000000096a00000, 0x0000000096a00000| Untracked 
| 363|0x0000000096b00000, 0x0000000096c00000, 0x0000000096c00000|100%| O|  |TAMS 0x0000000096b00000, 0x0000000096b00000| Untracked 
| 364|0x0000000096c00000, 0x0000000096d00000, 0x0000000096d00000|100%|HS|  |TAMS 0x0000000096c00000, 0x0000000096c00000| Complete 
| 365|0x0000000096d00000, 0x0000000096e00000, 0x0000000096e00000|100%|HC|  |TAMS 0x0000000096d00000, 0x0000000096d00000| Complete 
| 366|0x0000000096e00000, 0x0000000096f00000, 0x0000000096f00000|100%| O|  |TAMS 0x0000000096e00000, 0x0000000096e00000| Untracked 
| 367|0x0000000096f00000, 0x0000000097000000, 0x0000000097000000|100%| O|  |TAMS 0x0000000096f00000, 0x0000000096f00000| Untracked 
| 368|0x0000000097000000, 0x0000000097100000, 0x0000000097100000|100%| O|  |TAMS 0x0000000097000000, 0x0000000097000000| Untracked 
| 369|0x0000000097100000, 0x0000000097200000, 0x0000000097200000|100%| O|  |TAMS 0x0000000097100000, 0x0000000097100000| Untracked 
| 370|0x0000000097200000, 0x0000000097300000, 0x0000000097300000|100%| O|  |TAMS 0x0000000097200000, 0x0000000097200000| Untracked 
| 371|0x0000000097300000, 0x0000000097400000, 0x0000000097400000|100%| O|  |TAMS 0x0000000097300000, 0x0000000097300000| Untracked 
| 372|0x0000000097400000, 0x0000000097500000, 0x0000000097500000|100%| O|  |TAMS 0x0000000097400000, 0x0000000097400000| Untracked 
| 373|0x0000000097500000, 0x0000000097600000, 0x0000000097600000|100%| O|  |TAMS 0x0000000097500000, 0x0000000097500000| Untracked 
| 374|0x0000000097600000, 0x0000000097700000, 0x0000000097700000|100%| O|  |TAMS 0x0000000097600000, 0x0000000097600000| Untracked 
| 375|0x0000000097700000, 0x0000000097800000, 0x0000000097800000|100%| O|  |TAMS 0x0000000097700000, 0x0000000097700000| Untracked 
| 376|0x0000000097800000, 0x0000000097900000, 0x0000000097900000|100%| O|  |TAMS 0x0000000097800000, 0x0000000097800000| Untracked 
| 377|0x0000000097900000, 0x0000000097a00000, 0x0000000097a00000|100%| O|  |TAMS 0x0000000097900000, 0x0000000097900000| Untracked 
| 378|0x0000000097a00000, 0x0000000097b00000, 0x0000000097b00000|100%| O|  |TAMS 0x0000000097a00000, 0x0000000097a00000| Untracked 
| 379|0x0000000097b00000, 0x0000000097c00000, 0x0000000097c00000|100%| O|  |TAMS 0x0000000097b00000, 0x0000000097b00000| Untracked 
| 380|0x0000000097c00000, 0x0000000097d00000, 0x0000000097d00000|100%| O|  |TAMS 0x0000000097c00000, 0x0000000097c00000| Untracked 
| 381|0x0000000097d00000, 0x0000000097e00000, 0x0000000097e00000|100%| O|  |TAMS 0x0000000097d00000, 0x0000000097d00000| Untracked 
| 382|0x0000000097e00000, 0x0000000097f00000, 0x0000000097f00000|100%| O|  |TAMS 0x0000000097e00000, 0x0000000097e00000| Untracked 
| 383|0x0000000097f00000, 0x0000000098000000, 0x0000000098000000|100%| O|  |TAMS 0x0000000097f00000, 0x0000000097f00000| Untracked 
| 384|0x0000000098000000, 0x0000000098100000, 0x0000000098100000|100%| O|  |TAMS 0x0000000098000000, 0x0000000098000000| Untracked 
| 385|0x0000000098100000, 0x0000000098200000, 0x0000000098200000|100%| O|  |TAMS 0x0000000098100000, 0x0000000098100000| Untracked 
| 386|0x0000000098200000, 0x00000000982c3000, 0x0000000098300000| 76%| O|  |TAMS 0x0000000098200000, 0x0000000098200000| Untracked 
| 387|0x0000000098300000, 0x0000000098300000, 0x0000000098400000|  0%| F|  |TAMS 0x0000000098300000, 0x0000000098300000| Untracked 
| 388|0x0000000098400000, 0x0000000098400000, 0x0000000098500000|  0%| F|  |TAMS 0x0000000098400000, 0x0000000098400000| Untracked 
| 389|0x0000000098500000, 0x0000000098600000, 0x0000000098600000|100%|HS|  |TAMS 0x0000000098500000, 0x0000000098500000| Complete 
| 390|0x0000000098600000, 0x0000000098700000, 0x0000000098700000|100%|HC|  |TAMS 0x0000000098600000, 0x0000000098600000| Complete 
| 391|0x0000000098700000, 0x0000000098700000, 0x0000000098800000|  0%| F|  |TAMS 0x0000000098700000, 0x0000000098700000| Untracked 
| 392|0x0000000098800000, 0x0000000098800000, 0x0000000098900000|  0%| F|  |TAMS 0x0000000098800000, 0x0000000098800000| Untracked 
| 393|0x0000000098900000, 0x0000000098900000, 0x0000000098a00000|  0%| F|  |TAMS 0x0000000098900000, 0x0000000098900000| Untracked 
| 394|0x0000000098a00000, 0x0000000098a00000, 0x0000000098b00000|  0%| F|  |TAMS 0x0000000098a00000, 0x0000000098a00000| Untracked 
| 395|0x0000000098b00000, 0x0000000098b00000, 0x0000000098c00000|  0%| F|  |TAMS 0x0000000098b00000, 0x0000000098b00000| Untracked 
| 396|0x0000000098c00000, 0x0000000098c00000, 0x0000000098d00000|  0%| F|  |TAMS 0x0000000098c00000, 0x0000000098c00000| Untracked 
| 397|0x0000000098d00000, 0x0000000098d00000, 0x0000000098e00000|  0%| F|  |TAMS 0x0000000098d00000, 0x0000000098d00000| Untracked 
| 398|0x0000000098e00000, 0x0000000098e00000, 0x0000000098f00000|  0%| F|  |TAMS 0x0000000098e00000, 0x0000000098e00000| Untracked 
| 399|0x0000000098f00000, 0x0000000098f00000, 0x0000000099000000|  0%| F|  |TAMS 0x0000000098f00000, 0x0000000098f00000| Untracked 
| 400|0x0000000099000000, 0x0000000099000000, 0x0000000099100000|  0%| F|  |TAMS 0x0000000099000000, 0x0000000099000000| Untracked 
| 401|0x0000000099100000, 0x0000000099100000, 0x0000000099200000|  0%| F|  |TAMS 0x0000000099100000, 0x0000000099100000| Untracked 
| 402|0x0000000099200000, 0x0000000099200000, 0x0000000099300000|  0%| F|  |TAMS 0x0000000099200000, 0x0000000099200000| Untracked 
| 403|0x0000000099300000, 0x0000000099300000, 0x0000000099400000|  0%| F|  |TAMS 0x0000000099300000, 0x0000000099300000| Untracked 
| 404|0x0000000099400000, 0x0000000099400000, 0x0000000099500000|  0%| F|  |TAMS 0x0000000099400000, 0x0000000099400000| Untracked 
| 405|0x0000000099500000, 0x0000000099500000, 0x0000000099600000|  0%| F|  |TAMS 0x0000000099500000, 0x0000000099500000| Untracked 
| 406|0x0000000099600000, 0x0000000099600000, 0x0000000099700000|  0%| F|  |TAMS 0x0000000099600000, 0x0000000099600000| Untracked 
| 407|0x0000000099700000, 0x0000000099700000, 0x0000000099800000|  0%| F|  |TAMS 0x0000000099700000, 0x0000000099700000| Untracked 
| 408|0x0000000099800000, 0x0000000099800000, 0x0000000099900000|  0%| F|  |TAMS 0x0000000099800000, 0x0000000099800000| Untracked 
| 409|0x0000000099900000, 0x0000000099900000, 0x0000000099a00000|  0%| F|  |TAMS 0x0000000099900000, 0x0000000099900000| Untracked 
| 410|0x0000000099a00000, 0x0000000099a00000, 0x0000000099b00000|  0%| F|  |TAMS 0x0000000099a00000, 0x0000000099a00000| Untracked 
| 411|0x0000000099b00000, 0x0000000099b00000, 0x0000000099c00000|  0%| F|  |TAMS 0x0000000099b00000, 0x0000000099b00000| Untracked 
| 412|0x0000000099c00000, 0x0000000099c00000, 0x0000000099d00000|  0%| F|  |TAMS 0x0000000099c00000, 0x0000000099c00000| Untracked 
| 413|0x0000000099d00000, 0x0000000099d00000, 0x0000000099e00000|  0%| F|  |TAMS 0x0000000099d00000, 0x0000000099d00000| Untracked 
| 414|0x0000000099e00000, 0x0000000099e00000, 0x0000000099f00000|  0%| F|  |TAMS 0x0000000099e00000, 0x0000000099e00000| Untracked 
| 415|0x0000000099f00000, 0x0000000099f00000, 0x000000009a000000|  0%| F|  |TAMS 0x0000000099f00000, 0x0000000099f00000| Untracked 
| 416|0x000000009a000000, 0x000000009a000000, 0x000000009a100000|  0%| F|  |TAMS 0x000000009a000000, 0x000000009a000000| Untracked 
| 417|0x000000009a100000, 0x000000009a100000, 0x000000009a200000|  0%| F|  |TAMS 0x000000009a100000, 0x000000009a100000| Untracked 
| 418|0x000000009a200000, 0x000000009a200000, 0x000000009a300000|  0%| F|  |TAMS 0x000000009a200000, 0x000000009a200000| Untracked 
| 419|0x000000009a300000, 0x000000009a300000, 0x000000009a400000|  0%| F|  |TAMS 0x000000009a300000, 0x000000009a300000| Untracked 
| 420|0x000000009a400000, 0x000000009a400000, 0x000000009a500000|  0%| F|  |TAMS 0x000000009a400000, 0x000000009a400000| Untracked 
| 421|0x000000009a500000, 0x000000009a500000, 0x000000009a600000|  0%| F|  |TAMS 0x000000009a500000, 0x000000009a500000| Untracked 
| 422|0x000000009a600000, 0x000000009a600000, 0x000000009a700000|  0%| F|  |TAMS 0x000000009a600000, 0x000000009a600000| Untracked 
| 423|0x000000009a700000, 0x000000009a700000, 0x000000009a800000|  0%| F|  |TAMS 0x000000009a700000, 0x000000009a700000| Untracked 
| 424|0x000000009a800000, 0x000000009a800000, 0x000000009a900000|  0%| F|  |TAMS 0x000000009a800000, 0x000000009a800000| Untracked 
| 425|0x000000009a900000, 0x000000009a900000, 0x000000009aa00000|  0%| F|  |TAMS 0x000000009a900000, 0x000000009a900000| Untracked 
| 426|0x000000009aa00000, 0x000000009aa00000, 0x000000009ab00000|  0%| F|  |TAMS 0x000000009aa00000, 0x000000009aa00000| Untracked 
| 427|0x000000009ab00000, 0x000000009ab00000, 0x000000009ac00000|  0%| F|  |TAMS 0x000000009ab00000, 0x000000009ab00000| Untracked 
| 428|0x000000009ac00000, 0x000000009ac00000, 0x000000009ad00000|  0%| F|  |TAMS 0x000000009ac00000, 0x000000009ac00000| Untracked 
| 429|0x000000009ad00000, 0x000000009ad00000, 0x000000009ae00000|  0%| F|  |TAMS 0x000000009ad00000, 0x000000009ad00000| Untracked 
| 430|0x000000009ae00000, 0x000000009ae00000, 0x000000009af00000|  0%| F|  |TAMS 0x000000009ae00000, 0x000000009ae00000| Untracked 
| 431|0x000000009af00000, 0x000000009af00000, 0x000000009b000000|  0%| F|  |TAMS 0x000000009af00000, 0x000000009af00000| Untracked 
| 432|0x000000009b000000, 0x000000009b000000, 0x000000009b100000|  0%| F|  |TAMS 0x000000009b000000, 0x000000009b000000| Untracked 
| 433|0x000000009b100000, 0x000000009b100000, 0x000000009b200000|  0%| F|  |TAMS 0x000000009b100000, 0x000000009b100000| Untracked 
| 434|0x000000009b200000, 0x000000009b200000, 0x000000009b300000|  0%| F|  |TAMS 0x000000009b200000, 0x000000009b200000| Untracked 
| 435|0x000000009b300000, 0x000000009b300000, 0x000000009b400000|  0%| F|  |TAMS 0x000000009b300000, 0x000000009b300000| Untracked 
| 436|0x000000009b400000, 0x000000009b400000, 0x000000009b500000|  0%| F|  |TAMS 0x000000009b400000, 0x000000009b400000| Untracked 
| 437|0x000000009b500000, 0x000000009b500000, 0x000000009b600000|  0%| F|  |TAMS 0x000000009b500000, 0x000000009b500000| Untracked 
| 438|0x000000009b600000, 0x000000009b600000, 0x000000009b700000|  0%| F|  |TAMS 0x000000009b600000, 0x000000009b600000| Untracked 
| 439|0x000000009b700000, 0x000000009b700000, 0x000000009b800000|  0%| F|  |TAMS 0x000000009b700000, 0x000000009b700000| Untracked 
| 440|0x000000009b800000, 0x000000009b800000, 0x000000009b900000|  0%| F|  |TAMS 0x000000009b800000, 0x000000009b800000| Untracked 
| 441|0x000000009b900000, 0x000000009b900000, 0x000000009ba00000|  0%| F|  |TAMS 0x000000009b900000, 0x000000009b900000| Untracked 
| 442|0x000000009ba00000, 0x000000009ba00000, 0x000000009bb00000|  0%| F|  |TAMS 0x000000009ba00000, 0x000000009ba00000| Untracked 
| 443|0x000000009bb00000, 0x000000009bb00000, 0x000000009bc00000|  0%| F|  |TAMS 0x000000009bb00000, 0x000000009bb00000| Untracked 
| 444|0x000000009bc00000, 0x000000009bc00000, 0x000000009bd00000|  0%| F|  |TAMS 0x000000009bc00000, 0x000000009bc00000| Untracked 
| 445|0x000000009bd00000, 0x000000009bd00000, 0x000000009be00000|  0%| F|  |TAMS 0x000000009bd00000, 0x000000009bd00000| Untracked 
| 446|0x000000009be00000, 0x000000009be00000, 0x000000009bf00000|  0%| F|  |TAMS 0x000000009be00000, 0x000000009be00000| Untracked 
| 447|0x000000009bf00000, 0x000000009bf00000, 0x000000009c000000|  0%| F|  |TAMS 0x000000009bf00000, 0x000000009bf00000| Untracked 
| 448|0x000000009c000000, 0x000000009c000000, 0x000000009c100000|  0%| F|  |TAMS 0x000000009c000000, 0x000000009c000000| Untracked 
| 449|0x000000009c100000, 0x000000009c100000, 0x000000009c200000|  0%| F|  |TAMS 0x000000009c100000, 0x000000009c100000| Untracked 
| 450|0x000000009c200000, 0x000000009c200000, 0x000000009c300000|  0%| F|  |TAMS 0x000000009c200000, 0x000000009c200000| Untracked 
| 451|0x000000009c300000, 0x000000009c300000, 0x000000009c400000|  0%| F|  |TAMS 0x000000009c300000, 0x000000009c300000| Untracked 
| 452|0x000000009c400000, 0x000000009c400000, 0x000000009c500000|  0%| F|  |TAMS 0x000000009c400000, 0x000000009c400000| Untracked 
| 453|0x000000009c500000, 0x000000009c500000, 0x000000009c600000|  0%| F|  |TAMS 0x000000009c500000, 0x000000009c500000| Untracked 
| 454|0x000000009c600000, 0x000000009c600000, 0x000000009c700000|  0%| F|  |TAMS 0x000000009c600000, 0x000000009c600000| Untracked 
| 455|0x000000009c700000, 0x000000009c700000, 0x000000009c800000|  0%| F|  |TAMS 0x000000009c700000, 0x000000009c700000| Untracked 
| 456|0x000000009c800000, 0x000000009c800000, 0x000000009c900000|  0%| F|  |TAMS 0x000000009c800000, 0x000000009c800000| Untracked 
| 457|0x000000009c900000, 0x000000009c900000, 0x000000009ca00000|  0%| F|  |TAMS 0x000000009c900000, 0x000000009c900000| Untracked 
| 458|0x000000009ca00000, 0x000000009ca00000, 0x000000009cb00000|  0%| F|  |TAMS 0x000000009ca00000, 0x000000009ca00000| Untracked 
| 459|0x000000009cb00000, 0x000000009cb00000, 0x000000009cc00000|  0%| F|  |TAMS 0x000000009cb00000, 0x000000009cb00000| Untracked 
| 460|0x000000009cc00000, 0x000000009cc00000, 0x000000009cd00000|  0%| F|  |TAMS 0x000000009cc00000, 0x000000009cc00000| Untracked 
| 461|0x000000009cd00000, 0x000000009cd00000, 0x000000009ce00000|  0%| F|  |TAMS 0x000000009cd00000, 0x000000009cd00000| Untracked 
| 462|0x000000009ce00000, 0x000000009ce00000, 0x000000009cf00000|  0%| F|  |TAMS 0x000000009ce00000, 0x000000009ce00000| Untracked 
| 463|0x000000009cf00000, 0x000000009cf00000, 0x000000009d000000|  0%| F|  |TAMS 0x000000009cf00000, 0x000000009cf00000| Untracked 
| 464|0x000000009d000000, 0x000000009d100000, 0x000000009d100000|100%| S|CS|TAMS 0x000000009d000000, 0x000000009d000000| Complete 
| 465|0x000000009d100000, 0x000000009d200000, 0x000000009d200000|100%| S|CS|TAMS 0x000000009d100000, 0x000000009d100000| Complete 
| 466|0x000000009d200000, 0x000000009d200000, 0x000000009d300000|  0%| F|  |TAMS 0x000000009d200000, 0x000000009d200000| Untracked 
| 467|0x000000009d300000, 0x000000009d300000, 0x000000009d400000|  0%| F|  |TAMS 0x000000009d300000, 0x000000009d300000| Untracked 
| 468|0x000000009d400000, 0x000000009d400000, 0x000000009d500000|  0%| F|  |TAMS 0x000000009d400000, 0x000000009d400000| Untracked 
| 469|0x000000009d500000, 0x000000009d500000, 0x000000009d600000|  0%| F|  |TAMS 0x000000009d500000, 0x000000009d500000| Untracked 
| 470|0x000000009d600000, 0x000000009d600000, 0x000000009d700000|  0%| F|  |TAMS 0x000000009d600000, 0x000000009d600000| Untracked 
| 471|0x000000009d700000, 0x000000009d700000, 0x000000009d800000|  0%| F|  |TAMS 0x000000009d700000, 0x000000009d700000| Untracked 
| 472|0x000000009d800000, 0x000000009d800000, 0x000000009d900000|  0%| F|  |TAMS 0x000000009d800000, 0x000000009d800000| Untracked 
| 473|0x000000009d900000, 0x000000009d900000, 0x000000009da00000|  0%| F|  |TAMS 0x000000009d900000, 0x000000009d900000| Untracked 
| 474|0x000000009da00000, 0x000000009da00000, 0x000000009db00000|  0%| F|  |TAMS 0x000000009da00000, 0x000000009da00000| Untracked 
| 475|0x000000009db00000, 0x000000009db00000, 0x000000009dc00000|  0%| F|  |TAMS 0x000000009db00000, 0x000000009db00000| Untracked 
| 476|0x000000009dc00000, 0x000000009dc00000, 0x000000009dd00000|  0%| F|  |TAMS 0x000000009dc00000, 0x000000009dc00000| Untracked 
| 477|0x000000009dd00000, 0x000000009dd00000, 0x000000009de00000|  0%| F|  |TAMS 0x000000009dd00000, 0x000000009dd00000| Untracked 
| 478|0x000000009de00000, 0x000000009de00000, 0x000000009df00000|  0%| F|  |TAMS 0x000000009de00000, 0x000000009de00000| Untracked 
| 479|0x000000009df00000, 0x000000009df00000, 0x000000009e000000|  0%| F|  |TAMS 0x000000009df00000, 0x000000009df00000| Untracked 
| 480|0x000000009e000000, 0x000000009e000000, 0x000000009e100000|  0%| F|  |TAMS 0x000000009e000000, 0x000000009e000000| Untracked 
| 481|0x000000009e100000, 0x000000009e100000, 0x000000009e200000|  0%| F|  |TAMS 0x000000009e100000, 0x000000009e100000| Untracked 
| 482|0x000000009e200000, 0x000000009e200000, 0x000000009e300000|  0%| F|  |TAMS 0x000000009e200000, 0x000000009e200000| Untracked 
| 483|0x000000009e300000, 0x000000009e300000, 0x000000009e400000|  0%| F|  |TAMS 0x000000009e300000, 0x000000009e300000| Untracked 
| 484|0x000000009e400000, 0x000000009e400000, 0x000000009e500000|  0%| F|  |TAMS 0x000000009e400000, 0x000000009e400000| Untracked 
| 485|0x000000009e500000, 0x000000009e500000, 0x000000009e600000|  0%| F|  |TAMS 0x000000009e500000, 0x000000009e500000| Untracked 
| 486|0x000000009e600000, 0x000000009e600000, 0x000000009e700000|  0%| F|  |TAMS 0x000000009e600000, 0x000000009e600000| Untracked 
| 487|0x000000009e700000, 0x000000009e700000, 0x000000009e800000|  0%| F|  |TAMS 0x000000009e700000, 0x000000009e700000| Untracked 
| 488|0x000000009e800000, 0x000000009e800000, 0x000000009e900000|  0%| F|  |TAMS 0x000000009e800000, 0x000000009e800000| Untracked 
| 489|0x000000009e900000, 0x000000009e900000, 0x000000009ea00000|  0%| F|  |TAMS 0x000000009e900000, 0x000000009e900000| Untracked 
| 490|0x000000009ea00000, 0x000000009ea00000, 0x000000009eb00000|  0%| F|  |TAMS 0x000000009ea00000, 0x000000009ea00000| Untracked 
| 491|0x000000009eb00000, 0x000000009eb00000, 0x000000009ec00000|  0%| F|  |TAMS 0x000000009eb00000, 0x000000009eb00000| Untracked 
| 492|0x000000009ec00000, 0x000000009ec00000, 0x000000009ed00000|  0%| F|  |TAMS 0x000000009ec00000, 0x000000009ec00000| Untracked 
| 493|0x000000009ed00000, 0x000000009ed00000, 0x000000009ee00000|  0%| F|  |TAMS 0x000000009ed00000, 0x000000009ed00000| Untracked 
| 494|0x000000009ee00000, 0x000000009ee00000, 0x000000009ef00000|  0%| F|  |TAMS 0x000000009ee00000, 0x000000009ee00000| Untracked 
| 495|0x000000009ef00000, 0x000000009ef00000, 0x000000009f000000|  0%| F|  |TAMS 0x000000009ef00000, 0x000000009ef00000| Untracked 
| 496|0x000000009f000000, 0x000000009f000000, 0x000000009f100000|  0%| F|  |TAMS 0x000000009f000000, 0x000000009f000000| Untracked 
| 497|0x000000009f100000, 0x000000009f100000, 0x000000009f200000|  0%| F|  |TAMS 0x000000009f100000, 0x000000009f100000| Untracked 
| 498|0x000000009f200000, 0x000000009f200000, 0x000000009f300000|  0%| F|  |TAMS 0x000000009f200000, 0x000000009f200000| Untracked 
| 499|0x000000009f300000, 0x000000009f300000, 0x000000009f400000|  0%| F|  |TAMS 0x000000009f300000, 0x000000009f300000| Untracked 
| 500|0x000000009f400000, 0x000000009f400000, 0x000000009f500000|  0%| F|  |TAMS 0x000000009f400000, 0x000000009f400000| Untracked 
| 501|0x000000009f500000, 0x000000009f500000, 0x000000009f600000|  0%| F|  |TAMS 0x000000009f500000, 0x000000009f500000| Untracked 
| 502|0x000000009f600000, 0x000000009f600000, 0x000000009f700000|  0%| F|  |TAMS 0x000000009f600000, 0x000000009f600000| Untracked 
| 503|0x000000009f700000, 0x000000009f700000, 0x000000009f800000|  0%| F|  |TAMS 0x000000009f700000, 0x000000009f700000| Untracked 
| 504|0x000000009f800000, 0x000000009f800000, 0x000000009f900000|  0%| F|  |TAMS 0x000000009f800000, 0x000000009f800000| Untracked 
| 505|0x000000009f900000, 0x000000009f900000, 0x000000009fa00000|  0%| F|  |TAMS 0x000000009f900000, 0x000000009f900000| Untracked 
| 506|0x000000009fa00000, 0x000000009fa00000, 0x000000009fb00000|  0%| F|  |TAMS 0x000000009fa00000, 0x000000009fa00000| Untracked 
| 507|0x000000009fb00000, 0x000000009fb00000, 0x000000009fc00000|  0%| F|  |TAMS 0x000000009fb00000, 0x000000009fb00000| Untracked 
| 508|0x000000009fc00000, 0x000000009fc00000, 0x000000009fd00000|  0%| F|  |TAMS 0x000000009fc00000, 0x000000009fc00000| Untracked 
| 509|0x000000009fd00000, 0x000000009fd00000, 0x000000009fe00000|  0%| F|  |TAMS 0x000000009fd00000, 0x000000009fd00000| Untracked 
| 510|0x000000009fe00000, 0x000000009fe4bc70, 0x000000009ff00000| 29%| E|  |TAMS 0x000000009fe00000, 0x000000009fe00000| Complete 
| 511|0x000000009ff00000, 0x00000000a0000000, 0x00000000a0000000|100%| E|CS|TAMS 0x000000009ff00000, 0x000000009ff00000| Complete 
| 512|0x00000000a0000000, 0x00000000a0100000, 0x00000000a0100000|100%| E|CS|TAMS 0x00000000a0000000, 0x00000000a0000000| Complete 
| 513|0x00000000a0100000, 0x00000000a0200000, 0x00000000a0200000|100%| E|CS|TAMS 0x00000000a0100000, 0x00000000a0100000| Complete 
| 514|0x00000000a0200000, 0x00000000a0300000, 0x00000000a0300000|100%| E|CS|TAMS 0x00000000a0200000, 0x00000000a0200000| Complete 
| 515|0x00000000a0300000, 0x00000000a0400000, 0x00000000a0400000|100%| E|CS|TAMS 0x00000000a0300000, 0x00000000a0300000| Complete 
| 516|0x00000000a0400000, 0x00000000a0500000, 0x00000000a0500000|100%| E|CS|TAMS 0x00000000a0400000, 0x00000000a0400000| Complete 
| 517|0x00000000a0500000, 0x00000000a0600000, 0x00000000a0600000|100%| E|CS|TAMS 0x00000000a0500000, 0x00000000a0500000| Complete 
| 518|0x00000000a0600000, 0x00000000a0700000, 0x00000000a0700000|100%| E|CS|TAMS 0x00000000a0600000, 0x00000000a0600000| Complete 
| 519|0x00000000a0700000, 0x00000000a0800000, 0x00000000a0800000|100%| E|CS|TAMS 0x00000000a0700000, 0x00000000a0700000| Complete 
| 520|0x00000000a0800000, 0x00000000a0900000, 0x00000000a0900000|100%| E|CS|TAMS 0x00000000a0800000, 0x00000000a0800000| Complete 
| 521|0x00000000a0900000, 0x00000000a0a00000, 0x00000000a0a00000|100%| E|CS|TAMS 0x00000000a0900000, 0x00000000a0900000| Complete 
| 522|0x00000000a0a00000, 0x00000000a0b00000, 0x00000000a0b00000|100%| E|CS|TAMS 0x00000000a0a00000, 0x00000000a0a00000| Complete 
| 523|0x00000000a0b00000, 0x00000000a0c00000, 0x00000000a0c00000|100%| E|CS|TAMS 0x00000000a0b00000, 0x00000000a0b00000| Complete 
| 524|0x00000000a0c00000, 0x00000000a0d00000, 0x00000000a0d00000|100%| E|CS|TAMS 0x00000000a0c00000, 0x00000000a0c00000| Complete 
| 525|0x00000000a0d00000, 0x00000000a0e00000, 0x00000000a0e00000|100%| E|CS|TAMS 0x00000000a0d00000, 0x00000000a0d00000| Complete 
| 526|0x00000000a0e00000, 0x00000000a0f00000, 0x00000000a0f00000|100%| E|CS|TAMS 0x00000000a0e00000, 0x00000000a0e00000| Complete 
| 527|0x00000000a0f00000, 0x00000000a1000000, 0x00000000a1000000|100%| E|CS|TAMS 0x00000000a0f00000, 0x00000000a0f00000| Complete 
| 528|0x00000000a1000000, 0x00000000a1100000, 0x00000000a1100000|100%| E|CS|TAMS 0x00000000a1000000, 0x00000000a1000000| Complete 
| 529|0x00000000a1100000, 0x00000000a1200000, 0x00000000a1200000|100%| E|CS|TAMS 0x00000000a1100000, 0x00000000a1100000| Complete 
| 530|0x00000000a1200000, 0x00000000a1300000, 0x00000000a1300000|100%| E|CS|TAMS 0x00000000a1200000, 0x00000000a1200000| Complete 
| 531|0x00000000a1300000, 0x00000000a1400000, 0x00000000a1400000|100%| E|CS|TAMS 0x00000000a1300000, 0x00000000a1300000| Complete 
| 532|0x00000000a1400000, 0x00000000a1500000, 0x00000000a1500000|100%| E|CS|TAMS 0x00000000a1400000, 0x00000000a1400000| Complete 
| 533|0x00000000a1500000, 0x00000000a1600000, 0x00000000a1600000|100%| E|CS|TAMS 0x00000000a1500000, 0x00000000a1500000| Complete 
| 534|0x00000000a1600000, 0x00000000a1700000, 0x00000000a1700000|100%| E|CS|TAMS 0x00000000a1600000, 0x00000000a1600000| Complete 

Card table byte_map: [0x0000023a667a0000,0x0000023a66ba0000] _byte_map_base: 0x0000023a663a0000

Marking Bits (Prev, Next): (CMBitMap*) 0x0000023a4f33ee20, (CMBitMap*) 0x0000023a4f33ee60
 Prev Bits: [0x0000023a66fa0000, 0x0000023a68fa0000)
 Next Bits: [0x0000023a68fa0000, 0x0000023a6afa0000)

Polling page: 0x0000023a4d540000

Metaspace:

Usage:
  Non-class:    130.57 MB used.
      Class:     19.52 MB used.
       Both:    150.09 MB used.

Virtual space:
  Non-class space:      192.00 MB reserved,     131.62 MB ( 69%) committed,  3 nodes.
      Class space:      416.00 MB reserved,      20.44 MB (  5%) committed,  1 nodes.
             Both:      608.00 MB reserved,     152.06 MB ( 25%) committed. 

Chunk freelists:
   Non-Class:  11.95 MB
       Class:  11.41 MB
        Both:  23.36 MB

MaxMetaspaceSize: 512.00 MB
CompressedClassSpaceSize: 416.00 MB
Initial GC threshold: 21.00 MB
Current GC threshold: 199.19 MB
CDS: on
MetaspaceReclaimPolicy: balanced
 - commit_granule_bytes: 65536.
 - commit_granule_words: 8192.
 - virtual_space_node_default_size: 8388608.
 - enlarge_chunks_in_place: 1.
 - new_chunks_are_fully_committed: 0.
 - uncommit_free_chunks: 1.
 - use_allocation_guard: 0.
 - handle_deallocations: 1.


Internal statistics:

num_allocs_failed_limit: 6.
num_arena_births: 2922.
num_arena_deaths: 0.
num_vsnodes_births: 4.
num_vsnodes_deaths: 0.
num_space_committed: 2431.
num_space_uncommitted: 0.
num_chunks_returned_to_freelist: 6.
num_chunks_taken_from_freelist: 10161.
num_chunk_merges: 6.
num_chunk_splits: 6477.
num_chunks_enlarged: 3970.
num_inconsistent_stats: 0.

CodeHeap 'non-profiled nmethods': size=120000Kb used=23498Kb max_used=23498Kb free=96501Kb
 bounds [0x0000023a5e920000, 0x0000023a60020000, 0x0000023a65e50000]
CodeHeap 'profiled nmethods': size=120000Kb used=52016Kb max_used=52378Kb free=67983Kb
 bounds [0x0000023a56e50000, 0x0000023a5a180000, 0x0000023a5e380000]
CodeHeap 'non-nmethods': size=5760Kb used=2538Kb max_used=2630Kb free=3221Kb
 bounds [0x0000023a5e380000, 0x0000023a5e620000, 0x0000023a5e920000]
 total_blobs=26563 nmethods=25469 adapters=1005
 compilation: enabled
              stopped_count=0, restarted_count=0
 full_count=0

Compilation events (20 events):
Event: 241.713 Thread 0x0000023a7200bbc0 nmethod 33575 0x0000023a59d11110 code [0x0000023a59d112c0, 0x0000023a59d114f8]
Event: 241.713 Thread 0x0000023a7200bbc0 33576       3       org.gradle.api.internal.tasks.compile.incremental.recomp.CurrentCompilationAccess$$Lambda$3196/0x0000023a02330fb0::test (8 bytes)
Event: 241.714 Thread 0x0000023a7200bbc0 nmethod 33576 0x0000023a596d7510 code [0x0000023a596d76c0, 0x0000023a596d7978]
Event: 241.714 Thread 0x0000023a7200bbc0 33577       3       com.google.common.collect.Lists$ReverseList$1::next (30 bytes)
Event: 241.715 Thread 0x0000023a7200bbc0 nmethod 33577 0x0000023a596d6d90 code [0x0000023a596d6f80, 0x0000023a596d73a8]
Event: 241.715 Thread 0x0000023a7200bbc0 33578       3       org.gradle.api.internal.tasks.compile.incremental.deps.ClassSetAnalysisData$$Lambda$3197/0x0000023a023311f8::<init> (10 bytes)
Event: 241.715 Thread 0x0000023a7200bbc0 nmethod 33578 0x0000023a59643190 code [0x0000023a59643340, 0x0000023a596434f8]
Event: 241.765 Thread 0x0000023a7200f740 33579 %     4       org.gradle.api.internal.tasks.compile.incremental.deps.ClassSetAnalysisData::reduceToTypesAffecting @ 116 (578 bytes)
Event: 242.124 Thread 0x0000023a7200bbc0 33581       3       com.google.common.collect.Maps$$Lambda$1994/0x0000023a01a6fc40::apply (12 bytes)
Event: 242.125 Thread 0x0000023a7200bbc0 nmethod 33581 0x0000023a59feac10 code [0x0000023a59feae20, 0x0000023a59feb5f8]
Event: 242.125 Thread 0x0000023a7200bbc0 33582       3       com.google.common.collect.Maps::lambda$asEntryToEntryFunction$3 (6 bytes)
Event: 242.126 Thread 0x0000023a7200bbc0 nmethod 33582 0x0000023a59fea190 code [0x0000023a59fea3a0, 0x0000023a59fea9d8]
Event: 242.126 Thread 0x0000023a7200bbc0 33583       3       com.google.common.collect.Maps$9::getKey (10 bytes)
Event: 242.126 Thread 0x0000023a7200bbc0 nmethod 33583 0x0000023a596d6890 code [0x0000023a596d6a40, 0x0000023a596d6c08]
Event: 242.127 Thread 0x0000023a7200bbc0 33584       3       org.gradle.internal.execution.history.impl.FileCollectionFingerprintSerializer::write (10 bytes)
Event: 242.128 Thread 0x0000023a7200bbc0 nmethod 33584 0x0000023a59fe9c90 code [0x0000023a59fe9e40, 0x0000023a59fea0a8]
Event: 242.128 Thread 0x0000023a7200bbc0 33585       3       org.gradle.internal.execution.history.impl.FileCollectionFingerprintSerializer::write (55 bytes)
Event: 242.129 Thread 0x0000023a7200bbc0 nmethod 33585 0x0000023a5956fb10 code [0x0000023a5956fd60, 0x0000023a595707c8]
Event: 242.129 Thread 0x0000023a7200bbc0 33586       3       org.gradle.execution.plan.edges.DependencySuccessorsOnlyNodeSet::discardCompletedNodes (75 bytes)
Event: 242.131 Thread 0x0000023a7200bbc0 nmethod 33586 0x0000023a5956e510 code [0x0000023a5956e7a0, 0x0000023a5956f7d8]

GC Heap History (20 events):
Event: 222.035 GC heap before
{Heap before GC invocations=126 (full 0):
 garbage-first heap   total 547840K, used 470930K [0x0000000080000000, 0x0000000100000000)
  region size 1024K, 86 young (88064K), 8 survivors (8192K)
 Metaspace       used 153055K, committed 155072K, reserved 622592K
  class space    used 19959K, committed 20864K, reserved 425984K
}
Event: 222.046 GC heap after
{Heap after GC invocations=127 (full 0):
 garbage-first heap   total 547840K, used 392784K [0x0000000080000000, 0x0000000100000000)
  region size 1024K, 4 young (4096K), 4 survivors (4096K)
 Metaspace       used 153055K, committed 155072K, reserved 622592K
  class space    used 19959K, committed 20864K, reserved 425984K
}
Event: 229.334 GC heap before
{Heap before GC invocations=127 (full 0):
 garbage-first heap   total 547840K, used 474704K [0x0000000080000000, 0x0000000100000000)
  region size 1024K, 85 young (87040K), 4 survivors (4096K)
 Metaspace       used 153089K, committed 155072K, reserved 622592K
  class space    used 19959K, committed 20864K, reserved 425984K
}
Event: 229.344 GC heap after
{Heap after GC invocations=128 (full 0):
 garbage-first heap   total 547840K, used 395434K [0x0000000080000000, 0x0000000100000000)
  region size 1024K, 7 young (7168K), 7 survivors (7168K)
 Metaspace       used 153089K, committed 155072K, reserved 622592K
  class space    used 19959K, committed 20864K, reserved 425984K
}
Event: 229.898 GC heap before
{Heap before GC invocations=128 (full 0):
 garbage-first heap   total 547840K, used 474282K [0x0000000080000000, 0x0000000100000000)
  region size 1024K, 85 young (87040K), 7 survivors (7168K)
 Metaspace       used 153093K, committed 155072K, reserved 622592K
  class space    used 19959K, committed 20864K, reserved 425984K
}
Event: 229.906 GC heap after
{Heap after GC invocations=129 (full 0):
 garbage-first heap   total 547840K, used 395489K [0x0000000080000000, 0x0000000100000000)
  region size 1024K, 6 young (6144K), 6 survivors (6144K)
 Metaspace       used 153093K, committed 155072K, reserved 622592K
  class space    used 19959K, committed 20864K, reserved 425984K
}
Event: 230.322 GC heap before
{Heap before GC invocations=129 (full 0):
 garbage-first heap   total 547840K, used 477409K [0x0000000080000000, 0x0000000100000000)
  region size 1024K, 87 young (89088K), 6 survivors (6144K)
 Metaspace       used 153164K, committed 155136K, reserved 622592K
  class space    used 19963K, committed 20864K, reserved 425984K
}
Event: 230.333 GC heap after
{Heap after GC invocations=130 (full 0):
 garbage-first heap   total 547840K, used 396945K [0x0000000080000000, 0x0000000100000000)
  region size 1024K, 7 young (7168K), 7 survivors (7168K)
 Metaspace       used 153164K, committed 155136K, reserved 622592K
  class space    used 19963K, committed 20864K, reserved 425984K
}
Event: 230.628 GC heap before
{Heap before GC invocations=130 (full 0):
 garbage-first heap   total 547840K, used 478865K [0x0000000080000000, 0x0000000100000000)
  region size 1024K, 89 young (91136K), 7 survivors (7168K)
 Metaspace       used 153178K, committed 155136K, reserved 622592K
  class space    used 19963K, committed 20864K, reserved 425984K
}
Event: 230.641 GC heap after
{Heap after GC invocations=131 (full 0):
 garbage-first heap   total 547840K, used 398261K [0x0000000080000000, 0x0000000100000000)
  region size 1024K, 5 young (5120K), 5 survivors (5120K)
 Metaspace       used 153178K, committed 155136K, reserved 622592K
  class space    used 19963K, committed 20864K, reserved 425984K
}
Event: 230.786 GC heap before
{Heap before GC invocations=131 (full 0):
 garbage-first heap   total 547840K, used 479157K [0x0000000080000000, 0x0000000100000000)
  region size 1024K, 85 young (87040K), 5 survivors (5120K)
 Metaspace       used 153181K, committed 155136K, reserved 622592K
  class space    used 19963K, committed 20864K, reserved 425984K
}
Event: 230.792 GC heap after
{Heap after GC invocations=132 (full 0):
 garbage-first heap   total 547840K, used 398638K [0x0000000080000000, 0x0000000100000000)
  region size 1024K, 5 young (5120K), 5 survivors (5120K)
 Metaspace       used 153181K, committed 155136K, reserved 622592K
  class space    used 19963K, committed 20864K, reserved 425984K
}
Event: 230.963 GC heap before
{Heap before GC invocations=132 (full 0):
 garbage-first heap   total 547840K, used 481582K [0x0000000080000000, 0x0000000100000000)
  region size 1024K, 87 young (89088K), 5 survivors (5120K)
 Metaspace       used 153207K, committed 155136K, reserved 622592K
  class space    used 19963K, committed 20864K, reserved 425984K
}
Event: 230.969 GC heap after
{Heap after GC invocations=133 (full 0):
 garbage-first heap   total 547840K, used 397050K [0x0000000080000000, 0x0000000100000000)
  region size 1024K, 4 young (4096K), 4 survivors (4096K)
 Metaspace       used 153207K, committed 155136K, reserved 622592K
  class space    used 19963K, committed 20864K, reserved 425984K
}
Event: 231.834 GC heap before
{Heap before GC invocations=133 (full 0):
 garbage-first heap   total 547840K, used 483066K [0x0000000080000000, 0x0000000100000000)
  region size 1024K, 88 young (90112K), 4 survivors (4096K)
 Metaspace       used 153221K, committed 155200K, reserved 622592K
  class space    used 19963K, committed 20864K, reserved 425984K
}
Event: 231.839 GC heap after
{Heap after GC invocations=134 (full 0):
 garbage-first heap   total 547840K, used 396296K [0x0000000080000000, 0x0000000100000000)
  region size 1024K, 3 young (3072K), 3 survivors (3072K)
 Metaspace       used 153221K, committed 155200K, reserved 622592K
  class space    used 19963K, committed 20864K, reserved 425984K
}
Event: 239.255 GC heap before
{Heap before GC invocations=134 (full 0):
 garbage-first heap   total 547840K, used 489480K [0x0000000080000000, 0x0000000100000000)
  region size 1024K, 89 young (91136K), 3 survivors (3072K)
 Metaspace       used 153602K, committed 155648K, reserved 622592K
  class space    used 19984K, committed 20928K, reserved 425984K
}
Event: 239.269 GC heap after
{Heap after GC invocations=135 (full 0):
 garbage-first heap   total 547840K, used 407365K [0x0000000080000000, 0x0000000100000000)
  region size 1024K, 10 young (10240K), 10 survivors (10240K)
 Metaspace       used 153602K, committed 155648K, reserved 622592K
  class space    used 19984K, committed 20928K, reserved 425984K
}
Event: 241.134 GC heap before
{Heap before GC invocations=135 (full 0):
 garbage-first heap   total 547840K, used 476997K [0x0000000080000000, 0x0000000100000000)
  region size 1024K, 79 young (80896K), 10 survivors (10240K)
 Metaspace       used 153658K, committed 155712K, reserved 622592K
  class space    used 19985K, committed 20928K, reserved 425984K
}
Event: 241.143 GC heap after
{Heap after GC invocations=136 (full 0):
 garbage-first heap   total 547840K, used 400140K [0x0000000080000000, 0x0000000100000000)
  region size 1024K, 2 young (2048K), 2 survivors (2048K)
 Metaspace       used 153658K, committed 155712K, reserved 622592K
  class space    used 19985K, committed 20928K, reserved 425984K
}

Dll operation events (16 events):
Event: 0.017 Loaded shared library C:\Program Files\Microsoft\jdk-17.0.17.10-hotspot\bin\java.dll
Event: 0.045 Loaded shared library C:\Program Files\Microsoft\jdk-17.0.17.10-hotspot\bin\jsvml.dll
Event: 0.135 Loaded shared library C:\Program Files\Microsoft\jdk-17.0.17.10-hotspot\bin\zip.dll
Event: 0.143 Loaded shared library C:\Program Files\Microsoft\jdk-17.0.17.10-hotspot\bin\instrument.dll
Event: 0.154 Loaded shared library C:\Program Files\Microsoft\jdk-17.0.17.10-hotspot\bin\net.dll
Event: 0.157 Loaded shared library C:\Program Files\Microsoft\jdk-17.0.17.10-hotspot\bin\nio.dll
Event: 0.162 Loaded shared library C:\Program Files\Microsoft\jdk-17.0.17.10-hotspot\bin\zip.dll
Event: 0.621 Loaded shared library C:\Program Files\Microsoft\jdk-17.0.17.10-hotspot\bin\jimage.dll
Event: 1.124 Loaded shared library C:\Program Files\Microsoft\jdk-17.0.17.10-hotspot\bin\verify.dll
Event: 1.234 Loaded shared library C:\Users\HP\.gradle\native\1def1411415f61bf3af743bc5b6707747c0891f09f0c88961ee8f79bc544acac\windows-amd64\native-platform.dll
Event: 1.272 Loaded shared library C:\Users\HP\.gradle\native\0.2.8\x86_64-windows-gnu\gradle-fileevents.dll
Event: 3.301 Loaded shared library C:\Program Files\Microsoft\jdk-17.0.17.10-hotspot\bin\management.dll
Event: 3.307 Loaded shared library C:\Program Files\Microsoft\jdk-17.0.17.10-hotspot\bin\management_ext.dll
Event: 3.833 Loaded shared library C:\Program Files\Microsoft\jdk-17.0.17.10-hotspot\bin\extnet.dll
Event: 4.295 Loaded shared library C:\Program Files\Microsoft\jdk-17.0.17.10-hotspot\bin\sunmscapi.dll
Event: 204.664 Loaded shared library C:\Program Files\Microsoft\jdk-17.0.17.10-hotspot\bin\rmi.dll

Deoptimization events (20 events):
Event: 239.160 Thread 0x0000023a752e5050 Uncommon trap: trap_request=0xffffff45 fr.pc=0x0000023a5fb91238 relative=0x00000000000023f8
Event: 239.160 Thread 0x0000023a752e5050 Uncommon trap: reason=unstable_if action=reinterpret pc=0x0000023a5fb91238 method=com.sun.tools.javac.code.Scope$ScopeImpl.remove(Lcom/sun/tools/javac/code/Symbol;)V @ 110 c2
Event: 239.160 Thread 0x0000023a752e5050 DEOPT PACKING pc=0x0000023a5fb91238 sp=0x000000ced21f8600
Event: 239.160 Thread 0x0000023a752e5050 DEOPT UNPACKING pc=0x0000023a5e3d69a3 sp=0x000000ced21f8558 mode 2
Event: 239.330 Thread 0x0000023a752e5050 Uncommon trap: trap_request=0xffffffc6 fr.pc=0x0000023a5fec9bb4 relative=0x0000000000002f14
Event: 239.330 Thread 0x0000023a752e5050 Uncommon trap: reason=bimorphic_or_optimized_type_check action=maybe_recompile pc=0x0000023a5fec9bb4 method=com.sun.tools.javac.comp.Check.checkDeprecated(Ljava/util/function/Supplier;Lcom/sun/tools/javac/code/Symbol;Lcom/sun/tools/javac/code/Symbol;)V @ 
Event: 239.330 Thread 0x0000023a752e5050 DEOPT PACKING pc=0x0000023a5fec9bb4 sp=0x000000ced21f8e70
Event: 239.330 Thread 0x0000023a752e5050 DEOPT UNPACKING pc=0x0000023a5e3d69a3 sp=0x000000ced21f8d50 mode 2
Event: 239.507 Thread 0x0000023a752e5050 Uncommon trap: trap_request=0xffffff45 fr.pc=0x0000023a5fe90ca0 relative=0x00000000000028c0
Event: 239.507 Thread 0x0000023a752e5050 Uncommon trap: reason=unstable_if action=reinterpret pc=0x0000023a5fe90ca0 method=com.sun.tools.javac.code.Types$SignatureGenerator.assembleSig(Lcom/sun/tools/javac/code/Type;)V @ 11 c2
Event: 239.507 Thread 0x0000023a752e5050 DEOPT PACKING pc=0x0000023a5fe90ca0 sp=0x000000ced21f8ea0
Event: 239.507 Thread 0x0000023a752e5050 DEOPT UNPACKING pc=0x0000023a5e3d69a3 sp=0x000000ced21f8e98 mode 2
Event: 239.507 Thread 0x0000023a752e5050 Uncommon trap: trap_request=0xffffff45 fr.pc=0x0000023a5fb2a0dc relative=0x0000000000005cdc
Event: 239.507 Thread 0x0000023a752e5050 Uncommon trap: reason=unstable_if action=reinterpret pc=0x0000023a5fb2a0dc method=com.sun.tools.javac.jvm.Code.emitop0(I)V @ 14 c2
Event: 239.507 Thread 0x0000023a752e5050 DEOPT PACKING pc=0x0000023a5fb2a0dc sp=0x000000ced21f8670
Event: 239.507 Thread 0x0000023a752e5050 DEOPT UNPACKING pc=0x0000023a5e3d69a3 sp=0x000000ced21f8650 mode 2
Event: 239.528 Thread 0x0000023a752e5050 Uncommon trap: trap_request=0xffffffc6 fr.pc=0x0000023a5f8c58e4 relative=0x00000000000001a4
Event: 239.528 Thread 0x0000023a752e5050 Uncommon trap: reason=bimorphic_or_optimized_type_check action=maybe_recompile pc=0x0000023a5f8c58e4 method=com.sun.tools.javac.jvm.Items$Item.coerce(I)Lcom/sun/tools/javac/jvm/Items$Item; @ 11 c2
Event: 239.528 Thread 0x0000023a752e5050 DEOPT PACKING pc=0x0000023a5f8c58e4 sp=0x000000ced21f8cf0
Event: 239.528 Thread 0x0000023a752e5050 DEOPT UNPACKING pc=0x0000023a5e3d69a3 sp=0x000000ced21f8c68 mode 2

Classes loaded (20 events):
Event: 204.891 Loading class sun/rmi/server/LoaderHandler$Loader
Event: 204.892 Loading class sun/rmi/server/LoaderHandler$Loader done
Event: 204.921 Loading class java/rmi/server/ServerNotActiveException
Event: 204.922 Loading class java/rmi/server/ServerNotActiveException done
Event: 204.931 Loading class sun/rmi/transport/DGCAckHandler
Event: 204.932 Loading class sun/rmi/transport/DGCAckHandler done
Event: 204.957 Loading class sun/rmi/transport/DGCAckHandler$1
Event: 204.957 Loading class sun/rmi/transport/DGCAckHandler$1 done
Event: 205.061 Loading class sun/rmi/transport/tcp/TCPTransport$ConnectionHandler
Event: 205.061 Loading class sun/rmi/transport/tcp/TCPTransport$ConnectionHandler done
Event: 205.080 Loading class sun/rmi/transport/Transport$1
Event: 205.081 Loading class sun/rmi/transport/Transport$1 done
Event: 205.084 Loading class sun/rmi/transport/DGCImpl$LeaseInfo
Event: 205.084 Loading class sun/rmi/transport/DGCImpl$LeaseInfo done
Event: 205.084 Loading class sun/rmi/transport/DGCImpl$1
Event: 205.085 Loading class sun/rmi/transport/DGCImpl$1 done
Event: 205.085 Loading class sun/rmi/transport/SequenceEntry
Event: 205.085 Loading class sun/rmi/transport/SequenceEntry done
Event: 207.011 Loading class java/text/MessageFormat$Field
Event: 207.012 Loading class java/text/MessageFormat$Field done

Classes unloaded (0 events):
No events

Classes redefined (0 events):
No events

Internal exceptions (20 events):
Event: 232.282 Thread 0x0000023a752e5f80 Exception <a 'sun/nio/fs/WindowsException'{0x00000000a0fb8058}> (0x00000000a0fb8058) 
thrown [s\src\hotspot\share\prims\jni.cpp, line 516]
Event: 232.283 Thread 0x0000023a791f1e60 Exception <a 'sun/nio/fs/WindowsException'{0x00000000a0fbdbf0}> (0x00000000a0fbdbf0) 
thrown [s\src\hotspot\share\prims\jni.cpp, line 516]
Event: 232.296 Thread 0x0000023a752e5050 Exception <a 'sun/nio/fs/WindowsException'{0x00000000a0fd2e38}> (0x00000000a0fd2e38) 
thrown [s\src\hotspot\share\prims\jni.cpp, line 516]
Event: 232.297 Thread 0x0000023a752e5050 Exception <a 'sun/nio/fs/WindowsException'{0x00000000a0fd5668}> (0x00000000a0fd5668) 
thrown [s\src\hotspot\share\prims\jni.cpp, line 516]
Event: 232.298 Thread 0x0000023a752e5050 Exception <a 'sun/nio/fs/WindowsException'{0x00000000a0fdba40}> (0x00000000a0fdba40) 
thrown [s\src\hotspot\share\prims\jni.cpp, line 516]
Event: 236.541 Thread 0x0000023a752e5050 Exception <a 'sun/nio/fs/WindowsException'{0x000000009dc89a80}> (0x000000009dc89a80) 
thrown [s\src\hotspot\share\prims\jni.cpp, line 516]
Event: 239.531 Thread 0x0000023a752e5050 Exception <a 'sun/nio/fs/WindowsException'{0x00000000a105e748}> (0x00000000a105e748) 
thrown [s\src\hotspot\share\prims\jni.cpp, line 516]
Event: 239.534 Thread 0x0000023a752e5050 Exception <a 'sun/nio/fs/WindowsException'{0x00000000a105f9f8}> (0x00000000a105f9f8) 
thrown [s\src\hotspot\share\prims\jni.cpp, line 516]
Event: 239.534 Thread 0x0000023a752e5050 Exception <a 'sun/nio/fs/WindowsException'{0x00000000a1060a58}> (0x00000000a1060a58) 
thrown [s\src\hotspot\share\prims\jni.cpp, line 516]
Event: 239.535 Thread 0x0000023a752e5050 Exception <a 'sun/nio/fs/WindowsException'{0x00000000a1061cc0}> (0x00000000a1061cc0) 
thrown [s\src\hotspot\share\prims\jni.cpp, line 516]
Event: 239.535 Thread 0x0000023a752e5050 Exception <a 'sun/nio/fs/WindowsException'{0x00000000a1063c08}> (0x00000000a1063c08) 
thrown [s\src\hotspot\share\prims\jni.cpp, line 516]
Event: 239.574 Thread 0x0000023a752e5050 Exception <a 'sun/nio/fs/WindowsException'{0x00000000a0f00b38}> (0x00000000a0f00b38) 
thrown [s\src\hotspot\share\prims\jni.cpp, line 516]
Event: 239.593 Thread 0x0000023a752e5050 Exception <a 'sun/nio/fs/WindowsException'{0x00000000a0fa0478}> (0x00000000a0fa0478) 
thrown [s\src\hotspot\share\prims\jni.cpp, line 516]
Event: 239.606 Thread 0x0000023a752e5050 Exception <a 'sun/nio/fs/WindowsException'{0x00000000a0fa91a8}> (0x00000000a0fa91a8) 
thrown [s\src\hotspot\share\prims\jni.cpp, line 516]
Event: 239.619 Thread 0x0000023a752e5050 Exception <a 'sun/nio/fs/WindowsException'{0x00000000a0fb0628}> (0x00000000a0fb0628) 
thrown [s\src\hotspot\share\prims\jni.cpp, line 516]
Event: 239.632 Thread 0x0000023a752e5050 Exception <a 'sun/nio/fs/WindowsException'{0x00000000a0fbd238}> (0x00000000a0fbd238) 
thrown [s\src\hotspot\share\prims\jni.cpp, line 516]
Event: 242.138 Thread 0x0000023a752e5050 Exception <a 'sun/nio/fs/WindowsException'{0x00000000a00f8c68}> (0x00000000a00f8c68) 
thrown [s\src\hotspot\share\prims\jni.cpp, line 516]
Event: 242.156 Thread 0x0000023a752e5050 Exception <a 'sun/nio/fs/WindowsException'{0x000000009ff41660}> (0x000000009ff41660) 
thrown [s\src\hotspot\share\prims\jni.cpp, line 516]
Event: 242.157 Thread 0x0000023a752e5050 Exception <a 'sun/nio/fs/WindowsException'{0x000000009ff42550}> (0x000000009ff42550) 
thrown [s\src\hotspot\share\prims\jni.cpp, line 516]
Event: 242.157 Thread 0x0000023a752e5050 Exception <a 'sun/nio/fs/WindowsException'{0x000000009ff42708}> (0x000000009ff42708) 
thrown [s\src\hotspot\share\prims\jni.cpp, line 516]

VM Operations (20 events):
Event: 233.840 Executing VM operation: Cleanup
Event: 233.840 Executing VM operation: Cleanup done
Event: 234.840 Executing VM operation: Cleanup
Event: 234.840 Executing VM operation: Cleanup done
Event: 235.841 Executing VM operation: Cleanup
Event: 235.841 Executing VM operation: Cleanup done
Event: 236.842 Executing VM operation: Cleanup
Event: 236.842 Executing VM operation: Cleanup done
Event: 238.843 Executing VM operation: Cleanup
Event: 238.843 Executing VM operation: Cleanup done
Event: 239.255 Executing VM operation: G1CollectForAllocation
Event: 239.269 Executing VM operation: G1CollectForAllocation done
Event: 240.269 Executing VM operation: Cleanup
Event: 240.269 Executing VM operation: Cleanup done
Event: 240.504 Executing VM operation: HandshakeAllThreads
Event: 240.504 Executing VM operation: HandshakeAllThreads done
Event: 241.134 Executing VM operation: G1CollectForAllocation
Event: 241.143 Executing VM operation: G1CollectForAllocation done
Event: 242.143 Executing VM operation: Cleanup
Event: 242.143 Executing VM operation: Cleanup done

Memory protections (0 events):
No events

Nmethod flushes (20 events):
Event: 230.445 Thread 0x0000023a7200cae0 flushing  nmethod 0x0000023a59e7d490
Event: 230.445 Thread 0x0000023a7200cae0 flushing  nmethod 0x0000023a59e7eb10
Event: 230.445 Thread 0x0000023a7200cae0 flushing  nmethod 0x0000023a59e7f790
Event: 230.445 Thread 0x0000023a7200cae0 flushing  nmethod 0x0000023a59e86e90
Event: 230.445 Thread 0x0000023a7200cae0 flushing  nmethod 0x0000023a59e89890
Event: 230.446 Thread 0x0000023a7200cae0 flushing  nmethod 0x0000023a59eaff10
Event: 230.446 Thread 0x0000023a7200cae0 flushing  nmethod 0x0000023a59ebfe10
Event: 230.446 Thread 0x0000023a7200cae0 flushing  nmethod 0x0000023a59ed2110
Event: 230.446 Thread 0x0000023a7200cae0 flushing  nmethod 0x0000023a59ed3310
Event: 230.446 Thread 0x0000023a7200cae0 flushing  nmethod 0x0000023a59ed7190
Event: 230.446 Thread 0x0000023a7200cae0 flushing  nmethod 0x0000023a59ede910
Event: 230.446 Thread 0x0000023a7200cae0 flushing  nmethod 0x0000023a59ef7d90
Event: 230.446 Thread 0x0000023a7200cae0 flushing  nmethod 0x0000023a59ef8110
Event: 230.446 Thread 0x0000023a7200cae0 flushing  nmethod 0x0000023a59f09f10
Event: 230.447 Thread 0x0000023a7200cae0 flushing  nmethod 0x0000023a59faa890
Event: 230.447 Thread 0x0000023a7200cae0 flushing  nmethod 0x0000023a59fd1a90
Event: 230.448 Thread 0x0000023a7200cae0 flushing  nmethod 0x0000023a59fe8e90
Event: 230.448 Thread 0x0000023a7200cae0 flushing  nmethod 0x0000023a5a060510
Event: 230.449 Thread 0x0000023a7200cae0 flushing  nmethod 0x0000023a5a12d490
Event: 230.449 Thread 0x0000023a7200cae0 flushing  nmethod 0x0000023a5a130510

Events (20 events):
Event: 212.724 Thread 0x0000023a7200bbc0 Thread added: 0x0000023a1b5acb00
Event: 212.762 Thread 0x0000023a7200bbc0 Thread added: 0x0000023a1b5ad050
Event: 219.618 Thread 0x0000023a1b5ad050 Thread exited: 0x0000023a1b5ad050
Event: 220.304 Thread 0x0000023a7200f740 Thread added: 0x0000023a7fdbc8b0
Event: 221.439 Thread 0x0000023a7fdbc8b0 Thread exited: 0x0000023a7fdbc8b0
Event: 221.439 Thread 0x0000023a1b5acb00 Thread exited: 0x0000023a1b5acb00
Event: 222.353 Thread 0x0000023a7200f740 Thread added: 0x0000023a7fdbd8a0
Event: 222.996 Thread 0x0000023a7fdbd8a0 Thread exited: 0x0000023a7fdbd8a0
Event: 225.728 Thread 0x0000023a1b40a8a0 Thread exited: 0x0000023a1b40a8a0
Event: 225.728 Thread 0x0000023a1b40a390 Thread exited: 0x0000023a1b40a390
Event: 225.765 Thread 0x0000023a7ec88740 Thread exited: 0x0000023a7ec88740
Event: 229.212 Thread 0x0000023a7200bbc0 Thread added: 0x0000023a77e30780
Event: 229.245 Thread 0x0000023a7200bbc0 Thread added: 0x0000023a77e30230
Event: 229.665 Thread 0x0000023a77e30230 Thread exited: 0x0000023a77e30230
Event: 229.991 Thread 0x0000023a7200f740 Thread added: 0x0000023a7fdbc8b0
Event: 232.115 Thread 0x0000023a748916b0 Thread added: 0x0000023a791f61a0
Event: 233.235 Thread 0x0000023a7fdbc8b0 Thread exited: 0x0000023a7fdbc8b0
Event: 233.235 Thread 0x0000023a77e30780 Thread exited: 0x0000023a77e30780
Event: 239.164 Thread 0x0000023a7200bbc0 Thread added: 0x0000023a7faacd60
Event: 240.050 Thread 0x0000023a7faacd60 Thread exited: 0x0000023a7faacd60


Dynamic libraries:
0x00007ff6f5030000 - 0x00007ff6f503e000 	C:\Program Files\Microsoft\jdk-17.0.17.10-hotspot\bin\java.exe
0x00007ff981b40000 - 0x00007ff981da7000 	C:\WINDOWS\SYSTEM32\ntdll.dll
0x00007ff980b30000 - 0x00007ff980bf9000 	C:\WINDOWS\System32\KERNEL32.DLL
0x00007ff97e9a0000 - 0x00007ff97ed94000 	C:\WINDOWS\System32\KERNELBASE.dll
0x00007ff97e790000 - 0x00007ff97e8db000 	C:\WINDOWS\System32\ucrtbase.dll
0x00007ff967360000 - 0x00007ff967378000 	C:\Program Files\Microsoft\jdk-17.0.17.10-hotspot\bin\jli.dll
0x00007ff966090000 - 0x00007ff9660ae000 	C:\Program Files\Microsoft\jdk-17.0.17.10-hotspot\bin\VCRUNTIME140.dll
0x00007ff97ff00000 - 0x00007ff9800c5000 	C:\WINDOWS\System32\USER32.dll
0x00007ff97eda0000 - 0x00007ff97edc7000 	C:\WINDOWS\System32\win32u.dll
0x00007ff95f360000 - 0x00007ff95f5f3000 	C:\WINDOWS\WinSxS\amd64_microsoft.windows.common-controls_6595b64144ccf1df_6.0.26100.8115_none_3e075c82e3354f9c\COMCTL32.dll
0x00007ff980110000 - 0x00007ff98013b000 	C:\WINDOWS\System32\GDI32.dll
0x00007ff980a80000 - 0x00007ff980b29000 	C:\WINDOWS\System32\msvcrt.dll
0x00007ff97edd0000 - 0x00007ff97eefb000 	C:\WINDOWS\System32\gdi32full.dll
0x00007ff97efb0000 - 0x00007ff97f053000 	C:\WINDOWS\System32\msvcp_win.dll
0x00007ff9800d0000 - 0x00007ff980102000 	C:\WINDOWS\System32\IMM32.DLL
0x00007ff9673d0000 - 0x00007ff9673dc000 	C:\Program Files\Microsoft\jdk-17.0.17.10-hotspot\bin\vcruntime140_1.dll
0x00007ff904a50000 - 0x00007ff904ad9000 	C:\Program Files\Microsoft\jdk-17.0.17.10-hotspot\bin\msvcp140.dll
0x00007ff8c7d10000 - 0x00007ff8c898a000 	C:\Program Files\Microsoft\jdk-17.0.17.10-hotspot\bin\server\jvm.dll
0x00007ff981160000 - 0x00007ff981216000 	C:\WINDOWS\System32\ADVAPI32.dll
0x00007ff9806f0000 - 0x00007ff980797000 	C:\WINDOWS\System32\sechost.dll
0x00007ff981040000 - 0x00007ff981158000 	C:\WINDOWS\System32\RPCRT4.dll
0x00007ff980140000 - 0x00007ff9801c0000 	C:\WINDOWS\System32\WS2_32.dll
0x00007ff97e290000 - 0x00007ff97e2ee000 	C:\WINDOWS\SYSTEM32\POWRPROF.dll
0x00007ff9751a0000 - 0x00007ff9751d6000 	C:\WINDOWS\SYSTEM32\WINMM.dll
0x00007ff96cc90000 - 0x00007ff96cc9b000 	C:\WINDOWS\SYSTEM32\VERSION.dll
0x00007ff97e270000 - 0x00007ff97e284000 	C:\WINDOWS\SYSTEM32\UMPDC.dll
0x00007ff97d170000 - 0x00007ff97d18b000 	C:\WINDOWS\SYSTEM32\kernel.appcore.dll
0x00007ff967260000 - 0x00007ff96726a000 	C:\Program Files\Microsoft\jdk-17.0.17.10-hotspot\bin\jimage.dll
0x00007ff97c300000 - 0x00007ff97c542000 	C:\WINDOWS\SYSTEM32\DBGHELP.DLL
0x00007ff97fb70000 - 0x00007ff97fef2000 	C:\WINDOWS\System32\combase.dll
0x00007ff97fa90000 - 0x00007ff97fb68000 	C:\WINDOWS\System32\OLEAUT32.dll
0x00007ff95d1a0000 - 0x00007ff95d1db000 	C:\WINDOWS\SYSTEM32\dbgcore.DLL
0x00007ff97ef00000 - 0x00007ff97efa5000 	C:\WINDOWS\System32\bcryptPrimitives.dll
0x00007ff967140000 - 0x00007ff96714f000 	C:\Program Files\Microsoft\jdk-17.0.17.10-hotspot\bin\instrument.dll
0x00007ff955c60000 - 0x00007ff955c86000 	C:\Program Files\Microsoft\jdk-17.0.17.10-hotspot\bin\java.dll
0x00007ff8f96f0000 - 0x00007ff8f97c6000 	C:\Program Files\Microsoft\jdk-17.0.17.10-hotspot\bin\jsvml.dll
0x00007ff981320000 - 0x00007ff981a87000 	C:\WINDOWS\System32\SHELL32.dll
0x00007ff97e620000 - 0x00007ff97e78a000 	C:\WINDOWS\System32\wintypes.dll
0x00007ff97f060000 - 0x00007ff97f8c8000 	C:\WINDOWS\System32\windows.storage.dll
0x00007ff9808a0000 - 0x00007ff980998000 	C:\WINDOWS\System32\SHCORE.dll
0x00007ff981a90000 - 0x00007ff981af6000 	C:\WINDOWS\System32\shlwapi.dll
0x00007ff97e330000 - 0x00007ff97e359000 	C:\WINDOWS\SYSTEM32\profapi.dll
0x00007ff955c40000 - 0x00007ff955c58000 	C:\Program Files\Microsoft\jdk-17.0.17.10-hotspot\bin\zip.dll
0x00007ff955ac0000 - 0x00007ff955adb000 	C:\Program Files\Microsoft\jdk-17.0.17.10-hotspot\bin\net.dll
0x00007ff975250000 - 0x00007ff97537d000 	C:\WINDOWS\SYSTEM32\WINHTTP.dll
0x00007ff97d6f0000 - 0x00007ff97d75c000 	C:\WINDOWS\system32\mswsock.dll
0x00007ff955c20000 - 0x00007ff955c36000 	C:\Program Files\Microsoft\jdk-17.0.17.10-hotspot\bin\nio.dll
0x00007ff955c10000 - 0x00007ff955c20000 	C:\Program Files\Microsoft\jdk-17.0.17.10-hotspot\bin\verify.dll
0x00007ff966230000 - 0x00007ff966257000 	C:\Users\HP\.gradle\native\1def1411415f61bf3af743bc5b6707747c0891f09f0c88961ee8f79bc544acac\windows-amd64\native-platform.dll
0x00007ff9049d0000 - 0x00007ff904a47000 	C:\Users\HP\.gradle\native\0.2.8\x86_64-windows-gnu\gradle-fileevents.dll
0x00007ff955ab0000 - 0x00007ff955aba000 	C:\Program Files\Microsoft\jdk-17.0.17.10-hotspot\bin\management.dll
0x00007ff9558b0000 - 0x00007ff9558bc000 	C:\Program Files\Microsoft\jdk-17.0.17.10-hotspot\bin\management_ext.dll
0x00007ff9809b0000 - 0x00007ff9809b8000 	C:\WINDOWS\System32\PSAPI.DLL
0x00007ff97cb40000 - 0x00007ff97cb72000 	C:\WINDOWS\SYSTEM32\IPHLPAPI.DLL
0x00007ff980e70000 - 0x00007ff980e7a000 	C:\WINDOWS\System32\NSI.dll
0x00007ff976ad0000 - 0x00007ff976aed000 	C:\WINDOWS\SYSTEM32\dhcpcsvc6.DLL
0x00007ff976aa0000 - 0x00007ff976ac5000 	C:\WINDOWS\SYSTEM32\dhcpcsvc.DLL
0x00007ff97cbd0000 - 0x00007ff97cd02000 	C:\WINDOWS\SYSTEM32\DNSAPI.dll
0x00007ff9558a0000 - 0x00007ff9558a9000 	C:\Program Files\Microsoft\jdk-17.0.17.10-hotspot\bin\extnet.dll
0x00007ff97d9f0000 - 0x00007ff97da0b000 	C:\WINDOWS\SYSTEM32\CRYPTSP.dll
0x00007ff97d0d0000 - 0x00007ff97d109000 	C:\WINDOWS\system32\rsaenh.dll
0x00007ff97d7a0000 - 0x00007ff97d7d3000 	C:\WINDOWS\SYSTEM32\USERENV.dll
0x00007ff97e300000 - 0x00007ff97e32a000 	C:\WINDOWS\SYSTEM32\bcrypt.dll
0x00007ff97da10000 - 0x00007ff97da1c000 	C:\WINDOWS\SYSTEM32\CRYPTBASE.dll
0x00007ff955890000 - 0x00007ff95589e000 	C:\Program Files\Microsoft\jdk-17.0.17.10-hotspot\bin\sunmscapi.dll
0x00007ff97e410000 - 0x00007ff97e587000 	C:\WINDOWS\System32\CRYPT32.dll
0x00007ff97dc10000 - 0x00007ff97dc40000 	C:\WINDOWS\SYSTEM32\ncrypt.dll
0x00007ff97dbc0000 - 0x00007ff97dbff000 	C:\WINDOWS\SYSTEM32\NTASN1.dll
0x00007ff9513e0000 - 0x00007ff9513e8000 	C:\WINDOWS\system32\wshunix.dll
0x00007ff97d290000 - 0x00007ff97d2c6000 	C:\WINDOWS\SYSTEM32\ntmarta.dll
0x00007ff96dd60000 - 0x00007ff96dd67000 	C:\Program Files\Microsoft\jdk-17.0.17.10-hotspot\bin\rmi.dll

dbghelp: loaded successfully - version: 4.0.5 - missing functions: none
symbol engine: initialized successfully - sym options: 0x614 - pdb path: .;C:\Program Files\Microsoft\jdk-17.0.17.10-hotspot\bin;C:\WINDOWS\SYSTEM32;C:\WINDOWS\WinSxS\amd64_microsoft.windows.common-controls_6595b64144ccf1df_6.0.26100.8115_none_3e075c82e3354f9c;C:\Program Files\Microsoft\jdk-17.0.17.10-hotspot\bin\server;C:\Users\HP\.gradle\native\1def1411415f61bf3af743bc5b6707747c0891f09f0c88961ee8f79bc544acac\windows-amd64;C:\Users\HP\.gradle\native\0.2.8\x86_64-windows-gnu

VM Arguments:
jvm_args: --add-opens=java.base/java.lang=ALL-UNNAMED --add-opens=java.base/java.lang.invoke=ALL-UNNAMED --add-opens=java.base/java.util=ALL-UNNAMED --add-opens=java.prefs/java.util.prefs=ALL-UNNAMED --add-exports=jdk.compiler/com.sun.tools.javac.api=ALL-UNNAMED --add-exports=jdk.compiler/com.sun.tools.javac.util=ALL-UNNAMED --add-opens=java.base/java.util=ALL-UNNAMED --add-opens=java.prefs/java.util.prefs=ALL-UNNAMED --add-opens=java.base/java.nio.charset=ALL-UNNAMED --add-opens=java.base/java.net=ALL-UNNAMED --add-opens=java.base/java.util.concurrent=ALL-UNNAMED --add-opens=java.base/java.util.concurrent.atomic=ALL-UNNAMED --add-opens=java.xml/javax.xml.namespace=ALL-UNNAMED -XX:MaxMetaspaceSize=512m -Xmx2048m -Dfile.encoding=windows-1252 -Duser.country=IN -Duser.language=en -Duser.variant -javaagent:C:\Users\HP\.gradle\wrapper\dists\gradle-9.0.0-bin\d6wjpkvcgsg3oed0qlfss3wgl\gradle-9.0.0\lib\agents\gradle-instrumentation-agent-9.0.0.jar 
java_command: org.gradle.launcher.daemon.bootstrap.GradleDaemon 9.0.0
java_class_path (initial): C:\Users\HP\.gradle\wrapper\dists\gradle-9.0.0-bin\d6wjpkvcgsg3oed0qlfss3wgl\gradle-9.0.0\lib\gradle-daemon-main-9.0.0.jar
Launcher Type: SUN_STANDARD

[Global flags]
     intx CICompilerCount                          = 4                                         {product} {ergonomic}
   size_t CompressedClassSpaceSize                 = 436207616                                 {product} {ergonomic}
     uint ConcGCThreads                            = 3                                         {product} {ergonomic}
     uint G1ConcRefinementThreads                  = 10                                        {product} {ergonomic}
   size_t G1HeapRegionSize                         = 1048576                                   {product} {ergonomic}
    uintx GCDrainStackTargetSize                   = 64                                        {product} {ergonomic}
   size_t InitialHeapSize                          = 130023424                                 {product} {ergonomic}
   size_t MarkStackSize                            = 4194304                                   {product} {ergonomic}
   size_t MaxHeapSize                              = 2147483648                                {product} {command line}
   size_t MaxMetaspaceSize                         = 536870912                                 {product} {command line}
   size_t MaxNewSize                               = 1287651328                                {product} {ergonomic}
   size_t MinHeapDeltaBytes                        = 1048576                                   {product} {ergonomic}
   size_t MinHeapSize                              = 8388608                                   {product} {ergonomic}
    uintx NonNMethodCodeHeapSize                   = 5839372                                {pd product} {ergonomic}
    uintx NonProfiledCodeHeapSize                  = 122909434                              {pd product} {ergonomic}
    uintx ProfiledCodeHeapSize                     = 122909434                              {pd product} {ergonomic}
    uintx ReservedCodeCacheSize                    = 251658240                              {pd product} {ergonomic}
     bool SegmentedCodeCache                       = true                                      {product} {ergonomic}
   size_t SoftMaxHeapSize                          = 2147483648                             {manageable} {ergonomic}
     bool UseCompressedClassPointers               = true                           {product lp64_product} {ergonomic}
     bool UseCompressedOops                        = true                           {product lp64_product} {ergonomic}
     bool UseG1GC                                  = true                                      {product} {ergonomic}
     bool UseLargePagesIndividualAllocation        = false                                  {pd product} {ergonomic}

Logging:
Log output configuration:
 #0: stdout all=warning uptime,level,tags
 #1: stderr all=off uptime,level,tags

Environment Variables:
JAVA_HOME=C:\Program Files\Microsoft\jdk-17.0.17.10-hotspot\
PATH=D:\RVU-connect\node_modules\.bin;D:\RVU-connect\node_modules\.bin;D:\node_modules\.bin;C:\Program Files\nodejs\node_modules\npm\node_modules\@npmcli\run-script\lib\node-gyp-bin;c:\Users\HP\AppData\Roaming\Code\User\globalStorage\github.copilot-chat\debugCommand;c:\Users\HP\AppData\Roaming\Code\User\globalStorage\github.copilot-chat\copilotCli;C:\Users\HP\AppData\Local\Programs\Microsoft VS Code;C:\Program Files\Microsoft\jdk-17.0.17.10-hotspot\bin;C:\Program Files\Common Files\Oracle\Java\javapath;C:\WINDOWS\system32;C:\WINDOWS;C:\WINDOWS\System32\Wbem;C:\WINDOWS\System32\WindowsPowerShell\v1.0\;C:\WINDOWS\System32\OpenSSH\;C:\MinGW\bin;C:\Program Files\Git\cmd;C:\Program Files\Git\mingw64\bin;C:\Program Files\Git\usr\bin;C:\Program Files\MongoDB\Server\8.2\bin;C:\Users\HP\AppData\Local\nvm;C:\nvm4w\nodejs;C:\ProgramData\chocolatey\bin;C:\Program Files\nodejs\;C:\Program Files\Docker\Docker\resources\bin;C:\Users\HP\flutter\bin;C:\Users\HP\AppData\Local\Pub\Cache\bin;C:\Users\HP\AppData\Local\Programs\Microsoft VS Code\bin;C:\Users\HP\flutter\bin;c:\Users\HP\.vscode\extensions\vscjava.vscode-java-debug-0.59.0\bundled\scripts\noConfigScripts
USERNAME=HP
LANG=en_US.UTF-8
OS=Windows_NT
PROCESSOR_IDENTIFIER=Intel64 Family 6 Model 154 Stepping 4, GenuineIntel
TMP=C:\Users\HP\AppData\Local\Temp
TEMP=C:\Users\HP\AppData\Local\Temp



Periodic native trim disabled


---------------  S Y S T E M  ---------------

OS:
 Windows 11 , 64 bit Build 26100 (10.0.26100.8246)
OS uptime: 0 days 16:15 hours
Hyper-V role detected

CPU: total 12 (initial active 12) (6 cores per cpu, 2 threads per core) family 6 model 154 stepping 4 microcode 0x432, cx8, cmov, fxsr, ht, mmx, 3dnowpref, sse, sse2, sse3, ssse3, sse4.1, sse4.2, popcnt, lzcnt, tsc, tscinvbit, avx, avx2, aes, erms, clmul, bmi1, bmi2, adx, sha, fma, vzeroupper, clflush, clflushopt, clwb, hv
Processor Information for processor 0
  Max Mhz: 1300, Current Mhz: 1300, Mhz Limit: 1300
Processor Information for processor 1
  Max Mhz: 1300, Current Mhz: 1300, Mhz Limit: 1300
Processor Information for processor 2
  Max Mhz: 1300, Current Mhz: 1300, Mhz Limit: 1300
Processor Information for processor 3
  Max Mhz: 1300, Current Mhz: 1300, Mhz Limit: 1300
Processor Information for processor 4
  Max Mhz: 1300, Current Mhz: 900, Mhz Limit: 897
Processor Information for processor 5
  Max Mhz: 1300, Current Mhz: 900, Mhz Limit: 897
Processor Information for processor 6
  Max Mhz: 1300, Current Mhz: 900, Mhz Limit: 897
Processor Information for processor 7
  Max Mhz: 1300, Current Mhz: 900, Mhz Limit: 897
Processor Information for processor 8
  Max Mhz: 1300, Current Mhz: 900, Mhz Limit: 897
Processor Information for processor 9
  Max Mhz: 1300, Current Mhz: 900, Mhz Limit: 897
Processor Information for processor 10
  Max Mhz: 1300, Current Mhz: 900, Mhz Limit: 897
Processor Information for processor 11
  Max Mhz: 1300, Current Mhz: 900, Mhz Limit: 897

Memory: 4k page, system-wide physical 7863M (511M free)
TotalPageFile size 25403M (AvailPageFile size 73M)
current process WorkingSet (physical memory assigned to process): 638M, peak: 710M
current process commit charge ("private bytes"): 1075M, peak: 1087M

vm_info: OpenJDK 64-Bit Server VM (17.0.17+10-LTS) for windows-amd64 JRE (17.0.17+10-LTS), built on Oct 13 2025 22:19:56 by "MicrosoftCorporation" with unknown MS VC++:1944

END.
