#
# There is insufficient memory for the Java Runtime Environment to continue.
# Native memory allocation (mmap) failed to map 476053504 bytes. Error detail: G1 virtual space
# Possible reasons:
#   The system is out of physical RAM or swap space
#   This process is running with CompressedOops enabled, and the Java Heap may be blocking the growth of the native heap
# Possible solutions:
#   Reduce memory load on the system
#   Increase physical memory or swap space
#   Check if swap backing store is full
#   Decrease Java heap size (-Xmx/-Xms)
#   Decrease number of Java threads
#   Decrease Java thread stack sizes (-Xss)
#   Set larger code cache with -XX:ReservedCodeCacheSize=
#   JVM is running with Unscaled Compressed Oops mode in which the Java heap is
#     placed in the first 4GB address space. The Java Heap base address is the
#     maximum limit for the native heap growth. Please use -XX:HeapBaseMinAddress
#     to set the Java Heap base and to place the Java Heap above 4GB virtual address.
# This output file may be truncated or incomplete.
#
#  Out of Memory Error (os_windows.cpp:3690), pid=1936, tid=18940
#
# JRE version: OpenJDK Runtime Environment Microsoft-12574423 (17.0.17+10) (build 17.0.17+10-LTS)
# Java VM: OpenJDK 64-Bit Server VM Microsoft-12574423 (17.0.17+10-LTS, mixed mode, sharing, tiered, compressed oops, compressed class ptrs, g1 gc, windows-amd64)
# No core dump will be written. Minidumps are not enabled by default on client versions of Windows
#

---------------  S U M M A R Y ------------

Command Line: --add-opens=java.base/java.lang=ALL-UNNAMED --add-opens=java.base/java.lang.invoke=ALL-UNNAMED --add-opens=java.base/java.util=ALL-UNNAMED --add-opens=java.prefs/java.util.prefs=ALL-UNNAMED --add-exports=jdk.compiler/com.sun.tools.javac.api=ALL-UNNAMED --add-exports=jdk.compiler/com.sun.tools.javac.util=ALL-UNNAMED --add-opens=java.base/java.util=ALL-UNNAMED --add-opens=java.prefs/java.util.prefs=ALL-UNNAMED --add-opens=java.base/java.nio.charset=ALL-UNNAMED --add-opens=java.base/java.net=ALL-UNNAMED --add-opens=java.base/java.util.concurrent=ALL-UNNAMED --add-opens=java.base/java.util.concurrent.atomic=ALL-UNNAMED --add-opens=java.xml/javax.xml.namespace=ALL-UNNAMED -XX:MaxMetaspaceSize=512m -Xmx2048m -Dfile.encoding=windows-1252 -Duser.country=IN -Duser.language=en -Duser.variant -javaagent:C:\Users\HP\.gradle\wrapper\dists\gradle-9.0.0-bin\d6wjpkvcgsg3oed0qlfss3wgl\gradle-9.0.0\lib\agents\gradle-instrumentation-agent-9.0.0.jar org.gradle.launcher.daemon.bootstrap.GradleDaemon 9.0.0

Host: 12th Gen Intel(R) Core(TM) i5-1235U, 12 cores, 7G,  Windows 11 , 64 bit Build 26100 (10.0.26100.8246)
Time: Mon Apr 27 14:17:39 2026 India Standard Time elapsed time: 210.322624 seconds (0d 0h 3m 30s)

---------------  T H R E A D  ---------------

Current thread (0x000001d86f0e6630):  VMThread "VM Thread" [stack: 0x0000007249100000,0x0000007249200000] [id=18940]

Stack: [0x0000007249100000,0x0000007249200000]
Native frames: (J=compiled Java code, j=interpreted, Vv=VM code, C=native code)
V  [jvm.dll+0x68c459]  (no source info available)
V  [jvm.dll+0x845e09]  (no source info available)
V  [jvm.dll+0x847b78]  (no source info available)
V  [jvm.dll+0x848203]  (no source info available)
V  [jvm.dll+0x24cf6f]  (no source info available)
V  [jvm.dll+0x68b859]  (no source info available)
V  [jvm.dll+0x67fe1a]  (no source info available)
V  [jvm.dll+0x3100f0]  (no source info available)
V  [jvm.dll+0x30ff92]  (no source info available)
V  [jvm.dll+0x3174e9]  (no source info available)
V  [jvm.dll+0x3697c9]  (no source info available)
V  [jvm.dll+0x3699fd]  (no source info available)
V  [jvm.dll+0x2e68fa]  (no source info available)
V  [jvm.dll+0x2e4cf1]  (no source info available)
V  [jvm.dll+0x2e448c]  (no source info available)
V  [jvm.dll+0x328e1b]  (no source info available)
V  [jvm.dll+0x84ca8d]  (no source info available)
V  [jvm.dll+0x84d7a3]  (no source info available)
V  [jvm.dll+0x84dcd4]  (no source info available)
V  [jvm.dll+0x84e0b8]  (no source info available)
V  [jvm.dll+0x84e1ae]  (no source info available)
V  [jvm.dll+0x7f5a5c]  (no source info available)
V  [jvm.dll+0x68d9f7]  (no source info available)
C  [ucrtbase.dll+0x37b0]  (no source info available)
C  [KERNEL32.DLL+0x2e8d7]  (no source info available)
C  [ntdll.dll+0x8c3fc]  (no source info available)

VM_Operation (0x00000072540fa950): G1CollectForAllocation, mode: safepoint, requested by thread 0x000001d86f905e90


---------------  P R O C E S S  ---------------

Threads class SMR info:
_java_thread_list=0x000001d81bf72540, length=214, elements={
0x000001d84e7014d0, 0x000001d86f0ea630, 0x000001d86f0ed120, 0x000001d86f106e90,
0x000001d86f107760, 0x000001d86f108030, 0x000001d86f10ad20, 0x000001d86f10d930,
0x000001d86f10e240, 0x000001d86f126b70, 0x000001d86f256130, 0x000001d86f3c3050,
0x000001d874c21c90, 0x000001d874e0d590, 0x000001d874f76670, 0x000001d86f4b83f0,
0x000001d86fa47a90, 0x000001d86f4f59c0, 0x000001d86fc257c0, 0x000001d86fc25cd0,
0x000001d86fc27620, 0x000001d86fc27110, 0x000001d86fc252b0, 0x000001d86fc26c00,
0x000001d86fc23e70, 0x000001d86fc261e0, 0x000001d86fc266f0, 0x000001d86fc24380,
0x000001d86fc24890, 0x000001d876d70770, 0x000001d876d725d0, 0x000001d876d73f20,
0x000001d876d71190, 0x000001d876d70c80, 0x000001d876d72ff0, 0x000001d876d74e50,
0x000001d876d73500, 0x000001d876d73a10, 0x000001d876d716a0, 0x000001d876d71bb0,
0x000001d876d75870, 0x000001d876d75d80, 0x000001d876d776d0, 0x000001d876d76290,
0x000001d876d767a0, 0x000001d876d76cb0, 0x000001d876d771c0, 0x000001d876d77be0,
0x000001d8780405c0, 0x000001d878040ad0, 0x000001d878040fe0, 0x000001d8780414f0,
0x000001d878041a00, 0x000001d878041f10, 0x000001d878042420, 0x000001d878042930,
0x000001d878042e40, 0x000001d878043350, 0x000001d8780400b0, 0x000001d87803fba0,
0x000001d878045bd0, 0x000001d8780456c0, 0x000001d878047010, 0x000001d878043860,
0x000001d8780465f0, 0x000001d8780460e0, 0x000001d878047520, 0x000001d878046b00,
0x000001d8780451b0, 0x000001d878044280, 0x000001d878043d70, 0x000001d878044790,
0x000001d878044ca0, 0x000001d87984c200, 0x000001d87984f4a0, 0x000001d87984e570,
0x000001d8798503d0, 0x000001d87984fec0, 0x000001d87984cc20, 0x000001d8798508e0,
0x000001d87984d130, 0x000001d879850df0, 0x000001d87984d640, 0x000001d87984db50,
0x000001d879851810, 0x000001d879852230, 0x000001d879852c50, 0x000001d879853160,
0x000001d875aa3db0, 0x000001d875aa51f0, 0x000001d875aa2e80, 0x000001d875aa3390,
0x000001d875aa47d0, 0x000001d875aa4ce0, 0x000001d875aa2970, 0x000001d875aa5700,
0x000001d875aa1f50, 0x000001d875aa38a0, 0x000001d875aa42c0, 0x000001d875aa5c10,
0x000001d875aa2460, 0x000001d875aa6120, 0x000001d875aa89a0, 0x000001d875aa98d0,
0x000001d875aa8eb0, 0x000001d875aa93c0, 0x000001d875aa8490, 0x000001d875aa7f80,
0x000001d875aa6630, 0x000001d875aa6b40, 0x000001d875aa7050, 0x000001d875aa7a70,
0x000001d876254590, 0x000001d876251d10, 0x000001d876252730, 0x000001d876251800,
0x000001d876254080, 0x000001d876252220, 0x000001d876254aa0, 0x000001d876254fb0,
0x000001d876252c40, 0x000001d876253150, 0x000001d876253660, 0x000001d876253b70,
0x000001d876743900, 0x000001d876743e10, 0x000001d876746690, 0x000001d876744320,
0x000001d876744830, 0x000001d876742ee0, 0x000001d876745c70, 0x000001d876745250,
0x000001d876744d40, 0x000001d876745760, 0x000001d876746ba0, 0x000001d8767433f0,
0x000001d876748a00, 0x000001d876748f10, 0x000001d876749930, 0x000001d876749e40,
0x000001d876749420, 0x000001d87674a350, 0x000001d8767470b0, 0x000001d87674a860,
0x000001d876747ad0, 0x000001d8767475c0, 0x000001d876747fe0, 0x000001d86f905980,
0x000001d86f906dc0, 0x000001d86f904a50, 0x000001d86f9068b0, 0x000001d86f9072d0,
0x000001d86f9077e0, 0x000001d86f904f60, 0x000001d86f907cf0, 0x000001d86f905470,
0x000001d86f905e90, 0x000001d86f9063a0, 0x000001d86f904540, 0x000001d86f908200,
0x000001d86f90bec0, 0x000001d86f90b9b0, 0x000001d86f90b4a0, 0x000001d86f90a570,
0x000001d86f908c20, 0x000001d86f90aa80, 0x000001d86f90af90, 0x000001d86f908710,
0x000001d86f909640, 0x000001d86f909130, 0x000001d86f909b50, 0x000001d86f90a060,
0x000001d87951c920, 0x000001d87951c410, 0x000001d87951a5b0, 0x000001d87951b9f0,
0x000001d87951b4e0, 0x000001d87951ce30, 0x000001d87951afd0, 0x000001d87951ec90,
0x000001d87951e780, 0x000001d87951d340, 0x000001d87951f6b0, 0x000001d87951d850,
0x000001d879521510, 0x000001d87951fbc0, 0x000001d87a1cc8f0, 0x000001d87a1ca070,
0x000001d81bc8c700, 0x000001d81bc8b2c0, 0x000001d81bc8a390, 0x000001d81bc8a8a0,
0x000001d81bc91d10, 0x000001d81bc93660, 0x000001d81bc8e050, 0x000001d81bc93150,
0x000001d81bc903c0, 0x000001d81bc963f0, 0x000001d81bc94590, 0x000001d81bc96900,
0x000001d81bc94aa0, 0x000001d81bc96e10, 0x000001d81bc954c0, 0x000001d81bc959d0,
0x000001d81bc94080, 0x000001d81bc99180, 0x000001d81bc95ee0, 0x000001d81bc98c70,
0x000001d81bc99690, 0x000001d81bc99ba0, 0x000001d81bc97d40, 0x000001d87fe4d2d0,
0x000001d87fe4dd70, 0x000001d81c71eb00
}

Java Threads: ( => current thread )
  0x000001d84e7014d0 JavaThread "main" [_thread_blocked, id=10064, stack(0x0000007248b00000,0x0000007248c00000)]
  0x000001d86f0ea630 JavaThread "Reference Handler" daemon [_thread_blocked, id=27608, stack(0x0000007249200000,0x0000007249300000)]
  0x000001d86f0ed120 JavaThread "Finalizer" daemon [_thread_blocked, id=27448, stack(0x0000007249300000,0x0000007249400000)]
  0x000001d86f106e90 JavaThread "Signal Dispatcher" daemon [_thread_blocked, id=8540, stack(0x0000007249400000,0x0000007249500000)]
  0x000001d86f107760 JavaThread "Attach Listener" daemon [_thread_blocked, id=21380, stack(0x0000007249500000,0x0000007249600000)]
  0x000001d86f108030 JavaThread "Service Thread" daemon [_thread_blocked, id=11780, stack(0x0000007249600000,0x0000007249700000)]
  0x000001d86f10ad20 JavaThread "Monitor Deflation Thread" daemon [_thread_blocked, id=17332, stack(0x0000007249700000,0x0000007249800000)]
  0x000001d86f10d930 JavaThread "C2 CompilerThread0" daemon [_thread_in_native, id=14844, stack(0x0000007249800000,0x0000007249900000)]
  0x000001d86f10e240 JavaThread "C1 CompilerThread0" daemon [_thread_blocked, id=21960, stack(0x0000007249900000,0x0000007249a00000)]
  0x000001d86f126b70 JavaThread "Sweeper thread" daemon [_thread_blocked, id=27960, stack(0x0000007249a00000,0x0000007249b00000)]
  0x000001d86f256130 JavaThread "Common-Cleaner" daemon [_thread_blocked, id=7872, stack(0x0000007249b00000,0x0000007249c00000)]
  0x000001d86f3c3050 JavaThread "Notification Thread" daemon [_thread_blocked, id=2160, stack(0x0000007249c00000,0x0000007249d00000)]
  0x000001d874c21c90 JavaThread "Daemon health stats" [_thread_blocked, id=9504, stack(0x000000724a300000,0x000000724a400000)]
  0x000001d874e0d590 JavaThread "Incoming local TCP Connector on port 58939" [_thread_in_native, id=23620, stack(0x000000724a000000,0x000000724a100000)]
  0x000001d874f76670 JavaThread "Daemon periodic checks" [_thread_blocked, id=24020, stack(0x000000724a400000,0x000000724a500000)]
  0x000001d86f4b83f0 JavaThread "Daemon" [_thread_blocked, id=5960, stack(0x000000724a500000,0x000000724a600000)]
  0x000001d86fa47a90 JavaThread "Handler for socket connection from /127.0.0.1:58939 to /127.0.0.1:58940" [_thread_in_native, id=16508, stack(0x000000724a600000,0x000000724a700000)]
  0x000001d86f4f59c0 JavaThread "Cancel handler" [_thread_blocked, id=13544, stack(0x000000724a700000,0x000000724a800000)]
  0x000001d86fc257c0 JavaThread "Daemon worker" [_thread_blocked, id=13492, stack(0x000000724a800000,0x000000724a900000)]
  0x000001d86fc25cd0 JavaThread "Asynchronous log dispatcher for DefaultDaemonConnection: socket connection from /127.0.0.1:58939 to /127.0.0.1:58940" [_thread_blocked, id=10780, stack(0x000000724a900000,0x000000724aa00000)]
  0x000001d86fc27620 JavaThread "Stdin handler" [_thread_blocked, id=9520, stack(0x000000724aa00000,0x000000724ab00000)]
  0x000001d86fc27110 JavaThread "Daemon client event forwarder" [_thread_blocked, id=18108, stack(0x000000724ab00000,0x000000724ac00000)]
  0x000001d86fc252b0 JavaThread "Cache worker for journal cache (C:\Users\HP\.gradle\caches\journal-1)" [_thread_blocked, id=26668, stack(0x000000724ac00000,0x000000724ad00000)]
  0x000001d86fc26c00 JavaThread "File lock request listener" [_thread_blocked, id=28308, stack(0x000000724ad00000,0x000000724ae00000)]
  0x000001d86fc23e70 JavaThread "Cache worker for file hash cache (C:\Users\HP\.gradle\caches\9.0.0\fileHashes)" [_thread_blocked, id=27912, stack(0x000000724af00000,0x000000724b000000)]
  0x000001d86fc261e0 JavaThread "Cache worker for file hash cache (D:\RVU-connect\android\.gradle\9.0.0\fileHashes)" [_thread_blocked, id=13736, stack(0x000000724b800000,0x000000724b900000)]
  0x000001d86fc266f0 JavaThread "Cache worker for Build Output Cleanup Cache (D:\RVU-connect\android\.gradle\buildOutputCleanup)" [_thread_blocked, id=17596, stack(0x000000724b900000,0x000000724ba00000)]
  0x000001d86fc24380 JavaThread "File watcher server" daemon [_thread_blocked, id=132, stack(0x000000724ba00000,0x000000724bb00000)]
  0x000001d86fc24890 JavaThread "File watcher consumer" daemon [_thread_blocked, id=14792, stack(0x000000724bb00000,0x000000724bc00000)]
  0x000001d876d70770 JavaThread "Cache worker for checksums cache (D:\RVU-connect\android\.gradle\9.0.0\checksums)" [_thread_blocked, id=10404, stack(0x000000724bc00000,0x000000724bd00000)]
  0x000001d876d725d0 JavaThread "Cache worker for file content cache (C:\Users\HP\.gradle\caches\9.0.0\fileContent)" [_thread_blocked, id=3524, stack(0x000000724bd00000,0x000000724be00000)]
  0x000001d876d73f20 JavaThread "Cache worker for cache directory md-supplier (C:\Users\HP\.gradle\caches\9.0.0\md-supplier)" [_thread_blocked, id=3028, stack(0x000000724b700000,0x000000724b800000)]
  0x000001d876d71190 JavaThread "Cache worker for cache directory md-rule (C:\Users\HP\.gradle\caches\9.0.0\md-rule)" [_thread_blocked, id=25180, stack(0x000000724be00000,0x000000724bf00000)]
  0x000001d876d70c80 JavaThread "jar transforms" [_thread_blocked, id=10412, stack(0x000000724c000000,0x000000724c100000)]
  0x000001d876d72ff0 JavaThread "Cache worker for Build Output Cleanup Cache (D:\RVU-connect\node_modules\@react-native\gradle-plugin\.gradle\buildOutputCleanup)" [_thread_blocked, id=15964, stack(0x000000724c100000,0x000000724c200000)]
  0x000001d876d74e50 JavaThread "Unconstrained build operations" [_thread_blocked, id=22908, stack(0x000000724c200000,0x000000724c300000)]
  0x000001d876d73500 JavaThread "Unconstrained build operations Thread 2" [_thread_blocked, id=24216, stack(0x000000724c300000,0x000000724c400000)]
  0x000001d876d73a10 JavaThread "Unconstrained build operations Thread 3" [_thread_blocked, id=27896, stack(0x000000724c400000,0x000000724c500000)]
  0x000001d876d716a0 JavaThread "Unconstrained build operations Thread 4" [_thread_blocked, id=17868, stack(0x000000724c500000,0x000000724c600000)]
  0x000001d876d71bb0 JavaThread "Unconstrained build operations Thread 5" [_thread_blocked, id=1680, stack(0x000000724c700000,0x000000724c800000)]
  0x000001d876d75870 JavaThread "Unconstrained build operations Thread 6" [_thread_blocked, id=11596, stack(0x000000724c800000,0x000000724c900000)]
  0x000001d876d75d80 JavaThread "Unconstrained build operations Thread 7" [_thread_blocked, id=15516, stack(0x000000724ca00000,0x000000724cb00000)]
  0x000001d876d776d0 JavaThread "Unconstrained build operations Thread 8" [_thread_blocked, id=15072, stack(0x000000724cb00000,0x000000724cc00000)]
  0x000001d876d76290 JavaThread "Unconstrained build operations Thread 9" [_thread_blocked, id=23380, stack(0x000000724cc00000,0x000000724cd00000)]
  0x000001d876d767a0 JavaThread "Unconstrained build operations Thread 10" [_thread_blocked, id=27712, stack(0x000000724cd00000,0x000000724ce00000)]
  0x000001d876d76cb0 JavaThread "Unconstrained build operations Thread 11" [_thread_blocked, id=27032, stack(0x000000724ce00000,0x000000724cf00000)]
  0x000001d876d771c0 JavaThread "Unconstrained build operations Thread 12" [_thread_blocked, id=26348, stack(0x000000724cf00000,0x000000724d000000)]
  0x000001d876d77be0 JavaThread "Unconstrained build operations Thread 13" [_thread_blocked, id=11472, stack(0x000000724d000000,0x000000724d100000)]
  0x000001d8780405c0 JavaThread "Unconstrained build operations Thread 14" [_thread_blocked, id=19312, stack(0x000000724d100000,0x000000724d200000)]
  0x000001d878040ad0 JavaThread "Unconstrained build operations Thread 15" [_thread_blocked, id=27948, stack(0x000000724d200000,0x000000724d300000)]
  0x000001d878040fe0 JavaThread "Unconstrained build operations Thread 16" [_thread_blocked, id=16736, stack(0x000000724d300000,0x000000724d400000)]
  0x000001d8780414f0 JavaThread "Unconstrained build operations Thread 17" [_thread_blocked, id=11796, stack(0x000000724d400000,0x000000724d500000)]
  0x000001d878041a00 JavaThread "Unconstrained build operations Thread 18" [_thread_blocked, id=1248, stack(0x000000724b400000,0x000000724b500000)]
  0x000001d878041f10 JavaThread "Unconstrained build operations Thread 19" [_thread_blocked, id=27076, stack(0x000000724c900000,0x000000724ca00000)]
  0x000001d878042420 JavaThread "Unconstrained build operations Thread 20" [_thread_blocked, id=20720, stack(0x000000724d500000,0x000000724d600000)]
  0x000001d878042930 JavaThread "Unconstrained build operations Thread 21" [_thread_blocked, id=17548, stack(0x000000724d600000,0x000000724d700000)]
  0x000001d878042e40 JavaThread "Unconstrained build operations Thread 22" [_thread_blocked, id=26100, stack(0x000000724d700000,0x000000724d800000)]
  0x000001d878043350 JavaThread "Unconstrained build operations Thread 23" [_thread_blocked, id=25756, stack(0x000000724d800000,0x000000724d900000)]
  0x000001d8780400b0 JavaThread "Unconstrained build operations Thread 24" [_thread_blocked, id=11476, stack(0x000000724d900000,0x000000724da00000)]
  0x000001d87803fba0 JavaThread "Unconstrained build operations Thread 25" [_thread_blocked, id=27320, stack(0x000000724da00000,0x000000724db00000)]
  0x000001d878045bd0 JavaThread "Unconstrained build operations Thread 26" [_thread_blocked, id=10272, stack(0x000000724db00000,0x000000724dc00000)]
  0x000001d8780456c0 JavaThread "Unconstrained build operations Thread 27" [_thread_blocked, id=11868, stack(0x000000724dc00000,0x000000724dd00000)]
  0x000001d878047010 JavaThread "Unconstrained build operations Thread 28" [_thread_blocked, id=8660, stack(0x000000724dd00000,0x000000724de00000)]
  0x000001d878043860 JavaThread "Unconstrained build operations Thread 29" [_thread_blocked, id=16148, stack(0x000000724de00000,0x000000724df00000)]
  0x000001d8780465f0 JavaThread "Unconstrained build operations Thread 30" [_thread_blocked, id=11212, stack(0x000000724df00000,0x000000724e000000)]
  0x000001d8780460e0 JavaThread "Unconstrained build operations Thread 31" [_thread_blocked, id=11332, stack(0x000000724e000000,0x000000724e100000)]
  0x000001d878047520 JavaThread "Unconstrained build operations Thread 32" [_thread_blocked, id=28116, stack(0x000000724e100000,0x000000724e200000)]
  0x000001d878046b00 JavaThread "Unconstrained build operations Thread 33" [_thread_blocked, id=2320, stack(0x000000724e200000,0x000000724e300000)]
  0x000001d8780451b0 JavaThread "Unconstrained build operations Thread 34" [_thread_blocked, id=15780, stack(0x000000724e300000,0x000000724e400000)]
  0x000001d878044280 JavaThread "Unconstrained build operations Thread 35" [_thread_blocked, id=15984, stack(0x000000724e400000,0x000000724e500000)]
  0x000001d878043d70 JavaThread "Unconstrained build operations Thread 36" [_thread_blocked, id=15996, stack(0x000000724e500000,0x000000724e600000)]
  0x000001d878044790 JavaThread "Unconstrained build operations Thread 37" [_thread_blocked, id=26688, stack(0x000000724e600000,0x000000724e700000)]
  0x000001d878044ca0 JavaThread "Unconstrained build operations Thread 38" [_thread_blocked, id=27084, stack(0x000000724e700000,0x000000724e800000)]
  0x000001d87984c200 JavaThread "Unconstrained build operations Thread 39" [_thread_blocked, id=24708, stack(0x000000724e800000,0x000000724e900000)]
  0x000001d87984f4a0 JavaThread "build event listener" [_thread_blocked, id=27368, stack(0x000000724eb00000,0x000000724ec00000)]
  0x000001d87984e570 JavaThread "Memory manager" [_thread_blocked, id=23952, stack(0x000000724ea00000,0x000000724eb00000)]
  0x000001d8798503d0 JavaThread "ForkJoinPool.commonPool-worker-1" daemon [_thread_blocked, id=24444, stack(0x000000724e900000,0x000000724ea00000)]
  0x000001d87984fec0 JavaThread "ForkJoinPool.commonPool-worker-3" daemon [_thread_blocked, id=26572, stack(0x000000724ed00000,0x000000724ee00000)]
  0x000001d87984cc20 JavaThread "ForkJoinPool.commonPool-worker-4" daemon [_thread_blocked, id=19208, stack(0x000000724ee00000,0x000000724ef00000)]
  0x000001d8798508e0 JavaThread "ForkJoinPool.commonPool-worker-5" daemon [_thread_blocked, id=12348, stack(0x000000724ef00000,0x000000724f000000)]
  0x000001d87984d130 JavaThread "ForkJoinPool.commonPool-worker-6" daemon [_thread_blocked, id=12544, stack(0x000000724f000000,0x000000724f100000)]
  0x000001d879850df0 JavaThread "ForkJoinPool.commonPool-worker-7" daemon [_thread_blocked, id=10512, stack(0x000000724f100000,0x000000724f200000)]
  0x000001d87984d640 JavaThread "ForkJoinPool.commonPool-worker-8" daemon [_thread_blocked, id=24720, stack(0x000000724f200000,0x000000724f300000)]
  0x000001d87984db50 JavaThread "ForkJoinPool.commonPool-worker-10" daemon [_thread_blocked, id=26480, stack(0x000000724f400000,0x000000724f500000)]
  0x000001d879851810 JavaThread "ForkJoinPool.commonPool-worker-11" daemon [_thread_blocked, id=27928, stack(0x000000724f500000,0x000000724f600000)]
  0x000001d879852230 JavaThread "included builds" [_thread_blocked, id=11512, stack(0x000000724fa00000,0x000000724fb00000)]
  0x000001d879852c50 JavaThread "Execution worker" [_thread_blocked, id=17200, stack(0x000000724fb00000,0x000000724fc00000)]
  0x000001d879853160 JavaThread "Execution worker Thread 2" [_thread_blocked, id=27420, stack(0x000000724fc00000,0x000000724fd00000)]
  0x000001d875aa3db0 JavaThread "Execution worker Thread 3" [_thread_blocked, id=3368, stack(0x000000724fd00000,0x000000724fe00000)]
  0x000001d875aa51f0 JavaThread "Execution worker Thread 4" [_thread_blocked, id=27160, stack(0x000000724fe00000,0x000000724ff00000)]
  0x000001d875aa2e80 JavaThread "Execution worker Thread 5" [_thread_blocked, id=28624, stack(0x000000724ff00000,0x0000007250000000)]
  0x000001d875aa3390 JavaThread "Execution worker Thread 6" [_thread_blocked, id=9400, stack(0x0000007250000000,0x0000007250100000)]
  0x000001d875aa47d0 JavaThread "Execution worker Thread 7" [_thread_blocked, id=28484, stack(0x0000007250100000,0x0000007250200000)]
  0x000001d875aa4ce0 JavaThread "Execution worker Thread 8" [_thread_blocked, id=14088, stack(0x0000007250200000,0x0000007250300000)]
  0x000001d875aa2970 JavaThread "Execution worker Thread 9" [_thread_blocked, id=8932, stack(0x0000007250300000,0x0000007250400000)]
  0x000001d875aa5700 JavaThread "Execution worker Thread 10" [_thread_blocked, id=16500, stack(0x0000007250400000,0x0000007250500000)]
  0x000001d875aa1f50 JavaThread "Execution worker Thread 11" [_thread_blocked, id=21704, stack(0x0000007250500000,0x0000007250600000)]
  0x000001d875aa38a0 JavaThread "Cache worker for execution history cache (D:\RVU-connect\node_modules\@react-native\gradle-plugin\.gradle\9.0.0\executionHistory)" [_thread_blocked, id=16536, stack(0x0000007250600000,0x0000007250700000)]
  0x000001d875aa42c0 JavaThread "Unconstrained build operations Thread 40" [_thread_blocked, id=13560, stack(0x000000724f900000,0x000000724fa00000)]
  0x000001d875aa5c10 JavaThread "Unconstrained build operations Thread 41" [_thread_blocked, id=9732, stack(0x0000007250700000,0x0000007250800000)]
  0x000001d875aa2460 JavaThread "Unconstrained build operations Thread 42" [_thread_blocked, id=28612, stack(0x0000007250800000,0x0000007250900000)]
  0x000001d875aa6120 JavaThread "Unconstrained build operations Thread 43" [_thread_blocked, id=28256, stack(0x0000007250900000,0x0000007250a00000)]
  0x000001d875aa89a0 JavaThread "Unconstrained build operations Thread 44" [_thread_blocked, id=8520, stack(0x0000007250a00000,0x0000007250b00000)]
  0x000001d875aa98d0 JavaThread "Unconstrained build operations Thread 45" [_thread_blocked, id=18096, stack(0x0000007250b00000,0x0000007250c00000)]
  0x000001d875aa8eb0 JavaThread "Unconstrained build operations Thread 46" [_thread_blocked, id=10500, stack(0x0000007250c00000,0x0000007250d00000)]
  0x000001d875aa93c0 JavaThread "Unconstrained build operations Thread 47" [_thread_blocked, id=28412, stack(0x0000007250d00000,0x0000007250e00000)]
  0x000001d875aa8490 JavaThread "Unconstrained build operations Thread 48" [_thread_blocked, id=6572, stack(0x0000007250e00000,0x0000007250f00000)]
  0x000001d875aa7f80 JavaThread "Unconstrained build operations Thread 49" [_thread_blocked, id=13908, stack(0x0000007250f00000,0x0000007251000000)]
  0x000001d875aa6630 JavaThread "Unconstrained build operations Thread 50" [_thread_blocked, id=4316, stack(0x0000007251000000,0x0000007251100000)]
  0x000001d875aa6b40 JavaThread "Unconstrained build operations Thread 51" [_thread_blocked, id=24768, stack(0x0000007251100000,0x0000007251200000)]
  0x000001d875aa7050 JavaThread "Unconstrained build operations Thread 52" [_thread_blocked, id=21280, stack(0x0000007251200000,0x0000007251300000)]
  0x000001d875aa7a70 JavaThread "Unconstrained build operations Thread 53" [_thread_blocked, id=14612, stack(0x0000007251300000,0x0000007251400000)]
  0x000001d876254590 JavaThread "Unconstrained build operations Thread 54" [_thread_blocked, id=19052, stack(0x0000007251400000,0x0000007251500000)]
  0x000001d876251d10 JavaThread "Unconstrained build operations Thread 55" [_thread_blocked, id=9232, stack(0x0000007251500000,0x0000007251600000)]
  0x000001d876252730 JavaThread "Unconstrained build operations Thread 56" [_thread_blocked, id=24012, stack(0x0000007251600000,0x0000007251700000)]
  0x000001d876251800 JavaThread "Unconstrained build operations Thread 57" [_thread_blocked, id=15436, stack(0x0000007251700000,0x0000007251800000)]
  0x000001d876254080 JavaThread "Unconstrained build operations Thread 58" [_thread_blocked, id=9488, stack(0x0000007251800000,0x0000007251900000)]
  0x000001d876252220 JavaThread "Unconstrained build operations Thread 59" [_thread_blocked, id=21460, stack(0x0000007251900000,0x0000007251a00000)]
  0x000001d876254aa0 JavaThread "Unconstrained build operations Thread 60" [_thread_blocked, id=10912, stack(0x0000007251a00000,0x0000007251b00000)]
  0x000001d876254fb0 JavaThread "Unconstrained build operations Thread 61" [_thread_blocked, id=25732, stack(0x0000007251b00000,0x0000007251c00000)]
  0x000001d876252c40 JavaThread "Unconstrained build operations Thread 62" [_thread_blocked, id=11068, stack(0x0000007251c00000,0x0000007251d00000)]
  0x000001d876253150 JavaThread "Unconstrained build operations Thread 63" [_thread_blocked, id=28380, stack(0x0000007251d00000,0x0000007251e00000)]
  0x000001d876253660 JavaThread "Unconstrained build operations Thread 64" [_thread_blocked, id=20320, stack(0x0000007251f00000,0x0000007252000000)]
  0x000001d876253b70 JavaThread "Unconstrained build operations Thread 65" [_thread_blocked, id=22980, stack(0x0000007252000000,0x0000007252100000)]
  0x000001d876743900 JavaThread "Unconstrained build operations Thread 66" [_thread_blocked, id=18772, stack(0x0000007252100000,0x0000007252200000)]
  0x000001d876743e10 JavaThread "Unconstrained build operations Thread 67" [_thread_blocked, id=28052, stack(0x0000007252200000,0x0000007252300000)]
  0x000001d876746690 JavaThread "Unconstrained build operations Thread 68" [_thread_blocked, id=25764, stack(0x0000007252300000,0x0000007252400000)]
  0x000001d876744320 JavaThread "Unconstrained build operations Thread 69" [_thread_blocked, id=7684, stack(0x0000007252400000,0x0000007252500000)]
  0x000001d876744830 JavaThread "Unconstrained build operations Thread 70" [_thread_blocked, id=27520, stack(0x0000007252500000,0x0000007252600000)]
  0x000001d876742ee0 JavaThread "Unconstrained build operations Thread 71" [_thread_blocked, id=26576, stack(0x0000007252600000,0x0000007252700000)]
  0x000001d876745c70 JavaThread "Unconstrained build operations Thread 72" [_thread_blocked, id=3316, stack(0x0000007252700000,0x0000007252800000)]
  0x000001d876745250 JavaThread "Unconstrained build operations Thread 73" [_thread_blocked, id=24788, stack(0x0000007252800000,0x0000007252900000)]
  0x000001d876744d40 JavaThread "Unconstrained build operations Thread 74" [_thread_blocked, id=28584, stack(0x0000007252900000,0x0000007252a00000)]
  0x000001d876745760 JavaThread "Unconstrained build operations Thread 75" [_thread_blocked, id=8928, stack(0x0000007252a00000,0x0000007252b00000)]
  0x000001d876746ba0 JavaThread "Unconstrained build operations Thread 76" [_thread_blocked, id=21900, stack(0x0000007252b00000,0x0000007252c00000)]
  0x000001d8767433f0 JavaThread "Unconstrained build operations Thread 77" [_thread_blocked, id=7068, stack(0x0000007252c00000,0x0000007252d00000)]
  0x000001d876748a00 JavaThread "Unconstrained build operations Thread 78" [_thread_blocked, id=16844, stack(0x0000007252d00000,0x0000007252e00000)]
  0x000001d876748f10 JavaThread "Unconstrained build operations Thread 79" [_thread_blocked, id=23920, stack(0x0000007252e00000,0x0000007252f00000)]
  0x000001d876749930 JavaThread "Unconstrained build operations Thread 80" [_thread_blocked, id=21608, stack(0x0000007252f00000,0x0000007253000000)]
  0x000001d876749e40 JavaThread "Unconstrained build operations Thread 81" [_thread_blocked, id=12984, stack(0x0000007251e00000,0x0000007251f00000)]
  0x000001d876749420 JavaThread "Unconstrained build operations Thread 82" [_thread_blocked, id=19504, stack(0x0000007253000000,0x0000007253100000)]
  0x000001d87674a350 JavaThread "Unconstrained build operations Thread 83" [_thread_blocked, id=28164, stack(0x0000007253100000,0x0000007253200000)]
  0x000001d8767470b0 JavaThread "Unconstrained build operations Thread 84" [_thread_blocked, id=23292, stack(0x0000007253200000,0x0000007253300000)]
  0x000001d87674a860 JavaThread "Unconstrained build operations Thread 85" [_thread_blocked, id=25500, stack(0x0000007253300000,0x0000007253400000)]
  0x000001d876747ad0 JavaThread "Unconstrained build operations Thread 86" [_thread_blocked, id=14508, stack(0x0000007253400000,0x0000007253500000)]
  0x000001d8767475c0 JavaThread "Unconstrained build operations Thread 87" [_thread_blocked, id=2860, stack(0x0000007253500000,0x0000007253600000)]
  0x000001d876747fe0 JavaThread "Unconstrained build operations Thread 88" [_thread_blocked, id=11864, stack(0x0000007253600000,0x0000007253700000)]
  0x000001d86f905980 JavaThread "Unconstrained build operations Thread 89" [_thread_blocked, id=15288, stack(0x0000007253700000,0x0000007253800000)]
  0x000001d86f906dc0 JavaThread "Unconstrained build operations Thread 90" [_thread_blocked, id=17560, stack(0x0000007253800000,0x0000007253900000)]
  0x000001d86f904a50 JavaThread "Unconstrained build operations Thread 91" [_thread_blocked, id=18464, stack(0x0000007253900000,0x0000007253a00000)]
  0x000001d86f9068b0 JavaThread "Unconstrained build operations Thread 92" [_thread_blocked, id=1164, stack(0x0000007253a00000,0x0000007253b00000)]
  0x000001d86f9072d0 JavaThread "Unconstrained build operations Thread 93" [_thread_blocked, id=17096, stack(0x0000007253b00000,0x0000007253c00000)]
  0x000001d86f9077e0 JavaThread "Unconstrained build operations Thread 94" [_thread_blocked, id=17488, stack(0x0000007253c00000,0x0000007253d00000)]
  0x000001d86f904f60 JavaThread "Unconstrained build operations Thread 95" [_thread_blocked, id=2800, stack(0x0000007253d00000,0x0000007253e00000)]
  0x000001d86f907cf0 JavaThread "Unconstrained build operations Thread 96" [_thread_blocked, id=15400, stack(0x0000007253e00000,0x0000007253f00000)]
  0x000001d86f905470 JavaThread "Unconstrained build operations Thread 97" [_thread_blocked, id=22752, stack(0x0000007253f00000,0x0000007254000000)]
  0x000001d86f905e90 JavaThread "Unconstrained build operations Thread 98" [_thread_blocked, id=3872, stack(0x0000007254000000,0x0000007254100000)]
  0x000001d86f9063a0 JavaThread "Unconstrained build operations Thread 99" [_thread_blocked, id=7808, stack(0x0000007254100000,0x0000007254200000)]
  0x000001d86f904540 JavaThread "Unconstrained build operations Thread 100" [_thread_blocked, id=1704, stack(0x0000007254200000,0x0000007254300000)]
  0x000001d86f908200 JavaThread "Unconstrained build operations Thread 101" [_thread_blocked, id=12452, stack(0x0000007254300000,0x0000007254400000)]
  0x000001d86f90bec0 JavaThread "Unconstrained build operations Thread 102" [_thread_blocked, id=16608, stack(0x0000007254400000,0x0000007254500000)]
  0x000001d86f90b9b0 JavaThread "Unconstrained build operations Thread 103" [_thread_blocked, id=6092, stack(0x0000007254500000,0x0000007254600000)]
  0x000001d86f90b4a0 JavaThread "Unconstrained build operations Thread 104" [_thread_blocked, id=3360, stack(0x0000007254600000,0x0000007254700000)]
  0x000001d86f90a570 JavaThread "Unconstrained build operations Thread 105" [_thread_blocked, id=25060, stack(0x0000007254700000,0x0000007254800000)]
  0x000001d86f908c20 JavaThread "Unconstrained build operations Thread 106" [_thread_blocked, id=15112, stack(0x0000007254800000,0x0000007254900000)]
  0x000001d86f90aa80 JavaThread "Unconstrained build operations Thread 107" [_thread_blocked, id=17876, stack(0x0000007254900000,0x0000007254a00000)]
  0x000001d86f90af90 JavaThread "Unconstrained build operations Thread 108" [_thread_blocked, id=24372, stack(0x0000007254a00000,0x0000007254b00000)]
  0x000001d86f908710 JavaThread "Unconstrained build operations Thread 109" [_thread_blocked, id=20440, stack(0x0000007254b00000,0x0000007254c00000)]
  0x000001d86f909640 JavaThread "Unconstrained build operations Thread 110" [_thread_blocked, id=13700, stack(0x0000007254c00000,0x0000007254d00000)]
  0x000001d86f909130 JavaThread "Unconstrained build operations Thread 111" [_thread_blocked, id=26740, stack(0x0000007254d00000,0x0000007254e00000)]
  0x000001d86f909b50 JavaThread "Unconstrained build operations Thread 112" [_thread_blocked, id=14104, stack(0x0000007254e00000,0x0000007254f00000)]
  0x000001d86f90a060 JavaThread "jar transforms Thread 2" [_thread_blocked, id=15284, stack(0x0000007254f00000,0x0000007255000000)]
  0x000001d87951c920 JavaThread "jar transforms Thread 3" [_thread_blocked, id=8336, stack(0x0000007255100000,0x0000007255200000)]
  0x000001d87951c410 JavaThread "Unconstrained build operations Thread 113" [_thread_blocked, id=20912, stack(0x0000007255400000,0x0000007255500000)]
  0x000001d87951a5b0 JavaThread "Unconstrained build operations Thread 114" [_thread_blocked, id=25016, stack(0x0000007255500000,0x0000007255600000)]
  0x000001d87951b9f0 JavaThread "Unconstrained build operations Thread 115" [_thread_blocked, id=9308, stack(0x0000007255600000,0x0000007255700000)]
  0x000001d87951b4e0 JavaThread "Unconstrained build operations Thread 116" [_thread_blocked, id=27344, stack(0x0000007255700000,0x0000007255800000)]
  0x000001d87951ce30 JavaThread "Unconstrained build operations Thread 117" [_thread_blocked, id=11812, stack(0x0000007255800000,0x0000007255900000)]
  0x000001d87951afd0 JavaThread "Unconstrained build operations Thread 118" [_thread_blocked, id=15784, stack(0x0000007255900000,0x0000007255a00000)]
  0x000001d87951ec90 JavaThread "Unconstrained build operations Thread 119" [_thread_blocked, id=17744, stack(0x0000007255a00000,0x0000007255b00000)]
  0x000001d87951e780 JavaThread "Unconstrained build operations Thread 120" [_thread_blocked, id=26432, stack(0x0000007255b00000,0x0000007255c00000)]
  0x000001d87951d340 JavaThread "jar transforms Thread 4" [_thread_blocked, id=26772, stack(0x0000007255d00000,0x0000007255e00000)]
  0x000001d87951f6b0 JavaThread "jar transforms Thread 5" [_thread_blocked, id=11816, stack(0x0000007255c00000,0x0000007255d00000)]
  0x000001d87951d850 JavaThread "jar transforms Thread 6" [_thread_blocked, id=20712, stack(0x0000007255e00000,0x0000007255f00000)]
  0x000001d879521510 JavaThread "build event listener" [_thread_blocked, id=18392, stack(0x0000007256000000,0x0000007256100000)]
  0x000001d87951fbc0 JavaThread "Problems report writer" [_thread_blocked, id=13688, stack(0x0000007255f00000,0x0000007256000000)]
  0x000001d87a1cc8f0 JavaThread "jar transforms Thread 7" [_thread_blocked, id=14004, stack(0x0000007256100000,0x0000007256200000)]
  0x000001d87a1ca070 JavaThread "jar transforms Thread 8" [_thread_blocked, id=27400, stack(0x0000007256300000,0x0000007256400000)]
  0x000001d81bc8c700 JavaThread "jar transforms Thread 9" [_thread_blocked, id=23280, stack(0x0000007256400000,0x0000007256500000)]
  0x000001d81bc8b2c0 JavaThread "jar transforms Thread 10" [_thread_blocked, id=21720, stack(0x0000007256500000,0x0000007256600000)]
  0x000001d81bc8a390 JavaThread "jar transforms Thread 11" [_thread_blocked, id=21160, stack(0x0000007256600000,0x0000007256700000)]
  0x000001d81bc8a8a0 JavaThread "jar transforms Thread 12" [_thread_blocked, id=27332, stack(0x0000007256700000,0x0000007256800000)]
  0x000001d81bc91d10 JavaThread "Cache worker for execution history cache (D:\RVU-connect\android\.gradle\9.0.0\executionHistory)" [_thread_blocked, id=13272, stack(0x0000007248900000,0x0000007248a00000)]
  0x000001d81bc93660 JavaThread "WorkerExecutor Queue" [_thread_blocked, id=26676, stack(0x0000007248a00000,0x0000007248b00000)]
  0x000001d81bc8e050 JavaThread "RMI Scheduler(0)" daemon [_thread_blocked, id=12256, stack(0x0000007248800000,0x0000007248900000)]
  0x000001d81bc93150 JavaThread "RMI GC Daemon" daemon [_thread_blocked, id=10960, stack(0x0000007256200000,0x0000007256300000)]
  0x000001d81bc903c0 JavaThread "WorkerExecutor Queue Thread 2" [_thread_in_native, id=14092, stack(0x0000007256800000,0x0000007256900000)]
  0x000001d81bc963f0 JavaThread "RMI TCP Accept-0" daemon [_thread_in_native, id=28276, stack(0x0000007256b00000,0x0000007256c00000)]
  0x000001d81bc94590 JavaThread "RMI Reaper" [_thread_blocked, id=17508, stack(0x0000007256c00000,0x0000007256d00000)]
  0x000001d81bc96900 JavaThread "RMI RenewClean-[127.0.0.1:17015,org.jetbrains.kotlin.daemon.common.LoopbackNetworkInterface$ClientLoopbackSocketFactory@49a9742f]" daemon [_thread_blocked, id=9484, stack(0x0000007256d00000,0x0000007256e00000)]
  0x000001d81bc94aa0 JavaThread "RMI TCP Connection(idle)" daemon [_thread_blocked, id=17860, stack(0x000000724f800000,0x000000724f900000)]
  0x000001d81bc96e10 JavaThread "WorkerExecutor Queue Thread 3" [_thread_blocked, id=27248, stack(0x000000724f600000,0x000000724f700000)]
  0x000001d81bc954c0 JavaThread "WorkerExecutor Queue Thread 4" [_thread_blocked, id=25160, stack(0x0000007256900000,0x0000007256a00000)]
  0x000001d81bc959d0 JavaThread "WorkerExecutor Queue Thread 6" [_thread_blocked, id=17420, stack(0x0000007256f00000,0x0000007257000000)]
  0x000001d81bc94080 JavaThread "WorkerExecutor Queue Thread 7" [_thread_blocked, id=26336, stack(0x0000007257000000,0x0000007257100000)]
  0x000001d81bc99180 JavaThread "WorkerExecutor Queue Thread 8" [_thread_blocked, id=11348, stack(0x0000007257100000,0x0000007257200000)]
  0x000001d81bc95ee0 JavaThread "WorkerExecutor Queue Thread 9" [_thread_blocked, id=28360, stack(0x0000007257200000,0x0000007257300000)]
  0x000001d81bc98c70 JavaThread "WorkerExecutor Queue Thread 10" [_thread_blocked, id=10832, stack(0x0000007257300000,0x0000007257400000)]
  0x000001d81bc99690 JavaThread "WorkerExecutor Queue Thread 11" [_thread_blocked, id=20148, stack(0x0000007257400000,0x0000007257500000)]
  0x000001d81bc99ba0 JavaThread "WorkerExecutor Queue Thread 12" [_thread_blocked, id=18808, stack(0x0000007257500000,0x0000007257600000)]
  0x000001d81bc97d40 JavaThread "WorkerExecutor Queue Thread 13" [_thread_blocked, id=25628, stack(0x0000007257600000,0x0000007257700000)]
  0x000001d87fe4d2d0 JavaThread "C2 CompilerThread1" daemon [_thread_blocked, id=10420, stack(0x000000724c600000,0x000000724c700000)]
  0x000001d87fe4dd70 JavaThread "C2 CompilerThread2" daemon [_thread_in_native, id=12940, stack(0x0000007257c00000,0x0000007257d00000)]
  0x000001d81c71eb00 JavaThread "File lock release action executor Thread 2" [_thread_blocked, id=26048, stack(0x000000724f700000,0x000000724f800000)]

Other Threads:
=>0x000001d86f0e6630 VMThread "VM Thread" [stack: 0x0000007249100000,0x0000007249200000] [id=18940]
  0x000001d86f3c4550 WatcherThread [stack: 0x0000007249d00000,0x0000007249e00000] [id=22416]
  0x000001d84e761920 GCTaskThread "GC Thread#0" [stack: 0x0000007248c00000,0x0000007248d00000] [id=26596]
  0x000001d86f8a96c0 GCTaskThread "GC Thread#1" [stack: 0x0000007249e00000,0x0000007249f00000] [id=21544]
  0x000001d86face9e0 GCTaskThread "GC Thread#2" [stack: 0x0000007249f00000,0x000000724a000000] [id=5244]
  0x000001d87439df70 GCTaskThread "GC Thread#3" [stack: 0x000000724a100000,0x000000724a200000] [id=20540]
  0x000001d87439d700 GCTaskThread "GC Thread#4" [stack: 0x000000724a200000,0x000000724a300000] [id=20040]
  0x000001d87439c350 GCTaskThread "GC Thread#5" [stack: 0x000000724ae00000,0x000000724af00000] [id=8608]
  0x000001d87439ce90 GCTaskThread "GC Thread#6" [stack: 0x000000724b000000,0x000000724b100000] [id=11244]
  0x000001d87439c620 GCTaskThread "GC Thread#7" [stack: 0x000000724b100000,0x000000724b200000] [id=11116]
  0x000001d87439d9d0 GCTaskThread "GC Thread#8" [stack: 0x000000724b200000,0x000000724b300000] [id=24344]
  0x000001d87439d160 GCTaskThread "GC Thread#9" [stack: 0x000000724b300000,0x000000724b400000] [id=3320]
  0x000001d84e772790 ConcurrentGCThread "G1 Main Marker" [stack: 0x0000007248d00000,0x0000007248e00000] [id=15464]
  0x000001d84e774c40 ConcurrentGCThread "G1 Conc#0" [stack: 0x0000007248e00000,0x0000007248f00000] [id=14040]
  0x000001d875455dc0 ConcurrentGCThread "G1 Conc#1" [stack: 0x000000724b500000,0x000000724b600000] [id=11416]
  0x000001d875455280 ConcurrentGCThread "G1 Conc#2" [stack: 0x000000724b600000,0x000000724b700000] [id=15816]
  0x000001d86efa3100 ConcurrentGCThread "G1 Refine#0" [stack: 0x0000007248f00000,0x0000007249000000] [id=23640]
  0x000001d875771c30 ConcurrentGCThread "G1 Refine#1" [stack: 0x000000724bf00000,0x000000724c000000] [id=14408]
  0x000001d876a250c0 ConcurrentGCThread "G1 Refine#2" [stack: 0x000000724f300000,0x000000724f400000] [id=1316]
  0x000001d876356a50 ConcurrentGCThread "G1 Refine#3" [stack: 0x0000007255200000,0x0000007255300000] [id=12372]
  0x000001d876356750 ConcurrentGCThread "G1 Refine#4" [stack: 0x0000007257900000,0x0000007257a00000] [id=11840]
  0x000001d81b9a1e80 ConcurrentGCThread "G1 Refine#5" [stack: 0x0000007257a00000,0x0000007257b00000] [id=15940]
  0x000001d876a253c0 ConcurrentGCThread "G1 Refine#6" [stack: 0x0000007257b00000,0x0000007257c00000] [id=27028]
  0x000001d86efa38f0 ConcurrentGCThread "G1 Service" [stack: 0x0000007249000000,0x0000007249100000] [id=25728]

Threads with active compile tasks:
C2 CompilerThread0  210434 32680       4       com.android.tools.r8.internal.BB::e (1124 bytes)
C2 CompilerThread1  210434 32639 %     4       com.android.tools.r8.internal.Wo0::b @ 311 (357 bytes)
C2 CompilerThread2  210434 32614       4       com.android.tools.r8.internal.rT::a (2024 bytes)

VM state: at safepoint (normal execution)

VM Mutex/Monitor currently owned by a thread:  ([mutex/lock_event])
[0x000001d84e435250] Threads_lock - owner thread: 0x000001d86f0e6630
[0x000001d84e6ffc10] Heap_lock - owner thread: 0x000001d86f905e90

Heap address: 0x0000000080000000, size: 2048 MB, Compressed Oops mode: 32-bit

CDS archive(s) mapped at: [0x000001d800000000-0x000001d800bb0000-0x000001d800bb0000), size 12255232, SharedBaseAddress: 0x000001d800000000, ArchiveRelocationMode: 1.
Compressed class space mapped at: 0x000001d801000000-0x000001d81b000000, reserved size: 436207616
Narrow klass base: 0x000001d800000000, Narrow klass shift: 0, Narrow klass range: 0x100000000

GC Precious Log:
 CPUs: 12 total, 12 available
 Memory: 7863M
 Large Page Support: Disabled
 NUMA Support: Disabled
 Compressed Oops: Enabled (32-bit)
 Heap Region Size: 1M
 Heap Min Capacity: 8M
 Heap Initial Capacity: 124M
 Heap Max Capacity: 2G
 Pre-touch: Disabled
 Parallel Workers: 10
 Concurrent Workers: 3
 Concurrent Refinement Workers: 10
 Periodic GC: Disabled

Heap:
 garbage-first heap   total 935936K, used 384783K [0x0000000080000000, 0x0000000100000000)
  region size 1024K, 4 young (4096K), 4 survivors (4096K)
 Metaspace       used 149962K, committed 151872K, reserved 557056K
  class space    used 20930K, committed 21888K, reserved 425984K

Heap Regions: E=young(eden), S=young(survivor), O=old, HS=humongous(starts), HC=humongous(continues), CS=collection set, F=free, OA=open archive, CA=closed archive, TAMS=top-at-mark-start (previous, next)
|   0|0x0000000080000000, 0x0000000080100000, 0x0000000080100000|100%|HS|  |TAMS 0x0000000080100000, 0x0000000080000000| Complete 
|   1|0x0000000080100000, 0x0000000080200000, 0x0000000080200000|100%|HC|  |TAMS 0x0000000080200000, 0x0000000080100000| Complete 
|   2|0x0000000080200000, 0x0000000080300000, 0x0000000080300000|100%|HC|  |TAMS 0x0000000080300000, 0x0000000080200000| Complete 
|   3|0x0000000080300000, 0x0000000080400000, 0x0000000080400000|100%| O|  |TAMS 0x0000000080400000, 0x0000000080300000| Untracked 
|   4|0x0000000080400000, 0x0000000080500000, 0x0000000080500000|100%| O|  |TAMS 0x0000000080500000, 0x0000000080400000| Untracked 
|   5|0x0000000080500000, 0x0000000080600000, 0x0000000080600000|100%| O|  |TAMS 0x0000000080600000, 0x0000000080500000| Untracked 
|   6|0x0000000080600000, 0x0000000080700000, 0x0000000080700000|100%|HS|  |TAMS 0x0000000080700000, 0x0000000080600000| Complete 
|   7|0x0000000080700000, 0x0000000080800000, 0x0000000080800000|100%| O|  |TAMS 0x0000000080800000, 0x0000000080700000| Untracked 
|   8|0x0000000080800000, 0x0000000080900000, 0x0000000080900000|100%| O|  |TAMS 0x0000000080900000, 0x0000000080800000| Untracked 
|   9|0x0000000080900000, 0x0000000080a00000, 0x0000000080a00000|100%| O|  |TAMS 0x0000000080a00000, 0x0000000080900000| Untracked 
|  10|0x0000000080a00000, 0x0000000080b00000, 0x0000000080b00000|100%| O|  |TAMS 0x0000000080b00000, 0x0000000080a00000| Untracked 
|  11|0x0000000080b00000, 0x0000000080c00000, 0x0000000080c00000|100%| O|  |TAMS 0x0000000080b00000, 0x0000000080b00000| Untracked 
|  12|0x0000000080c00000, 0x0000000080d00000, 0x0000000080d00000|100%| O|  |TAMS 0x0000000080d00000, 0x0000000080c00000| Untracked 
|  13|0x0000000080d00000, 0x0000000080e00000, 0x0000000080e00000|100%| O|  |TAMS 0x0000000080e00000, 0x0000000080d00000| Untracked 
|  14|0x0000000080e00000, 0x0000000080f00000, 0x0000000080f00000|100%| O|  |TAMS 0x0000000080f00000, 0x0000000080e00000| Untracked 
|  15|0x0000000080f00000, 0x0000000081000000, 0x0000000081000000|100%| O|  |TAMS 0x0000000081000000, 0x0000000080f00000| Untracked 
|  16|0x0000000081000000, 0x0000000081100000, 0x0000000081100000|100%| O|  |TAMS 0x0000000081100000, 0x0000000081000000| Untracked 
|  17|0x0000000081100000, 0x0000000081200000, 0x0000000081200000|100%| O|  |TAMS 0x0000000081200000, 0x0000000081100000| Untracked 
|  18|0x0000000081200000, 0x0000000081300000, 0x0000000081300000|100%| O|  |TAMS 0x0000000081300000, 0x0000000081200000| Untracked 
|  19|0x0000000081300000, 0x0000000081400000, 0x0000000081400000|100%| O|  |TAMS 0x0000000081400000, 0x0000000081300000| Untracked 
|  20|0x0000000081400000, 0x0000000081500000, 0x0000000081500000|100%| O|  |TAMS 0x0000000081500000, 0x0000000081400000| Untracked 
|  21|0x0000000081500000, 0x0000000081600000, 0x0000000081600000|100%| O|  |TAMS 0x0000000081600000, 0x0000000081500000| Untracked 
|  22|0x0000000081600000, 0x0000000081700000, 0x0000000081700000|100%| O|  |TAMS 0x0000000081700000, 0x0000000081600000| Untracked 
|  23|0x0000000081700000, 0x0000000081800000, 0x0000000081800000|100%| O|  |TAMS 0x0000000081800000, 0x0000000081700000| Untracked 
|  24|0x0000000081800000, 0x0000000081900000, 0x0000000081900000|100%| O|  |TAMS 0x0000000081900000, 0x0000000081800000| Untracked 
|  25|0x0000000081900000, 0x0000000081a00000, 0x0000000081a00000|100%| O|  |TAMS 0x0000000081a00000, 0x0000000081900000| Untracked 
|  26|0x0000000081a00000, 0x0000000081b00000, 0x0000000081b00000|100%| O|  |TAMS 0x0000000081b00000, 0x0000000081a00000| Untracked 
|  27|0x0000000081b00000, 0x0000000081c00000, 0x0000000081c00000|100%| O|  |TAMS 0x0000000081c00000, 0x0000000081b00000| Untracked 
|  28|0x0000000081c00000, 0x0000000081d00000, 0x0000000081d00000|100%| O|  |TAMS 0x0000000081d00000, 0x0000000081c00000| Untracked 
|  29|0x0000000081d00000, 0x0000000081e00000, 0x0000000081e00000|100%| O|  |TAMS 0x0000000081e00000, 0x0000000081d00000| Untracked 
|  30|0x0000000081e00000, 0x0000000081f00000, 0x0000000081f00000|100%| O|  |TAMS 0x0000000081f00000, 0x0000000081e00000| Untracked 
|  31|0x0000000081f00000, 0x0000000082000000, 0x0000000082000000|100%|HS|  |TAMS 0x0000000082000000, 0x0000000081f00000| Complete 
|  32|0x0000000082000000, 0x0000000082100000, 0x0000000082100000|100%|HC|  |TAMS 0x0000000082100000, 0x0000000082000000| Complete 
|  33|0x0000000082100000, 0x0000000082200000, 0x0000000082200000|100%|HC|  |TAMS 0x0000000082200000, 0x0000000082100000| Complete 
|  34|0x0000000082200000, 0x0000000082300000, 0x0000000082300000|100%|HS|  |TAMS 0x0000000082300000, 0x0000000082200000| Complete 
|  35|0x0000000082300000, 0x0000000082400000, 0x0000000082400000|100%|HC|  |TAMS 0x0000000082400000, 0x0000000082300000| Complete 
|  36|0x0000000082400000, 0x0000000082500000, 0x0000000082500000|100%|HC|  |TAMS 0x0000000082500000, 0x0000000082400000| Complete 
|  37|0x0000000082500000, 0x0000000082600000, 0x0000000082600000|100%| O|  |TAMS 0x0000000082600000, 0x0000000082500000| Untracked 
|  38|0x0000000082600000, 0x0000000082700000, 0x0000000082700000|100%| O|  |TAMS 0x0000000082700000, 0x0000000082600000| Untracked 
|  39|0x0000000082700000, 0x0000000082800000, 0x0000000082800000|100%| O|  |TAMS 0x0000000082800000, 0x0000000082700000| Untracked 
|  40|0x0000000082800000, 0x0000000082900000, 0x0000000082900000|100%| O|  |TAMS 0x0000000082900000, 0x0000000082800000| Untracked 
|  41|0x0000000082900000, 0x0000000082a00000, 0x0000000082a00000|100%| O|  |TAMS 0x0000000082a00000, 0x0000000082900000| Untracked 
|  42|0x0000000082a00000, 0x0000000082b00000, 0x0000000082b00000|100%| O|  |TAMS 0x0000000082b00000, 0x0000000082a00000| Untracked 
|  43|0x0000000082b00000, 0x0000000082c00000, 0x0000000082c00000|100%| O|  |TAMS 0x0000000082c00000, 0x0000000082b00000| Untracked 
|  44|0x0000000082c00000, 0x0000000082d00000, 0x0000000082d00000|100%| O|  |TAMS 0x0000000082d00000, 0x0000000082c00000| Untracked 
|  45|0x0000000082d00000, 0x0000000082e00000, 0x0000000082e00000|100%| O|  |TAMS 0x0000000082e00000, 0x0000000082d00000| Untracked 
|  46|0x0000000082e00000, 0x0000000082f00000, 0x0000000082f00000|100%| O|  |TAMS 0x0000000082f00000, 0x0000000082e00000| Untracked 
|  47|0x0000000082f00000, 0x0000000083000000, 0x0000000083000000|100%| O|  |TAMS 0x0000000083000000, 0x0000000082f00000| Untracked 
|  48|0x0000000083000000, 0x0000000083100000, 0x0000000083100000|100%| O|  |TAMS 0x0000000083100000, 0x0000000083000000| Untracked 
|  49|0x0000000083100000, 0x0000000083200000, 0x0000000083200000|100%| O|  |TAMS 0x0000000083200000, 0x0000000083100000| Untracked 
|  50|0x0000000083200000, 0x0000000083300000, 0x0000000083300000|100%| O|  |TAMS 0x0000000083300000, 0x0000000083200000| Untracked 
|  51|0x0000000083300000, 0x0000000083400000, 0x0000000083400000|100%| O|  |TAMS 0x0000000083400000, 0x0000000083300000| Untracked 
|  52|0x0000000083400000, 0x0000000083500000, 0x0000000083500000|100%| O|  |TAMS 0x0000000083500000, 0x0000000083400000| Untracked 
|  53|0x0000000083500000, 0x0000000083600000, 0x0000000083600000|100%| O|  |TAMS 0x0000000083600000, 0x0000000083500000| Untracked 
|  54|0x0000000083600000, 0x0000000083700000, 0x0000000083700000|100%| O|  |TAMS 0x0000000083700000, 0x0000000083600000| Untracked 
|  55|0x0000000083700000, 0x0000000083800000, 0x0000000083800000|100%| O|  |TAMS 0x0000000083800000, 0x0000000083700000| Untracked 
|  56|0x0000000083800000, 0x0000000083900000, 0x0000000083900000|100%| O|  |TAMS 0x0000000083900000, 0x0000000083800000| Untracked 
|  57|0x0000000083900000, 0x0000000083a00000, 0x0000000083a00000|100%|HS|  |TAMS 0x0000000083a00000, 0x0000000083900000| Complete 
|  58|0x0000000083a00000, 0x0000000083b00000, 0x0000000083b00000|100%| O|  |TAMS 0x0000000083b00000, 0x0000000083a00000| Untracked 
|  59|0x0000000083b00000, 0x0000000083c00000, 0x0000000083c00000|100%| O|  |TAMS 0x0000000083c00000, 0x0000000083b00000| Untracked 
|  60|0x0000000083c00000, 0x0000000083d00000, 0x0000000083d00000|100%| O|  |TAMS 0x0000000083d00000, 0x0000000083c00000| Untracked 
|  61|0x0000000083d00000, 0x0000000083e00000, 0x0000000083e00000|100%| O|  |TAMS 0x0000000083e00000, 0x0000000083d00000| Untracked 
|  62|0x0000000083e00000, 0x0000000083f00000, 0x0000000083f00000|100%| O|  |TAMS 0x0000000083f00000, 0x0000000083e00000| Untracked 
|  63|0x0000000083f00000, 0x0000000084000000, 0x0000000084000000|100%| O|  |TAMS 0x0000000084000000, 0x0000000083f00000| Untracked 
|  64|0x0000000084000000, 0x0000000084100000, 0x0000000084100000|100%| O|  |TAMS 0x0000000084100000, 0x0000000084000000| Untracked 
|  65|0x0000000084100000, 0x0000000084200000, 0x0000000084200000|100%| O|  |TAMS 0x0000000084200000, 0x0000000084100000| Untracked 
|  66|0x0000000084200000, 0x0000000084300000, 0x0000000084300000|100%| O|  |TAMS 0x0000000084300000, 0x0000000084200000| Untracked 
|  67|0x0000000084300000, 0x0000000084400000, 0x0000000084400000|100%| O|  |TAMS 0x0000000084400000, 0x0000000084300000| Untracked 
|  68|0x0000000084400000, 0x0000000084500000, 0x0000000084500000|100%| O|  |TAMS 0x0000000084500000, 0x0000000084400000| Untracked 
|  69|0x0000000084500000, 0x0000000084600000, 0x0000000084600000|100%|HS|  |TAMS 0x0000000084600000, 0x0000000084500000| Complete 
|  70|0x0000000084600000, 0x0000000084700000, 0x0000000084700000|100%|HS|  |TAMS 0x0000000084700000, 0x0000000084600000| Complete 
|  71|0x0000000084700000, 0x0000000084800000, 0x0000000084800000|100%|HS|  |TAMS 0x0000000084800000, 0x0000000084700000| Complete 
|  72|0x0000000084800000, 0x0000000084900000, 0x0000000084900000|100%| O|  |TAMS 0x0000000084900000, 0x0000000084800000| Untracked 
|  73|0x0000000084900000, 0x0000000084a00000, 0x0000000084a00000|100%|HS|  |TAMS 0x0000000084a00000, 0x0000000084900000| Complete 
|  74|0x0000000084a00000, 0x0000000084b00000, 0x0000000084b00000|100%|HS|  |TAMS 0x0000000084b00000, 0x0000000084a00000| Complete 
|  75|0x0000000084b00000, 0x0000000084c00000, 0x0000000084c00000|100%|HS|  |TAMS 0x0000000084c00000, 0x0000000084b00000| Complete 
|  76|0x0000000084c00000, 0x0000000084d00000, 0x0000000084d00000|100%|HC|  |TAMS 0x0000000084d00000, 0x0000000084c00000| Complete 
|  77|0x0000000084d00000, 0x0000000084e00000, 0x0000000084e00000|100%|HC|  |TAMS 0x0000000084e00000, 0x0000000084d00000| Complete 
|  78|0x0000000084e00000, 0x0000000084f00000, 0x0000000084f00000|100%|HS|  |TAMS 0x0000000084f00000, 0x0000000084e00000| Complete 
|  79|0x0000000084f00000, 0x0000000085000000, 0x0000000085000000|100%| O|  |TAMS 0x0000000085000000, 0x0000000084f00000| Untracked 
|  80|0x0000000085000000, 0x0000000085100000, 0x0000000085100000|100%| O|  |TAMS 0x0000000085100000, 0x0000000085000000| Untracked 
|  81|0x0000000085100000, 0x0000000085200000, 0x0000000085200000|100%| O|  |TAMS 0x0000000085200000, 0x0000000085100000| Untracked 
|  82|0x0000000085200000, 0x0000000085300000, 0x0000000085300000|100%| O|  |TAMS 0x0000000085300000, 0x0000000085200000| Untracked 
|  83|0x0000000085300000, 0x0000000085400000, 0x0000000085400000|100%| O|  |TAMS 0x0000000085400000, 0x0000000085300000| Untracked 
|  84|0x0000000085400000, 0x0000000085500000, 0x0000000085500000|100%| O|  |TAMS 0x0000000085400000, 0x0000000085400000| Untracked 
|  85|0x0000000085500000, 0x0000000085600000, 0x0000000085600000|100%| O|  |TAMS 0x0000000085600000, 0x0000000085500000| Untracked 
|  86|0x0000000085600000, 0x0000000085700000, 0x0000000085700000|100%| O|  |TAMS 0x0000000085700000, 0x0000000085600000| Untracked 
|  87|0x0000000085700000, 0x0000000085800000, 0x0000000085800000|100%| O|  |TAMS 0x0000000085800000, 0x0000000085700000| Untracked 
|  88|0x0000000085800000, 0x0000000085900000, 0x0000000085900000|100%| O|  |TAMS 0x0000000085800000, 0x0000000085800000| Untracked 
|  89|0x0000000085900000, 0x0000000085a00000, 0x0000000085a00000|100%| O|  |TAMS 0x0000000085900000, 0x0000000085900000| Untracked 
|  90|0x0000000085a00000, 0x0000000085b00000, 0x0000000085b00000|100%| O|  |TAMS 0x0000000085b00000, 0x0000000085a00000| Untracked 
|  91|0x0000000085b00000, 0x0000000085c00000, 0x0000000085c00000|100%| O|  |TAMS 0x0000000085c00000, 0x0000000085b00000| Untracked 
|  92|0x0000000085c00000, 0x0000000085d00000, 0x0000000085d00000|100%| O|  |TAMS 0x0000000085d00000, 0x0000000085c00000| Untracked 
|  93|0x0000000085d00000, 0x0000000085e00000, 0x0000000085e00000|100%| O|  |TAMS 0x0000000085e00000, 0x0000000085d00000| Untracked 
|  94|0x0000000085e00000, 0x0000000085f00000, 0x0000000085f00000|100%| O|  |TAMS 0x0000000085f00000, 0x0000000085e00000| Untracked 
|  95|0x0000000085f00000, 0x0000000086000000, 0x0000000086000000|100%| O|  |TAMS 0x0000000086000000, 0x0000000085f00000| Untracked 
|  96|0x0000000086000000, 0x0000000086100000, 0x0000000086100000|100%| O|  |TAMS 0x0000000086100000, 0x0000000086000000| Untracked 
|  97|0x0000000086100000, 0x0000000086200000, 0x0000000086200000|100%| O|  |TAMS 0x0000000086200000, 0x0000000086100000| Untracked 
|  98|0x0000000086200000, 0x0000000086300000, 0x0000000086300000|100%| O|  |TAMS 0x0000000086300000, 0x0000000086200000| Untracked 
|  99|0x0000000086300000, 0x0000000086400000, 0x0000000086400000|100%| O|  |TAMS 0x0000000086400000, 0x0000000086300000| Untracked 
| 100|0x0000000086400000, 0x0000000086500000, 0x0000000086500000|100%| O|  |TAMS 0x0000000086500000, 0x0000000086400000| Untracked 
| 101|0x0000000086500000, 0x0000000086600000, 0x0000000086600000|100%| O|  |TAMS 0x0000000086600000, 0x0000000086500000| Untracked 
| 102|0x0000000086600000, 0x0000000086700000, 0x0000000086700000|100%| O|  |TAMS 0x0000000086700000, 0x0000000086600000| Untracked 
| 103|0x0000000086700000, 0x0000000086800000, 0x0000000086800000|100%| O|  |TAMS 0x0000000086800000, 0x0000000086700000| Untracked 
| 104|0x0000000086800000, 0x0000000086900000, 0x0000000086900000|100%| O|  |TAMS 0x0000000086900000, 0x0000000086800000| Untracked 
| 105|0x0000000086900000, 0x0000000086a00000, 0x0000000086a00000|100%| O|  |TAMS 0x0000000086a00000, 0x0000000086900000| Untracked 
| 106|0x0000000086a00000, 0x0000000086b00000, 0x0000000086b00000|100%| O|  |TAMS 0x0000000086b00000, 0x0000000086a00000| Untracked 
| 107|0x0000000086b00000, 0x0000000086c00000, 0x0000000086c00000|100%| O|  |TAMS 0x0000000086c00000, 0x0000000086b00000| Untracked 
| 108|0x0000000086c00000, 0x0000000086d00000, 0x0000000086d00000|100%| O|  |TAMS 0x0000000086d00000, 0x0000000086c00000| Untracked 
| 109|0x0000000086d00000, 0x0000000086e00000, 0x0000000086e00000|100%| O|  |TAMS 0x0000000086e00000, 0x0000000086d00000| Untracked 
| 110|0x0000000086e00000, 0x0000000086f00000, 0x0000000086f00000|100%| O|  |TAMS 0x0000000086f00000, 0x0000000086e00000| Untracked 
| 111|0x0000000086f00000, 0x0000000087000000, 0x0000000087000000|100%| O|  |TAMS 0x0000000087000000, 0x0000000086f00000| Untracked 
| 112|0x0000000087000000, 0x0000000087100000, 0x0000000087100000|100%| O|  |TAMS 0x0000000087100000, 0x0000000087000000| Untracked 
| 113|0x0000000087100000, 0x0000000087200000, 0x0000000087200000|100%| O|  |TAMS 0x0000000087200000, 0x0000000087100000| Untracked 
| 114|0x0000000087200000, 0x0000000087300000, 0x0000000087300000|100%| O|  |TAMS 0x0000000087300000, 0x0000000087200000| Untracked 
| 115|0x0000000087300000, 0x0000000087400000, 0x0000000087400000|100%| O|  |TAMS 0x0000000087400000, 0x0000000087300000| Untracked 
| 116|0x0000000087400000, 0x0000000087500000, 0x0000000087500000|100%| O|  |TAMS 0x0000000087500000, 0x0000000087400000| Untracked 
| 117|0x0000000087500000, 0x0000000087600000, 0x0000000087600000|100%| O|  |TAMS 0x0000000087600000, 0x0000000087500000| Untracked 
| 118|0x0000000087600000, 0x0000000087700000, 0x0000000087700000|100%| O|  |TAMS 0x0000000087700000, 0x0000000087600000| Untracked 
| 119|0x0000000087700000, 0x0000000087800000, 0x0000000087800000|100%| O|  |TAMS 0x0000000087800000, 0x0000000087700000| Untracked 
| 120|0x0000000087800000, 0x0000000087900000, 0x0000000087900000|100%| O|  |TAMS 0x0000000087900000, 0x0000000087800000| Untracked 
| 121|0x0000000087900000, 0x0000000087a00000, 0x0000000087a00000|100%| O|  |TAMS 0x0000000087a00000, 0x0000000087900000| Untracked 
| 122|0x0000000087a00000, 0x0000000087b00000, 0x0000000087b00000|100%| O|  |TAMS 0x0000000087b00000, 0x0000000087a00000| Untracked 
| 123|0x0000000087b00000, 0x0000000087c00000, 0x0000000087c00000|100%| O|  |TAMS 0x0000000087c00000, 0x0000000087b00000| Untracked 
| 124|0x0000000087c00000, 0x0000000087d00000, 0x0000000087d00000|100%| O|  |TAMS 0x0000000087d00000, 0x0000000087c00000| Untracked 
| 125|0x0000000087d00000, 0x0000000087e00000, 0x0000000087e00000|100%| O|  |TAMS 0x0000000087e00000, 0x0000000087d00000| Untracked 
| 126|0x0000000087e00000, 0x0000000087f00000, 0x0000000087f00000|100%|HS|  |TAMS 0x0000000087f00000, 0x0000000087e00000| Complete 
| 127|0x0000000087f00000, 0x0000000088000000, 0x0000000088000000|100%|HS|  |TAMS 0x0000000088000000, 0x0000000087f00000| Complete 
| 128|0x0000000088000000, 0x0000000088100000, 0x0000000088100000|100%| O|  |TAMS 0x0000000088100000, 0x0000000088000000| Untracked 
| 129|0x0000000088100000, 0x0000000088200000, 0x0000000088200000|100%|HS|  |TAMS 0x0000000088200000, 0x0000000088100000| Complete 
| 130|0x0000000088200000, 0x0000000088300000, 0x0000000088300000|100%|HC|  |TAMS 0x0000000088300000, 0x0000000088200000| Complete 
| 131|0x0000000088300000, 0x0000000088400000, 0x0000000088400000|100%| O|  |TAMS 0x0000000088400000, 0x0000000088300000| Untracked 
| 132|0x0000000088400000, 0x0000000088500000, 0x0000000088500000|100%| O|  |TAMS 0x0000000088500000, 0x0000000088400000| Untracked 
| 133|0x0000000088500000, 0x0000000088600000, 0x0000000088600000|100%| O|  |TAMS 0x0000000088600000, 0x0000000088500000| Untracked 
| 134|0x0000000088600000, 0x0000000088700000, 0x0000000088700000|100%| O|  |TAMS 0x0000000088700000, 0x0000000088600000| Untracked 
| 135|0x0000000088700000, 0x0000000088800000, 0x0000000088800000|100%| O|  |TAMS 0x0000000088800000, 0x0000000088700000| Untracked 
| 136|0x0000000088800000, 0x0000000088900000, 0x0000000088900000|100%| O|  |TAMS 0x0000000088900000, 0x0000000088800000| Untracked 
| 137|0x0000000088900000, 0x0000000088a00000, 0x0000000088a00000|100%| O|  |TAMS 0x0000000088a00000, 0x0000000088900000| Untracked 
| 138|0x0000000088a00000, 0x0000000088b00000, 0x0000000088b00000|100%| O|  |TAMS 0x0000000088b00000, 0x0000000088a00000| Untracked 
| 139|0x0000000088b00000, 0x0000000088c00000, 0x0000000088c00000|100%| O|  |TAMS 0x0000000088c00000, 0x0000000088b00000| Untracked 
| 140|0x0000000088c00000, 0x0000000088d00000, 0x0000000088d00000|100%| O|  |TAMS 0x0000000088d00000, 0x0000000088c00000| Untracked 
| 141|0x0000000088d00000, 0x0000000088e00000, 0x0000000088e00000|100%| O|  |TAMS 0x0000000088e00000, 0x0000000088d00000| Untracked 
| 142|0x0000000088e00000, 0x0000000088f00000, 0x0000000088f00000|100%| O|  |TAMS 0x0000000088f00000, 0x0000000088e00000| Untracked 
| 143|0x0000000088f00000, 0x0000000089000000, 0x0000000089000000|100%| O|  |TAMS 0x0000000089000000, 0x0000000088f00000| Untracked 
| 144|0x0000000089000000, 0x0000000089100000, 0x0000000089100000|100%| O|  |TAMS 0x0000000089100000, 0x0000000089000000| Untracked 
| 145|0x0000000089100000, 0x0000000089200000, 0x0000000089200000|100%| O|  |TAMS 0x0000000089200000, 0x0000000089100000| Untracked 
| 146|0x0000000089200000, 0x0000000089300000, 0x0000000089300000|100%|HS|  |TAMS 0x0000000089300000, 0x0000000089200000| Complete 
| 147|0x0000000089300000, 0x0000000089400000, 0x0000000089400000|100%|HS|  |TAMS 0x0000000089400000, 0x0000000089300000| Complete 
| 148|0x0000000089400000, 0x0000000089500000, 0x0000000089500000|100%|HS|  |TAMS 0x0000000089500000, 0x0000000089400000| Complete 
| 149|0x0000000089500000, 0x0000000089600000, 0x0000000089600000|100%| O|  |TAMS 0x0000000089600000, 0x0000000089500000| Untracked 
| 150|0x0000000089600000, 0x0000000089700000, 0x0000000089700000|100%| O|  |TAMS 0x0000000089700000, 0x0000000089600000| Untracked 
| 151|0x0000000089700000, 0x0000000089800000, 0x0000000089800000|100%| O|  |TAMS 0x0000000089800000, 0x0000000089700000| Untracked 
| 152|0x0000000089800000, 0x0000000089900000, 0x0000000089900000|100%| O|  |TAMS 0x0000000089900000, 0x0000000089800000| Untracked 
| 153|0x0000000089900000, 0x0000000089a00000, 0x0000000089a00000|100%| O|  |TAMS 0x0000000089a00000, 0x0000000089900000| Untracked 
| 154|0x0000000089a00000, 0x0000000089b00000, 0x0000000089b00000|100%| O|  |TAMS 0x0000000089b00000, 0x0000000089a00000| Untracked 
| 155|0x0000000089b00000, 0x0000000089c00000, 0x0000000089c00000|100%| O|  |TAMS 0x0000000089c00000, 0x0000000089b00000| Untracked 
| 156|0x0000000089c00000, 0x0000000089d00000, 0x0000000089d00000|100%| O|  |TAMS 0x0000000089d00000, 0x0000000089c00000| Untracked 
| 157|0x0000000089d00000, 0x0000000089e00000, 0x0000000089e00000|100%| O|  |TAMS 0x0000000089e00000, 0x0000000089d00000| Untracked 
| 158|0x0000000089e00000, 0x0000000089f00000, 0x0000000089f00000|100%| O|  |TAMS 0x0000000089f00000, 0x0000000089e00000| Untracked 
| 159|0x0000000089f00000, 0x000000008a000000, 0x000000008a000000|100%| O|  |TAMS 0x000000008a000000, 0x0000000089f00000| Untracked 
| 160|0x000000008a000000, 0x000000008a100000, 0x000000008a100000|100%| O|  |TAMS 0x000000008a100000, 0x000000008a000000| Untracked 
| 161|0x000000008a100000, 0x000000008a200000, 0x000000008a200000|100%| O|  |TAMS 0x000000008a200000, 0x000000008a100000| Untracked 
| 162|0x000000008a200000, 0x000000008a300000, 0x000000008a300000|100%|HS|  |TAMS 0x000000008a300000, 0x000000008a200000| Complete 
| 163|0x000000008a300000, 0x000000008a400000, 0x000000008a400000|100%|HS|  |TAMS 0x000000008a400000, 0x000000008a300000| Complete 
| 164|0x000000008a400000, 0x000000008a500000, 0x000000008a500000|100%| O|  |TAMS 0x000000008a500000, 0x000000008a400000| Untracked 
| 165|0x000000008a500000, 0x000000008a600000, 0x000000008a600000|100%| O|  |TAMS 0x000000008a600000, 0x000000008a500000| Untracked 
| 166|0x000000008a600000, 0x000000008a700000, 0x000000008a700000|100%| O|  |TAMS 0x000000008a700000, 0x000000008a600000| Untracked 
| 167|0x000000008a700000, 0x000000008a800000, 0x000000008a800000|100%| O|  |TAMS 0x000000008a800000, 0x000000008a700000| Untracked 
| 168|0x000000008a800000, 0x000000008a900000, 0x000000008a900000|100%| O|  |TAMS 0x000000008a900000, 0x000000008a800000| Untracked 
| 169|0x000000008a900000, 0x000000008aa00000, 0x000000008aa00000|100%| O|  |TAMS 0x000000008aa00000, 0x000000008a900000| Untracked 
| 170|0x000000008aa00000, 0x000000008ab00000, 0x000000008ab00000|100%| O|  |TAMS 0x000000008ab00000, 0x000000008aa00000| Untracked 
| 171|0x000000008ab00000, 0x000000008ac00000, 0x000000008ac00000|100%| O|  |TAMS 0x000000008ac00000, 0x000000008ab00000| Untracked 
| 172|0x000000008ac00000, 0x000000008ad00000, 0x000000008ad00000|100%| O|  |TAMS 0x000000008ad00000, 0x000000008ac00000| Untracked 
| 173|0x000000008ad00000, 0x000000008ae00000, 0x000000008ae00000|100%| O|  |TAMS 0x000000008ae00000, 0x000000008ad00000| Untracked 
| 174|0x000000008ae00000, 0x000000008af00000, 0x000000008af00000|100%| O|  |TAMS 0x000000008af00000, 0x000000008ae00000| Untracked 
| 175|0x000000008af00000, 0x000000008b000000, 0x000000008b000000|100%| O|  |TAMS 0x000000008b000000, 0x000000008af00000| Untracked 
| 176|0x000000008b000000, 0x000000008b100000, 0x000000008b100000|100%| O|  |TAMS 0x000000008b100000, 0x000000008b000000| Untracked 
| 177|0x000000008b100000, 0x000000008b200000, 0x000000008b200000|100%| O|  |TAMS 0x000000008b200000, 0x000000008b100000| Untracked 
| 178|0x000000008b200000, 0x000000008b300000, 0x000000008b300000|100%| O|  |TAMS 0x000000008b300000, 0x000000008b200000| Untracked 
| 179|0x000000008b300000, 0x000000008b400000, 0x000000008b400000|100%| O|  |TAMS 0x000000008b400000, 0x000000008b300000| Untracked 
| 180|0x000000008b400000, 0x000000008b500000, 0x000000008b500000|100%| O|  |TAMS 0x000000008b500000, 0x000000008b400000| Untracked 
| 181|0x000000008b500000, 0x000000008b600000, 0x000000008b600000|100%| O|  |TAMS 0x000000008b600000, 0x000000008b500000| Untracked 
| 182|0x000000008b600000, 0x000000008b700000, 0x000000008b700000|100%| O|  |TAMS 0x000000008b700000, 0x000000008b600000| Untracked 
| 183|0x000000008b700000, 0x000000008b800000, 0x000000008b800000|100%| O|  |TAMS 0x000000008b800000, 0x000000008b700000| Untracked 
| 184|0x000000008b800000, 0x000000008b900000, 0x000000008b900000|100%| O|  |TAMS 0x000000008b900000, 0x000000008b800000| Untracked 
| 185|0x000000008b900000, 0x000000008ba00000, 0x000000008ba00000|100%| O|  |TAMS 0x000000008ba00000, 0x000000008b900000| Untracked 
| 186|0x000000008ba00000, 0x000000008bb00000, 0x000000008bb00000|100%| O|  |TAMS 0x000000008bb00000, 0x000000008ba00000| Untracked 
| 187|0x000000008bb00000, 0x000000008bc00000, 0x000000008bc00000|100%| O|  |TAMS 0x000000008bc00000, 0x000000008bb00000| Untracked 
| 188|0x000000008bc00000, 0x000000008bd00000, 0x000000008bd00000|100%| O|  |TAMS 0x000000008bd00000, 0x000000008bc00000| Untracked 
| 189|0x000000008bd00000, 0x000000008be00000, 0x000000008be00000|100%| O|  |TAMS 0x000000008be00000, 0x000000008bd00000| Untracked 
| 190|0x000000008be00000, 0x000000008bf00000, 0x000000008bf00000|100%| O|  |TAMS 0x000000008bf00000, 0x000000008be00000| Untracked 
| 191|0x000000008bf00000, 0x000000008c000000, 0x000000008c000000|100%| O|  |TAMS 0x000000008c000000, 0x000000008bf00000| Untracked 
| 192|0x000000008c000000, 0x000000008c100000, 0x000000008c100000|100%| O|  |TAMS 0x000000008c100000, 0x000000008c000000| Untracked 
| 193|0x000000008c100000, 0x000000008c200000, 0x000000008c200000|100%| O|  |TAMS 0x000000008c200000, 0x000000008c100000| Untracked 
| 194|0x000000008c200000, 0x000000008c300000, 0x000000008c300000|100%| O|  |TAMS 0x000000008c300000, 0x000000008c200000| Untracked 
| 195|0x000000008c300000, 0x000000008c400000, 0x000000008c400000|100%| O|  |TAMS 0x000000008c400000, 0x000000008c300000| Untracked 
| 196|0x000000008c400000, 0x000000008c500000, 0x000000008c500000|100%| O|  |TAMS 0x000000008c500000, 0x000000008c400000| Untracked 
| 197|0x000000008c500000, 0x000000008c600000, 0x000000008c600000|100%| O|  |TAMS 0x000000008c600000, 0x000000008c500000| Untracked 
| 198|0x000000008c600000, 0x000000008c700000, 0x000000008c700000|100%| O|  |TAMS 0x000000008c700000, 0x000000008c600000| Untracked 
| 199|0x000000008c700000, 0x000000008c800000, 0x000000008c800000|100%| O|  |TAMS 0x000000008c800000, 0x000000008c700000| Untracked 
| 200|0x000000008c800000, 0x000000008c900000, 0x000000008c900000|100%| O|  |TAMS 0x000000008c900000, 0x000000008c800000| Untracked 
| 201|0x000000008c900000, 0x000000008ca00000, 0x000000008ca00000|100%| O|  |TAMS 0x000000008ca00000, 0x000000008c900000| Untracked 
| 202|0x000000008ca00000, 0x000000008cb00000, 0x000000008cb00000|100%| O|  |TAMS 0x000000008cb00000, 0x000000008ca00000| Untracked 
| 203|0x000000008cb00000, 0x000000008cc00000, 0x000000008cc00000|100%| O|  |TAMS 0x000000008cc00000, 0x000000008cb00000| Untracked 
| 204|0x000000008cc00000, 0x000000008cd00000, 0x000000008cd00000|100%| O|  |TAMS 0x000000008cd00000, 0x000000008cc00000| Untracked 
| 205|0x000000008cd00000, 0x000000008ce00000, 0x000000008ce00000|100%| O|  |TAMS 0x000000008ce00000, 0x000000008cd00000| Untracked 
| 206|0x000000008ce00000, 0x000000008cf00000, 0x000000008cf00000|100%| O|  |TAMS 0x000000008ce00000, 0x000000008ce00000| Untracked 
| 207|0x000000008cf00000, 0x000000008d000000, 0x000000008d000000|100%| O|  |TAMS 0x000000008cf00000, 0x000000008cf00000| Untracked 
| 208|0x000000008d000000, 0x000000008d100000, 0x000000008d100000|100%| O|  |TAMS 0x000000008d100000, 0x000000008d000000| Untracked 
| 209|0x000000008d100000, 0x000000008d200000, 0x000000008d200000|100%| O|  |TAMS 0x000000008d100000, 0x000000008d100000| Untracked 
| 210|0x000000008d200000, 0x000000008d300000, 0x000000008d300000|100%| O|  |TAMS 0x000000008d300000, 0x000000008d200000| Untracked 
| 211|0x000000008d300000, 0x000000008d400000, 0x000000008d400000|100%| O|  |TAMS 0x000000008d400000, 0x000000008d300000| Untracked 
| 212|0x000000008d400000, 0x000000008d500000, 0x000000008d500000|100%| O|  |TAMS 0x000000008d500000, 0x000000008d400000| Untracked 
| 213|0x000000008d500000, 0x000000008d600000, 0x000000008d600000|100%| O|  |TAMS 0x000000008d600000, 0x000000008d500000| Untracked 
| 214|0x000000008d600000, 0x000000008d700000, 0x000000008d700000|100%| O|  |TAMS 0x000000008d700000, 0x000000008d600000| Untracked 
| 215|0x000000008d700000, 0x000000008d800000, 0x000000008d800000|100%| O|  |TAMS 0x000000008d800000, 0x000000008d700000| Untracked 
| 216|0x000000008d800000, 0x000000008d900000, 0x000000008d900000|100%| O|  |TAMS 0x000000008d900000, 0x000000008d800000| Untracked 
| 217|0x000000008d900000, 0x000000008da00000, 0x000000008da00000|100%| O|  |TAMS 0x000000008d900000, 0x000000008d900000| Untracked 
| 218|0x000000008da00000, 0x000000008db00000, 0x000000008db00000|100%| O|  |TAMS 0x000000008da00000, 0x000000008da00000| Untracked 
| 219|0x000000008db00000, 0x000000008dc00000, 0x000000008dc00000|100%| O|  |TAMS 0x000000008db00000, 0x000000008db00000| Untracked 
| 220|0x000000008dc00000, 0x000000008dd00000, 0x000000008dd00000|100%| O|  |TAMS 0x000000008dd00000, 0x000000008dc00000| Untracked 
| 221|0x000000008dd00000, 0x000000008de00000, 0x000000008de00000|100%| O|  |TAMS 0x000000008de00000, 0x000000008dd00000| Untracked 
| 222|0x000000008de00000, 0x000000008df00000, 0x000000008df00000|100%| O|  |TAMS 0x000000008df00000, 0x000000008de00000| Untracked 
| 223|0x000000008df00000, 0x000000008e000000, 0x000000008e000000|100%| O|  |TAMS 0x000000008e000000, 0x000000008df00000| Untracked 
| 224|0x000000008e000000, 0x000000008e100000, 0x000000008e100000|100%| O|  |TAMS 0x000000008e000000, 0x000000008e000000| Untracked 
| 225|0x000000008e100000, 0x000000008e200000, 0x000000008e200000|100%| O|  |TAMS 0x000000008e100000, 0x000000008e100000| Untracked 
| 226|0x000000008e200000, 0x000000008e279600, 0x000000008e300000| 47%| O|  |TAMS 0x000000008e200000, 0x000000008e200000| Untracked 
| 227|0x000000008e300000, 0x000000008e300000, 0x000000008e400000|  0%| F|  |TAMS 0x000000008e300000, 0x000000008e300000| Untracked 
| 228|0x000000008e400000, 0x000000008e400000, 0x000000008e500000|  0%| F|  |TAMS 0x000000008e400000, 0x000000008e400000| Untracked 
| 229|0x000000008e500000, 0x000000008e500000, 0x000000008e600000|  0%| F|  |TAMS 0x000000008e500000, 0x000000008e500000| Untracked 
| 230|0x000000008e600000, 0x000000008e600000, 0x000000008e700000|  0%| F|  |TAMS 0x000000008e600000, 0x000000008e600000| Untracked 
| 231|0x000000008e700000, 0x000000008e700000, 0x000000008e800000|  0%| F|  |TAMS 0x000000008e700000, 0x000000008e700000| Untracked 
| 232|0x000000008e800000, 0x000000008e800000, 0x000000008e900000|  0%| F|  |TAMS 0x000000008e800000, 0x000000008e800000| Untracked 
| 233|0x000000008e900000, 0x000000008ea00000, 0x000000008ea00000|100%| O|  |TAMS 0x000000008e900000, 0x000000008e900000| Untracked 
| 234|0x000000008ea00000, 0x000000008eb00000, 0x000000008eb00000|100%| O|  |TAMS 0x000000008ea00000, 0x000000008ea00000| Untracked 
| 235|0x000000008eb00000, 0x000000008ec00000, 0x000000008ec00000|100%| O|  |TAMS 0x000000008eb00000, 0x000000008eb00000| Untracked 
| 236|0x000000008ec00000, 0x000000008ed00000, 0x000000008ed00000|100%| O|  |TAMS 0x000000008ec00000, 0x000000008ec00000| Untracked 
| 237|0x000000008ed00000, 0x000000008ee00000, 0x000000008ee00000|100%| O|  |TAMS 0x000000008ed00000, 0x000000008ed00000| Untracked 
| 238|0x000000008ee00000, 0x000000008ef00000, 0x000000008ef00000|100%| O|  |TAMS 0x000000008ee00000, 0x000000008ee00000| Untracked 
| 239|0x000000008ef00000, 0x000000008f000000, 0x000000008f000000|100%| O|  |TAMS 0x000000008ef00000, 0x000000008ef00000| Untracked 
| 240|0x000000008f000000, 0x000000008f000000, 0x000000008f100000|  0%| F|  |TAMS 0x000000008f000000, 0x000000008f000000| Untracked 
| 241|0x000000008f100000, 0x000000008f100000, 0x000000008f200000|  0%| F|  |TAMS 0x000000008f100000, 0x000000008f100000| Untracked 
| 242|0x000000008f200000, 0x000000008f300000, 0x000000008f300000|100%| O|  |TAMS 0x000000008f300000, 0x000000008f200000| Untracked 
| 243|0x000000008f300000, 0x000000008f400000, 0x000000008f400000|100%| O|  |TAMS 0x000000008f400000, 0x000000008f300000| Untracked 
| 244|0x000000008f400000, 0x000000008f400000, 0x000000008f500000|  0%| F|  |TAMS 0x000000008f400000, 0x000000008f400000| Untracked 
| 245|0x000000008f500000, 0x000000008f600000, 0x000000008f600000|100%| O|  |TAMS 0x000000008f500000, 0x000000008f500000| Untracked 
| 246|0x000000008f600000, 0x000000008f700000, 0x000000008f700000|100%| O|  |TAMS 0x000000008f700000, 0x000000008f600000| Untracked 
| 247|0x000000008f700000, 0x000000008f700000, 0x000000008f800000|  0%| F|  |TAMS 0x000000008f700000, 0x000000008f700000| Untracked 
| 248|0x000000008f800000, 0x000000008f800000, 0x000000008f900000|  0%| F|  |TAMS 0x000000008f800000, 0x000000008f800000| Untracked 
| 249|0x000000008f900000, 0x000000008fa00000, 0x000000008fa00000|100%| O|  |TAMS 0x000000008f900000, 0x000000008f900000| Untracked 
| 250|0x000000008fa00000, 0x000000008fb00000, 0x000000008fb00000|100%| O|  |TAMS 0x000000008fa00000, 0x000000008fa00000| Untracked 
| 251|0x000000008fb00000, 0x000000008fc00000, 0x000000008fc00000|100%| O|  |TAMS 0x000000008fb00000, 0x000000008fb00000| Untracked 
| 252|0x000000008fc00000, 0x000000008fd00000, 0x000000008fd00000|100%| O|  |TAMS 0x000000008fc00000, 0x000000008fc00000| Untracked 
| 253|0x000000008fd00000, 0x000000008fd00000, 0x000000008fe00000|  0%| F|  |TAMS 0x000000008fd00000, 0x000000008fd00000| Untracked 
| 254|0x000000008fe00000, 0x000000008fe00000, 0x000000008ff00000|  0%| F|  |TAMS 0x000000008fe00000, 0x000000008fe00000| Untracked 
| 255|0x000000008ff00000, 0x000000008ff00000, 0x0000000090000000|  0%| F|  |TAMS 0x000000008ff00000, 0x000000008ff00000| Untracked 
| 256|0x0000000090000000, 0x0000000090100000, 0x0000000090100000|100%| O|  |TAMS 0x0000000090000000, 0x0000000090000000| Untracked 
| 257|0x0000000090100000, 0x0000000090100000, 0x0000000090200000|  0%| F|  |TAMS 0x0000000090100000, 0x0000000090100000| Untracked 
| 258|0x0000000090200000, 0x0000000090200000, 0x0000000090300000|  0%| F|  |TAMS 0x0000000090200000, 0x0000000090200000| Untracked 
| 259|0x0000000090300000, 0x0000000090300000, 0x0000000090400000|  0%| F|  |TAMS 0x0000000090300000, 0x0000000090300000| Untracked 
| 260|0x0000000090400000, 0x0000000090500000, 0x0000000090500000|100%| O|  |TAMS 0x0000000090500000, 0x0000000090400000| Untracked 
| 261|0x0000000090500000, 0x0000000090600000, 0x0000000090600000|100%| O|  |TAMS 0x0000000090500000, 0x0000000090500000| Untracked 
| 262|0x0000000090600000, 0x0000000090600000, 0x0000000090700000|  0%| F|  |TAMS 0x0000000090600000, 0x0000000090600000| Untracked 
| 263|0x0000000090700000, 0x0000000090800000, 0x0000000090800000|100%| O|  |TAMS 0x0000000090700000, 0x0000000090700000| Untracked 
| 264|0x0000000090800000, 0x0000000090900000, 0x0000000090900000|100%| O|  |TAMS 0x0000000090800000, 0x0000000090800000| Untracked 
| 265|0x0000000090900000, 0x0000000090900000, 0x0000000090a00000|  0%| F|  |TAMS 0x0000000090900000, 0x0000000090900000| Untracked 
| 266|0x0000000090a00000, 0x0000000090b00000, 0x0000000090b00000|100%| O|  |TAMS 0x0000000090b00000, 0x0000000090a00000| Untracked 
| 267|0x0000000090b00000, 0x0000000090c00000, 0x0000000090c00000|100%| O|  |TAMS 0x0000000090c00000, 0x0000000090b00000| Untracked 
| 268|0x0000000090c00000, 0x0000000090d00000, 0x0000000090d00000|100%| O|  |TAMS 0x0000000090d00000, 0x0000000090c00000| Untracked 
| 269|0x0000000090d00000, 0x0000000090e00000, 0x0000000090e00000|100%| O|  |TAMS 0x0000000090e00000, 0x0000000090d00000| Untracked 
| 270|0x0000000090e00000, 0x0000000090f00000, 0x0000000090f00000|100%| O|  |TAMS 0x0000000090e00000, 0x0000000090e00000| Untracked 
| 271|0x0000000090f00000, 0x0000000090f00000, 0x0000000091000000|  0%| F|  |TAMS 0x0000000090f00000, 0x0000000090f00000| Untracked 
| 272|0x0000000091000000, 0x0000000091000000, 0x0000000091100000|  0%| F|  |TAMS 0x0000000091000000, 0x0000000091000000| Untracked 
| 273|0x0000000091100000, 0x0000000091200000, 0x0000000091200000|100%| O|  |TAMS 0x0000000091200000, 0x0000000091100000| Untracked 
| 274|0x0000000091200000, 0x0000000091200000, 0x0000000091300000|  0%| F|  |TAMS 0x0000000091200000, 0x0000000091200000| Untracked 
| 275|0x0000000091300000, 0x0000000091300000, 0x0000000091400000|  0%| F|  |TAMS 0x0000000091300000, 0x0000000091300000| Untracked 
| 276|0x0000000091400000, 0x0000000091500000, 0x0000000091500000|100%| O|  |TAMS 0x0000000091400000, 0x0000000091400000| Untracked 
| 277|0x0000000091500000, 0x0000000091500000, 0x0000000091600000|  0%| F|  |TAMS 0x0000000091500000, 0x0000000091500000| Untracked 
| 278|0x0000000091600000, 0x0000000091700000, 0x0000000091700000|100%| O|  |TAMS 0x0000000091700000, 0x0000000091600000| Untracked 
| 279|0x0000000091700000, 0x0000000091700000, 0x0000000091800000|  0%| F|  |TAMS 0x0000000091700000, 0x0000000091700000| Untracked 
| 280|0x0000000091800000, 0x0000000091800000, 0x0000000091900000|  0%| F|  |TAMS 0x0000000091800000, 0x0000000091800000| Untracked 
| 281|0x0000000091900000, 0x0000000091900000, 0x0000000091a00000|  0%| F|  |TAMS 0x0000000091900000, 0x0000000091900000| Untracked 
| 282|0x0000000091a00000, 0x0000000091a00000, 0x0000000091b00000|  0%| F|  |TAMS 0x0000000091a00000, 0x0000000091a00000| Untracked 
| 283|0x0000000091b00000, 0x0000000091b00000, 0x0000000091c00000|  0%| F|  |TAMS 0x0000000091b00000, 0x0000000091b00000| Untracked 
| 284|0x0000000091c00000, 0x0000000091c00000, 0x0000000091d00000|  0%| F|  |TAMS 0x0000000091c00000, 0x0000000091c00000| Untracked 
| 285|0x0000000091d00000, 0x0000000091d00000, 0x0000000091e00000|  0%| F|  |TAMS 0x0000000091d00000, 0x0000000091d00000| Untracked 
| 286|0x0000000091e00000, 0x0000000091e00000, 0x0000000091f00000|  0%| F|  |TAMS 0x0000000091e00000, 0x0000000091e00000| Untracked 
| 287|0x0000000091f00000, 0x0000000092000000, 0x0000000092000000|100%| O|  |TAMS 0x0000000092000000, 0x0000000091f00000| Untracked 
| 288|0x0000000092000000, 0x0000000092000000, 0x0000000092100000|  0%| F|  |TAMS 0x0000000092000000, 0x0000000092000000| Untracked 
| 289|0x0000000092100000, 0x0000000092100000, 0x0000000092200000|  0%| F|  |TAMS 0x0000000092100000, 0x0000000092100000| Untracked 
| 290|0x0000000092200000, 0x0000000092200000, 0x0000000092300000|  0%| F|  |TAMS 0x0000000092200000, 0x0000000092200000| Untracked 
| 291|0x0000000092300000, 0x0000000092300000, 0x0000000092400000|  0%| F|  |TAMS 0x0000000092300000, 0x0000000092300000| Untracked 
| 292|0x0000000092400000, 0x0000000092400000, 0x0000000092500000|  0%| F|  |TAMS 0x0000000092400000, 0x0000000092400000| Untracked 
| 293|0x0000000092500000, 0x0000000092500000, 0x0000000092600000|  0%| F|  |TAMS 0x0000000092500000, 0x0000000092500000| Untracked 
| 294|0x0000000092600000, 0x0000000092600000, 0x0000000092700000|  0%| F|  |TAMS 0x0000000092600000, 0x0000000092600000| Untracked 
| 295|0x0000000092700000, 0x0000000092700000, 0x0000000092800000|  0%| F|  |TAMS 0x0000000092700000, 0x0000000092700000| Untracked 
| 296|0x0000000092800000, 0x0000000092800000, 0x0000000092900000|  0%| F|  |TAMS 0x0000000092800000, 0x0000000092800000| Untracked 
| 297|0x0000000092900000, 0x0000000092900000, 0x0000000092a00000|  0%| F|  |TAMS 0x0000000092900000, 0x0000000092900000| Untracked 
| 298|0x0000000092a00000, 0x0000000092a00000, 0x0000000092b00000|  0%| F|  |TAMS 0x0000000092a00000, 0x0000000092a00000| Untracked 
| 299|0x0000000092b00000, 0x0000000092b00000, 0x0000000092c00000|  0%| F|  |TAMS 0x0000000092b00000, 0x0000000092b00000| Untracked 
| 300|0x0000000092c00000, 0x0000000092c00000, 0x0000000092d00000|  0%| F|  |TAMS 0x0000000092c00000, 0x0000000092c00000| Untracked 
| 301|0x0000000092d00000, 0x0000000092d00000, 0x0000000092e00000|  0%| F|  |TAMS 0x0000000092d00000, 0x0000000092d00000| Untracked 
| 302|0x0000000092e00000, 0x0000000092e00000, 0x0000000092f00000|  0%| F|  |TAMS 0x0000000092e00000, 0x0000000092e00000| Untracked 
| 303|0x0000000092f00000, 0x0000000092f00000, 0x0000000093000000|  0%| F|  |TAMS 0x0000000092f00000, 0x0000000092f00000| Untracked 
| 304|0x0000000093000000, 0x0000000093000000, 0x0000000093100000|  0%| F|  |TAMS 0x0000000093000000, 0x0000000093000000| Untracked 
| 305|0x0000000093100000, 0x0000000093100000, 0x0000000093200000|  0%| F|  |TAMS 0x0000000093100000, 0x0000000093100000| Untracked 
| 306|0x0000000093200000, 0x0000000093200000, 0x0000000093300000|  0%| F|  |TAMS 0x0000000093200000, 0x0000000093200000| Untracked 
| 307|0x0000000093300000, 0x0000000093300000, 0x0000000093400000|  0%| F|  |TAMS 0x0000000093300000, 0x0000000093300000| Untracked 
| 308|0x0000000093400000, 0x0000000093400000, 0x0000000093500000|  0%| F|  |TAMS 0x0000000093400000, 0x0000000093400000| Untracked 
| 309|0x0000000093500000, 0x0000000093500000, 0x0000000093600000|  0%| F|  |TAMS 0x0000000093500000, 0x0000000093500000| Untracked 
| 310|0x0000000093600000, 0x0000000093600000, 0x0000000093700000|  0%| F|  |TAMS 0x0000000093600000, 0x0000000093600000| Untracked 
| 311|0x0000000093700000, 0x0000000093700000, 0x0000000093800000|  0%| F|  |TAMS 0x0000000093700000, 0x0000000093700000| Untracked 
| 312|0x0000000093800000, 0x0000000093800000, 0x0000000093900000|  0%| F|  |TAMS 0x0000000093800000, 0x0000000093800000| Untracked 
| 313|0x0000000093900000, 0x0000000093900000, 0x0000000093a00000|  0%| F|  |TAMS 0x0000000093900000, 0x0000000093900000| Untracked 
| 314|0x0000000093a00000, 0x0000000093a00000, 0x0000000093b00000|  0%| F|  |TAMS 0x0000000093a00000, 0x0000000093a00000| Untracked 
| 315|0x0000000093b00000, 0x0000000093b00000, 0x0000000093c00000|  0%| F|  |TAMS 0x0000000093b00000, 0x0000000093b00000| Untracked 
| 316|0x0000000093c00000, 0x0000000093c00000, 0x0000000093d00000|  0%| F|  |TAMS 0x0000000093c00000, 0x0000000093c00000| Untracked 
| 317|0x0000000093d00000, 0x0000000093d00000, 0x0000000093e00000|  0%| F|  |TAMS 0x0000000093d00000, 0x0000000093d00000| Untracked 
| 318|0x0000000093e00000, 0x0000000093e00000, 0x0000000093f00000|  0%| F|  |TAMS 0x0000000093e00000, 0x0000000093e00000| Untracked 
| 319|0x0000000093f00000, 0x0000000093f00000, 0x0000000094000000|  0%| F|  |TAMS 0x0000000093f00000, 0x0000000093f00000| Untracked 
| 320|0x0000000094000000, 0x0000000094000000, 0x0000000094100000|  0%| F|  |TAMS 0x0000000094000000, 0x0000000094000000| Untracked 
| 321|0x0000000094100000, 0x0000000094100000, 0x0000000094200000|  0%| F|  |TAMS 0x0000000094100000, 0x0000000094100000| Untracked 
| 322|0x0000000094200000, 0x0000000094200000, 0x0000000094300000|  0%| F|  |TAMS 0x0000000094200000, 0x0000000094200000| Untracked 
| 323|0x0000000094300000, 0x0000000094300000, 0x0000000094400000|  0%| F|  |TAMS 0x0000000094300000, 0x0000000094300000| Untracked 
| 324|0x0000000094400000, 0x0000000094400000, 0x0000000094500000|  0%| F|  |TAMS 0x0000000094400000, 0x0000000094400000| Untracked 
| 325|0x0000000094500000, 0x0000000094500000, 0x0000000094600000|  0%| F|  |TAMS 0x0000000094500000, 0x0000000094500000| Untracked 
| 326|0x0000000094600000, 0x0000000094600000, 0x0000000094700000|  0%| F|  |TAMS 0x0000000094600000, 0x0000000094600000| Untracked 
| 327|0x0000000094700000, 0x0000000094700000, 0x0000000094800000|  0%| F|  |TAMS 0x0000000094700000, 0x0000000094700000| Untracked 
| 328|0x0000000094800000, 0x0000000094800000, 0x0000000094900000|  0%| F|  |TAMS 0x0000000094800000, 0x0000000094800000| Untracked 
| 329|0x0000000094900000, 0x0000000094900000, 0x0000000094a00000|  0%| F|  |TAMS 0x0000000094900000, 0x0000000094900000| Untracked 
| 330|0x0000000094a00000, 0x0000000094a00000, 0x0000000094b00000|  0%| F|  |TAMS 0x0000000094a00000, 0x0000000094a00000| Untracked 
| 331|0x0000000094b00000, 0x0000000094b00000, 0x0000000094c00000|  0%| F|  |TAMS 0x0000000094b00000, 0x0000000094b00000| Untracked 
| 332|0x0000000094c00000, 0x0000000094c00000, 0x0000000094d00000|  0%| F|  |TAMS 0x0000000094c00000, 0x0000000094c00000| Untracked 
| 333|0x0000000094d00000, 0x0000000094d00000, 0x0000000094e00000|  0%| F|  |TAMS 0x0000000094d00000, 0x0000000094d00000| Untracked 
| 334|0x0000000094e00000, 0x0000000094e00000, 0x0000000094f00000|  0%| F|  |TAMS 0x0000000094e00000, 0x0000000094e00000| Untracked 
| 335|0x0000000094f00000, 0x0000000094f00000, 0x0000000095000000|  0%| F|  |TAMS 0x0000000094f00000, 0x0000000094f00000| Untracked 
| 336|0x0000000095000000, 0x0000000095000000, 0x0000000095100000|  0%| F|  |TAMS 0x0000000095000000, 0x0000000095000000| Untracked 
| 337|0x0000000095100000, 0x0000000095100000, 0x0000000095200000|  0%| F|  |TAMS 0x0000000095100000, 0x0000000095100000| Untracked 
| 338|0x0000000095200000, 0x0000000095200000, 0x0000000095300000|  0%| F|  |TAMS 0x0000000095200000, 0x0000000095200000| Untracked 
| 339|0x0000000095300000, 0x0000000095300000, 0x0000000095400000|  0%| F|  |TAMS 0x0000000095300000, 0x0000000095300000| Untracked 
| 340|0x0000000095400000, 0x0000000095400000, 0x0000000095500000|  0%| F|  |TAMS 0x0000000095400000, 0x0000000095400000| Untracked 
| 341|0x0000000095500000, 0x0000000095500000, 0x0000000095600000|  0%| F|  |TAMS 0x0000000095500000, 0x0000000095500000| Untracked 
| 342|0x0000000095600000, 0x0000000095600000, 0x0000000095700000|  0%| F|  |TAMS 0x0000000095600000, 0x0000000095600000| Untracked 
| 343|0x0000000095700000, 0x0000000095700000, 0x0000000095800000|  0%| F|  |TAMS 0x0000000095700000, 0x0000000095700000| Untracked 
| 344|0x0000000095800000, 0x0000000095800000, 0x0000000095900000|  0%| F|  |TAMS 0x0000000095800000, 0x0000000095800000| Untracked 
| 345|0x0000000095900000, 0x0000000095900000, 0x0000000095a00000|  0%| F|  |TAMS 0x0000000095900000, 0x0000000095900000| Untracked 
| 346|0x0000000095a00000, 0x0000000095a00000, 0x0000000095b00000|  0%| F|  |TAMS 0x0000000095a00000, 0x0000000095a00000| Untracked 
| 347|0x0000000095b00000, 0x0000000095b00000, 0x0000000095c00000|  0%| F|  |TAMS 0x0000000095b00000, 0x0000000095b00000| Untracked 
| 348|0x0000000095c00000, 0x0000000095c00000, 0x0000000095d00000|  0%| F|  |TAMS 0x0000000095c00000, 0x0000000095c00000| Untracked 
| 349|0x0000000095d00000, 0x0000000095d00000, 0x0000000095e00000|  0%| F|  |TAMS 0x0000000095d00000, 0x0000000095d00000| Untracked 
| 350|0x0000000095e00000, 0x0000000095e00000, 0x0000000095f00000|  0%| F|  |TAMS 0x0000000095e00000, 0x0000000095e00000| Untracked 
| 351|0x0000000095f00000, 0x0000000095f00000, 0x0000000096000000|  0%| F|  |TAMS 0x0000000095f00000, 0x0000000095f00000| Untracked 
| 352|0x0000000096000000, 0x0000000096000000, 0x0000000096100000|  0%| F|  |TAMS 0x0000000096000000, 0x0000000096000000| Untracked 
| 353|0x0000000096100000, 0x0000000096100000, 0x0000000096200000|  0%| F|  |TAMS 0x0000000096100000, 0x0000000096100000| Untracked 
| 354|0x0000000096200000, 0x0000000096200000, 0x0000000096300000|  0%| F|  |TAMS 0x0000000096200000, 0x0000000096200000| Untracked 
| 355|0x0000000096300000, 0x0000000096300000, 0x0000000096400000|  0%| F|  |TAMS 0x0000000096300000, 0x0000000096300000| Untracked 
| 356|0x0000000096400000, 0x0000000096400000, 0x0000000096500000|  0%| F|  |TAMS 0x0000000096400000, 0x0000000096400000| Untracked 
| 357|0x0000000096500000, 0x0000000096600000, 0x0000000096600000|100%| O|  |TAMS 0x0000000096600000, 0x0000000096500000| Untracked 
| 358|0x0000000096600000, 0x0000000096700000, 0x0000000096700000|100%| O|  |TAMS 0x0000000096700000, 0x0000000096600000| Untracked 
| 359|0x0000000096700000, 0x0000000096700000, 0x0000000096800000|  0%| F|  |TAMS 0x0000000096700000, 0x0000000096700000| Untracked 
| 360|0x0000000096800000, 0x0000000096800000, 0x0000000096900000|  0%| F|  |TAMS 0x0000000096800000, 0x0000000096800000| Untracked 
| 361|0x0000000096900000, 0x0000000096900000, 0x0000000096a00000|  0%| F|  |TAMS 0x0000000096900000, 0x0000000096900000| Untracked 
| 362|0x0000000096a00000, 0x0000000096b00000, 0x0000000096b00000|100%| O|  |TAMS 0x0000000096b00000, 0x0000000096a00000| Untracked 
| 363|0x0000000096b00000, 0x0000000096b00000, 0x0000000096c00000|  0%| F|  |TAMS 0x0000000096b00000, 0x0000000096b00000| Untracked 
| 364|0x0000000096c00000, 0x0000000096c00000, 0x0000000096d00000|  0%| F|  |TAMS 0x0000000096c00000, 0x0000000096c00000| Untracked 
| 365|0x0000000096d00000, 0x0000000096d00000, 0x0000000096e00000|  0%| F|  |TAMS 0x0000000096d00000, 0x0000000096d00000| Untracked 
| 366|0x0000000096e00000, 0x0000000096e00000, 0x0000000096f00000|  0%| F|  |TAMS 0x0000000096e00000, 0x0000000096e00000| Untracked 
| 367|0x0000000096f00000, 0x0000000096f00000, 0x0000000097000000|  0%| F|  |TAMS 0x0000000096f00000, 0x0000000096f00000| Untracked 
| 368|0x0000000097000000, 0x0000000097000000, 0x0000000097100000|  0%| F|  |TAMS 0x0000000097000000, 0x0000000097000000| Untracked 
| 369|0x0000000097100000, 0x0000000097100000, 0x0000000097200000|  0%| F|  |TAMS 0x0000000097100000, 0x0000000097100000| Untracked 
| 370|0x0000000097200000, 0x0000000097200000, 0x0000000097300000|  0%| F|  |TAMS 0x0000000097200000, 0x0000000097200000| Untracked 
| 371|0x0000000097300000, 0x0000000097300000, 0x0000000097400000|  0%| F|  |TAMS 0x0000000097300000, 0x0000000097300000| Untracked 
| 372|0x0000000097400000, 0x0000000097400000, 0x0000000097500000|  0%| F|  |TAMS 0x0000000097400000, 0x0000000097400000| Untracked 
| 373|0x0000000097500000, 0x0000000097500000, 0x0000000097600000|  0%| F|  |TAMS 0x0000000097500000, 0x0000000097500000| Untracked 
| 374|0x0000000097600000, 0x0000000097700000, 0x0000000097700000|100%| O|  |TAMS 0x0000000097700000, 0x0000000097600000| Untracked 
| 375|0x0000000097700000, 0x0000000097700000, 0x0000000097800000|  0%| F|  |TAMS 0x0000000097700000, 0x0000000097700000| Untracked 
| 376|0x0000000097800000, 0x0000000097800000, 0x0000000097900000|  0%| F|  |TAMS 0x0000000097800000, 0x0000000097800000| Untracked 
| 377|0x0000000097900000, 0x0000000097900000, 0x0000000097a00000|  0%| F|  |TAMS 0x0000000097900000, 0x0000000097900000| Untracked 
| 378|0x0000000097a00000, 0x0000000097a00000, 0x0000000097b00000|  0%| F|  |TAMS 0x0000000097a00000, 0x0000000097a00000| Untracked 
| 379|0x0000000097b00000, 0x0000000097b00000, 0x0000000097c00000|  0%| F|  |TAMS 0x0000000097b00000, 0x0000000097b00000| Untracked 
| 380|0x0000000097c00000, 0x0000000097c00000, 0x0000000097d00000|  0%| F|  |TAMS 0x0000000097c00000, 0x0000000097c00000| Untracked 
| 381|0x0000000097d00000, 0x0000000097d00000, 0x0000000097e00000|  0%| F|  |TAMS 0x0000000097d00000, 0x0000000097d00000| Untracked 
| 382|0x0000000097e00000, 0x0000000097e00000, 0x0000000097f00000|  0%| F|  |TAMS 0x0000000097e00000, 0x0000000097e00000| Untracked 
| 383|0x0000000097f00000, 0x0000000097f00000, 0x0000000098000000|  0%| F|  |TAMS 0x0000000097f00000, 0x0000000097f00000| Untracked 
| 384|0x0000000098000000, 0x0000000098000000, 0x0000000098100000|  0%| F|  |TAMS 0x0000000098000000, 0x0000000098000000| Untracked 
| 385|0x0000000098100000, 0x0000000098100000, 0x0000000098200000|  0%| F|  |TAMS 0x0000000098100000, 0x0000000098100000| Untracked 
| 386|0x0000000098200000, 0x0000000098200000, 0x0000000098300000|  0%| F|  |TAMS 0x0000000098200000, 0x0000000098200000| Untracked 
| 387|0x0000000098300000, 0x0000000098300000, 0x0000000098400000|  0%| F|  |TAMS 0x0000000098300000, 0x0000000098300000| Untracked 
| 388|0x0000000098400000, 0x0000000098400000, 0x0000000098500000|  0%| F|  |TAMS 0x0000000098400000, 0x0000000098400000| Untracked 
| 389|0x0000000098500000, 0x0000000098500000, 0x0000000098600000|  0%| F|  |TAMS 0x0000000098500000, 0x0000000098500000| Untracked 
| 390|0x0000000098600000, 0x0000000098700000, 0x0000000098700000|100%| O|  |TAMS 0x0000000098700000, 0x0000000098600000| Untracked 
| 391|0x0000000098700000, 0x0000000098700000, 0x0000000098800000|  0%| F|  |TAMS 0x0000000098700000, 0x0000000098700000| Untracked 
| 392|0x0000000098800000, 0x0000000098800000, 0x0000000098900000|  0%| F|  |TAMS 0x0000000098800000, 0x0000000098800000| Untracked 
| 393|0x0000000098900000, 0x0000000098900000, 0x0000000098a00000|  0%| F|  |TAMS 0x0000000098900000, 0x0000000098900000| Untracked 
| 394|0x0000000098a00000, 0x0000000098a00000, 0x0000000098b00000|  0%| F|  |TAMS 0x0000000098a00000, 0x0000000098a00000| Untracked 
| 395|0x0000000098b00000, 0x0000000098b00000, 0x0000000098c00000|  0%| F|  |TAMS 0x0000000098b00000, 0x0000000098b00000| Untracked 
| 396|0x0000000098c00000, 0x0000000098c00000, 0x0000000098d00000|  0%| F|  |TAMS 0x0000000098c00000, 0x0000000098c00000| Untracked 
| 397|0x0000000098d00000, 0x0000000098d00000, 0x0000000098e00000|  0%| F|  |TAMS 0x0000000098d00000, 0x0000000098d00000| Untracked 
| 398|0x0000000098e00000, 0x0000000098e00000, 0x0000000098f00000|  0%| F|  |TAMS 0x0000000098e00000, 0x0000000098e00000| Untracked 
| 399|0x0000000098f00000, 0x0000000098f00000, 0x0000000099000000|  0%| F|  |TAMS 0x0000000098f00000, 0x0000000098f00000| Untracked 
| 400|0x0000000099000000, 0x0000000099000000, 0x0000000099100000|  0%| F|  |TAMS 0x0000000099000000, 0x0000000099000000| Untracked 
| 401|0x0000000099100000, 0x0000000099100000, 0x0000000099200000|  0%| F|  |TAMS 0x0000000099100000, 0x0000000099100000| Untracked 
| 402|0x0000000099200000, 0x0000000099200000, 0x0000000099300000|  0%| F|  |TAMS 0x0000000099200000, 0x0000000099200000| Untracked 
| 403|0x0000000099300000, 0x0000000099300000, 0x0000000099400000|  0%| F|  |TAMS 0x0000000099300000, 0x0000000099300000| Untracked 
| 404|0x0000000099400000, 0x0000000099400000, 0x0000000099500000|  0%| F|  |TAMS 0x0000000099400000, 0x0000000099400000| Untracked 
| 405|0x0000000099500000, 0x0000000099500000, 0x0000000099600000|  0%| F|  |TAMS 0x0000000099500000, 0x0000000099500000| Untracked 
| 406|0x0000000099600000, 0x0000000099600000, 0x0000000099700000|  0%| F|  |TAMS 0x0000000099600000, 0x0000000099600000| Untracked 
| 407|0x0000000099700000, 0x0000000099700000, 0x0000000099800000|  0%| F|  |TAMS 0x0000000099700000, 0x0000000099700000| Untracked 
| 408|0x0000000099800000, 0x0000000099800000, 0x0000000099900000|  0%| F|  |TAMS 0x0000000099800000, 0x0000000099800000| Untracked 
| 409|0x0000000099900000, 0x0000000099900000, 0x0000000099a00000|  0%| F|  |TAMS 0x0000000099900000, 0x0000000099900000| Untracked 
| 410|0x0000000099a00000, 0x0000000099b00000, 0x0000000099b00000|100%| O|  |TAMS 0x0000000099b00000, 0x0000000099a00000| Untracked 
| 411|0x0000000099b00000, 0x0000000099b00000, 0x0000000099c00000|  0%| F|  |TAMS 0x0000000099b00000, 0x0000000099b00000| Untracked 
| 412|0x0000000099c00000, 0x0000000099c00000, 0x0000000099d00000|  0%| F|  |TAMS 0x0000000099c00000, 0x0000000099c00000| Untracked 
| 413|0x0000000099d00000, 0x0000000099d00000, 0x0000000099e00000|  0%| F|  |TAMS 0x0000000099d00000, 0x0000000099d00000| Untracked 
| 414|0x0000000099e00000, 0x0000000099e00000, 0x0000000099f00000|  0%| F|  |TAMS 0x0000000099e00000, 0x0000000099e00000| Untracked 
| 415|0x0000000099f00000, 0x0000000099f00000, 0x000000009a000000|  0%| F|  |TAMS 0x0000000099f00000, 0x0000000099f00000| Untracked 
| 416|0x000000009a000000, 0x000000009a000000, 0x000000009a100000|  0%| F|  |TAMS 0x000000009a000000, 0x000000009a000000| Untracked 
| 417|0x000000009a100000, 0x000000009a100000, 0x000000009a200000|  0%| F|  |TAMS 0x000000009a100000, 0x000000009a100000| Untracked 
| 418|0x000000009a200000, 0x000000009a200000, 0x000000009a300000|  0%| F|  |TAMS 0x000000009a200000, 0x000000009a200000| Untracked 
| 419|0x000000009a300000, 0x000000009a300000, 0x000000009a400000|  0%| F|  |TAMS 0x000000009a300000, 0x000000009a300000| Untracked 
| 420|0x000000009a400000, 0x000000009a400000, 0x000000009a500000|  0%| F|  |TAMS 0x000000009a400000, 0x000000009a400000| Untracked 
| 421|0x000000009a500000, 0x000000009a500000, 0x000000009a600000|  0%| F|  |TAMS 0x000000009a500000, 0x000000009a500000| Untracked 
| 422|0x000000009a600000, 0x000000009a600000, 0x000000009a700000|  0%| F|  |TAMS 0x000000009a600000, 0x000000009a600000| Untracked 
| 423|0x000000009a700000, 0x000000009a700000, 0x000000009a800000|  0%| F|  |TAMS 0x000000009a700000, 0x000000009a700000| Untracked 
| 424|0x000000009a800000, 0x000000009a800000, 0x000000009a900000|  0%| F|  |TAMS 0x000000009a800000, 0x000000009a800000| Untracked 
| 425|0x000000009a900000, 0x000000009a900000, 0x000000009aa00000|  0%| F|  |TAMS 0x000000009a900000, 0x000000009a900000| Untracked 
| 426|0x000000009aa00000, 0x000000009aa00000, 0x000000009ab00000|  0%| F|  |TAMS 0x000000009aa00000, 0x000000009aa00000| Untracked 
| 427|0x000000009ab00000, 0x000000009ab00000, 0x000000009ac00000|  0%| F|  |TAMS 0x000000009ab00000, 0x000000009ab00000| Untracked 
| 428|0x000000009ac00000, 0x000000009ac00000, 0x000000009ad00000|  0%| F|  |TAMS 0x000000009ac00000, 0x000000009ac00000| Untracked 
| 429|0x000000009ad00000, 0x000000009ad00000, 0x000000009ae00000|  0%| F|  |TAMS 0x000000009ad00000, 0x000000009ad00000| Untracked 
| 430|0x000000009ae00000, 0x000000009ae00000, 0x000000009af00000|  0%| F|  |TAMS 0x000000009ae00000, 0x000000009ae00000| Untracked 
| 431|0x000000009af00000, 0x000000009af00000, 0x000000009b000000|  0%| F|  |TAMS 0x000000009af00000, 0x000000009af00000| Untracked 
| 432|0x000000009b000000, 0x000000009b000000, 0x000000009b100000|  0%| F|  |TAMS 0x000000009b000000, 0x000000009b000000| Untracked 
| 433|0x000000009b100000, 0x000000009b100000, 0x000000009b200000|  0%| F|  |TAMS 0x000000009b100000, 0x000000009b100000| Untracked 
| 434|0x000000009b200000, 0x000000009b200000, 0x000000009b300000|  0%| F|  |TAMS 0x000000009b200000, 0x000000009b200000| Untracked 
| 435|0x000000009b300000, 0x000000009b300000, 0x000000009b400000|  0%| F|  |TAMS 0x000000009b300000, 0x000000009b300000| Untracked 
| 436|0x000000009b400000, 0x000000009b400000, 0x000000009b500000|  0%| F|  |TAMS 0x000000009b400000, 0x000000009b400000| Untracked 
| 437|0x000000009b500000, 0x000000009b500000, 0x000000009b600000|  0%| F|  |TAMS 0x000000009b500000, 0x000000009b500000| Untracked 
| 438|0x000000009b600000, 0x000000009b600000, 0x000000009b700000|  0%| F|  |TAMS 0x000000009b600000, 0x000000009b600000| Untracked 
| 439|0x000000009b700000, 0x000000009b700000, 0x000000009b800000|  0%| F|  |TAMS 0x000000009b700000, 0x000000009b700000| Untracked 
| 440|0x000000009b800000, 0x000000009b800000, 0x000000009b900000|  0%| F|  |TAMS 0x000000009b800000, 0x000000009b800000| Untracked 
| 441|0x000000009b900000, 0x000000009b900000, 0x000000009ba00000|  0%| F|  |TAMS 0x000000009b900000, 0x000000009b900000| Untracked 
| 442|0x000000009ba00000, 0x000000009ba00000, 0x000000009bb00000|  0%| F|  |TAMS 0x000000009ba00000, 0x000000009ba00000| Untracked 
| 443|0x000000009bb00000, 0x000000009bb00000, 0x000000009bc00000|  0%| F|  |TAMS 0x000000009bb00000, 0x000000009bb00000| Untracked 
| 444|0x000000009bc00000, 0x000000009bc00000, 0x000000009bd00000|  0%| F|  |TAMS 0x000000009bc00000, 0x000000009bc00000| Untracked 
| 445|0x000000009bd00000, 0x000000009bd00000, 0x000000009be00000|  0%| F|  |TAMS 0x000000009bd00000, 0x000000009bd00000| Untracked 
| 446|0x000000009be00000, 0x000000009be00000, 0x000000009bf00000|  0%| F|  |TAMS 0x000000009be00000, 0x000000009be00000| Untracked 
| 447|0x000000009bf00000, 0x000000009bf00000, 0x000000009c000000|  0%| F|  |TAMS 0x000000009bf00000, 0x000000009bf00000| Untracked 
| 448|0x000000009c000000, 0x000000009c000000, 0x000000009c100000|  0%| F|  |TAMS 0x000000009c000000, 0x000000009c000000| Untracked 
| 449|0x000000009c100000, 0x000000009c100000, 0x000000009c200000|  0%| F|  |TAMS 0x000000009c100000, 0x000000009c100000| Untracked 
| 450|0x000000009c200000, 0x000000009c200000, 0x000000009c300000|  0%| F|  |TAMS 0x000000009c200000, 0x000000009c200000| Untracked 
| 451|0x000000009c300000, 0x000000009c300000, 0x000000009c400000|  0%| F|  |TAMS 0x000000009c300000, 0x000000009c300000| Untracked 
| 452|0x000000009c400000, 0x000000009c400000, 0x000000009c500000|  0%| F|  |TAMS 0x000000009c400000, 0x000000009c400000| Untracked 
| 453|0x000000009c500000, 0x000000009c500000, 0x000000009c600000|  0%| F|  |TAMS 0x000000009c500000, 0x000000009c500000| Untracked 
| 454|0x000000009c600000, 0x000000009c600000, 0x000000009c700000|  0%| F|  |TAMS 0x000000009c600000, 0x000000009c600000| Untracked 
| 455|0x000000009c700000, 0x000000009c700000, 0x000000009c800000|  0%| F|  |TAMS 0x000000009c700000, 0x000000009c700000| Untracked 
| 456|0x000000009c800000, 0x000000009c800000, 0x000000009c900000|  0%| F|  |TAMS 0x000000009c800000, 0x000000009c800000| Untracked 
| 457|0x000000009c900000, 0x000000009c900000, 0x000000009ca00000|  0%| F|  |TAMS 0x000000009c900000, 0x000000009c900000| Untracked 
| 458|0x000000009ca00000, 0x000000009ca00000, 0x000000009cb00000|  0%| F|  |TAMS 0x000000009ca00000, 0x000000009ca00000| Untracked 
| 459|0x000000009cb00000, 0x000000009cb00000, 0x000000009cc00000|  0%| F|  |TAMS 0x000000009cb00000, 0x000000009cb00000| Untracked 
| 460|0x000000009cc00000, 0x000000009cc00000, 0x000000009cd00000|  0%| F|  |TAMS 0x000000009cc00000, 0x000000009cc00000| Untracked 
| 461|0x000000009cd00000, 0x000000009cd00000, 0x000000009ce00000|  0%| F|  |TAMS 0x000000009cd00000, 0x000000009cd00000| Untracked 
| 462|0x000000009ce00000, 0x000000009ce00000, 0x000000009cf00000|  0%| F|  |TAMS 0x000000009ce00000, 0x000000009ce00000| Untracked 
| 463|0x000000009cf00000, 0x000000009cf00000, 0x000000009d000000|  0%| F|  |TAMS 0x000000009cf00000, 0x000000009cf00000| Untracked 
| 464|0x000000009d000000, 0x000000009d000000, 0x000000009d100000|  0%| F|  |TAMS 0x000000009d000000, 0x000000009d000000| Untracked 
| 465|0x000000009d100000, 0x000000009d100000, 0x000000009d200000|  0%| F|  |TAMS 0x000000009d100000, 0x000000009d100000| Untracked 
| 466|0x000000009d200000, 0x000000009d200000, 0x000000009d300000|  0%| F|  |TAMS 0x000000009d200000, 0x000000009d200000| Untracked 
| 467|0x000000009d300000, 0x000000009d300000, 0x000000009d400000|  0%| F|  |TAMS 0x000000009d300000, 0x000000009d300000| Untracked 
| 468|0x000000009d400000, 0x000000009d400000, 0x000000009d500000|  0%| F|  |TAMS 0x000000009d400000, 0x000000009d400000| Untracked 
| 469|0x000000009d500000, 0x000000009d500000, 0x000000009d600000|  0%| F|  |TAMS 0x000000009d500000, 0x000000009d500000| Untracked 
| 470|0x000000009d600000, 0x000000009d600000, 0x000000009d700000|  0%| F|  |TAMS 0x000000009d600000, 0x000000009d600000| Untracked 
| 471|0x000000009d700000, 0x000000009d700000, 0x000000009d800000|  0%| F|  |TAMS 0x000000009d700000, 0x000000009d700000| Untracked 
| 472|0x000000009d800000, 0x000000009d800000, 0x000000009d900000|  0%| F|  |TAMS 0x000000009d800000, 0x000000009d800000| Untracked 
| 473|0x000000009d900000, 0x000000009d900000, 0x000000009da00000|  0%| F|  |TAMS 0x000000009d900000, 0x000000009d900000| Untracked 
| 474|0x000000009da00000, 0x000000009da00000, 0x000000009db00000|  0%| F|  |TAMS 0x000000009da00000, 0x000000009da00000| Untracked 
| 475|0x000000009db00000, 0x000000009db00000, 0x000000009dc00000|  0%| F|  |TAMS 0x000000009db00000, 0x000000009db00000| Untracked 
| 476|0x000000009dc00000, 0x000000009dc00000, 0x000000009dd00000|  0%| F|  |TAMS 0x000000009dc00000, 0x000000009dc00000| Untracked 
| 477|0x000000009dd00000, 0x000000009dd00000, 0x000000009de00000|  0%| F|  |TAMS 0x000000009dd00000, 0x000000009dd00000| Untracked 
| 478|0x000000009de00000, 0x000000009de00000, 0x000000009df00000|  0%| F|  |TAMS 0x000000009de00000, 0x000000009de00000| Untracked 
| 479|0x000000009df00000, 0x000000009df00000, 0x000000009e000000|  0%| F|  |TAMS 0x000000009df00000, 0x000000009df00000| Untracked 
| 480|0x000000009e000000, 0x000000009e000000, 0x000000009e100000|  0%| F|  |TAMS 0x000000009e000000, 0x000000009e000000| Untracked 
| 481|0x000000009e100000, 0x000000009e100000, 0x000000009e200000|  0%| F|  |TAMS 0x000000009e100000, 0x000000009e100000| Untracked 
| 482|0x000000009e200000, 0x000000009e200000, 0x000000009e300000|  0%| F|  |TAMS 0x000000009e200000, 0x000000009e200000| Untracked 
| 483|0x000000009e300000, 0x000000009e400000, 0x000000009e400000|100%| O|  |TAMS 0x000000009e400000, 0x000000009e300000| Untracked 
| 484|0x000000009e400000, 0x000000009e400000, 0x000000009e500000|  0%| F|  |TAMS 0x000000009e400000, 0x000000009e400000| Untracked 
| 485|0x000000009e500000, 0x000000009e500000, 0x000000009e600000|  0%| F|  |TAMS 0x000000009e500000, 0x000000009e500000| Untracked 
| 486|0x000000009e600000, 0x000000009e600000, 0x000000009e700000|  0%| F|  |TAMS 0x000000009e600000, 0x000000009e600000| Untracked 
| 487|0x000000009e700000, 0x000000009e700000, 0x000000009e800000|  0%| F|  |TAMS 0x000000009e700000, 0x000000009e700000| Untracked 
| 488|0x000000009e800000, 0x000000009e800000, 0x000000009e900000|  0%| F|  |TAMS 0x000000009e800000, 0x000000009e800000| Untracked 
| 489|0x000000009e900000, 0x000000009e900000, 0x000000009ea00000|  0%| F|  |TAMS 0x000000009e900000, 0x000000009e900000| Untracked 
| 490|0x000000009ea00000, 0x000000009eb00000, 0x000000009eb00000|100%| O|  |TAMS 0x000000009eb00000, 0x000000009ea00000| Untracked 
| 491|0x000000009eb00000, 0x000000009eb00000, 0x000000009ec00000|  0%| F|  |TAMS 0x000000009eb00000, 0x000000009eb00000| Untracked 
| 492|0x000000009ec00000, 0x000000009ec00000, 0x000000009ed00000|  0%| F|  |TAMS 0x000000009ec00000, 0x000000009ec00000| Untracked 
| 493|0x000000009ed00000, 0x000000009ed00000, 0x000000009ee00000|  0%| F|  |TAMS 0x000000009ed00000, 0x000000009ed00000| Untracked 
| 494|0x000000009ee00000, 0x000000009ee00000, 0x000000009ef00000|  0%| F|  |TAMS 0x000000009ee00000, 0x000000009ee00000| Untracked 
| 495|0x000000009ef00000, 0x000000009ef00000, 0x000000009f000000|  0%| F|  |TAMS 0x000000009ef00000, 0x000000009ef00000| Untracked 
| 496|0x000000009f000000, 0x000000009f000000, 0x000000009f100000|  0%| F|  |TAMS 0x000000009f000000, 0x000000009f000000| Untracked 
| 497|0x000000009f100000, 0x000000009f100000, 0x000000009f200000|  0%| F|  |TAMS 0x000000009f100000, 0x000000009f100000| Untracked 
| 498|0x000000009f200000, 0x000000009f200000, 0x000000009f300000|  0%| F|  |TAMS 0x000000009f200000, 0x000000009f200000| Untracked 
| 499|0x000000009f300000, 0x000000009f300000, 0x000000009f400000|  0%| F|  |TAMS 0x000000009f300000, 0x000000009f300000| Untracked 
| 500|0x000000009f400000, 0x000000009f400000, 0x000000009f500000|  0%| F|  |TAMS 0x000000009f400000, 0x000000009f400000| Untracked 
| 501|0x000000009f500000, 0x000000009f500000, 0x000000009f600000|  0%| F|  |TAMS 0x000000009f500000, 0x000000009f500000| Untracked 
| 502|0x000000009f600000, 0x000000009f600000, 0x000000009f700000|  0%| F|  |TAMS 0x000000009f600000, 0x000000009f600000| Untracked 
| 503|0x000000009f700000, 0x000000009f700000, 0x000000009f800000|  0%| F|  |TAMS 0x000000009f700000, 0x000000009f700000| Untracked 
| 504|0x000000009f800000, 0x000000009f800000, 0x000000009f900000|  0%| F|  |TAMS 0x000000009f800000, 0x000000009f800000| Untracked 
| 505|0x000000009f900000, 0x000000009f900000, 0x000000009fa00000|  0%| F|  |TAMS 0x000000009f900000, 0x000000009f900000| Untracked 
| 506|0x000000009fa00000, 0x000000009fa00000, 0x000000009fb00000|  0%| F|  |TAMS 0x000000009fa00000, 0x000000009fa00000| Untracked 
| 507|0x000000009fb00000, 0x000000009fb00000, 0x000000009fc00000|  0%| F|  |TAMS 0x000000009fb00000, 0x000000009fb00000| Untracked 
| 508|0x000000009fc00000, 0x000000009fc00000, 0x000000009fd00000|  0%| F|  |TAMS 0x000000009fc00000, 0x000000009fc00000| Untracked 
| 509|0x000000009fd00000, 0x000000009fd00000, 0x000000009fe00000|  0%| F|  |TAMS 0x000000009fd00000, 0x000000009fd00000| Untracked 
| 510|0x000000009fe00000, 0x000000009fe00000, 0x000000009ff00000|  0%| F|  |TAMS 0x000000009fe00000, 0x000000009fe00000| Untracked 
| 511|0x000000009ff00000, 0x000000009ff00000, 0x00000000a0000000|  0%| F|  |TAMS 0x000000009ff00000, 0x000000009ff00000| Untracked 
| 512|0x00000000a0000000, 0x00000000a0000000, 0x00000000a0100000|  0%| F|  |TAMS 0x00000000a0000000, 0x00000000a0000000| Untracked 
| 513|0x00000000a0100000, 0x00000000a0100000, 0x00000000a0200000|  0%| F|  |TAMS 0x00000000a0100000, 0x00000000a0100000| Untracked 
| 514|0x00000000a0200000, 0x00000000a0200000, 0x00000000a0300000|  0%| F|  |TAMS 0x00000000a0200000, 0x00000000a0200000| Untracked 
| 515|0x00000000a0300000, 0x00000000a0300000, 0x00000000a0400000|  0%| F|  |TAMS 0x00000000a0300000, 0x00000000a0300000| Untracked 
| 516|0x00000000a0400000, 0x00000000a0400000, 0x00000000a0500000|  0%| F|  |TAMS 0x00000000a0400000, 0x00000000a0400000| Untracked 
| 517|0x00000000a0500000, 0x00000000a0500000, 0x00000000a0600000|  0%| F|  |TAMS 0x00000000a0500000, 0x00000000a0500000| Untracked 
| 518|0x00000000a0600000, 0x00000000a0600000, 0x00000000a0700000|  0%| F|  |TAMS 0x00000000a0600000, 0x00000000a0600000| Untracked 
| 519|0x00000000a0700000, 0x00000000a0700000, 0x00000000a0800000|  0%| F|  |TAMS 0x00000000a0700000, 0x00000000a0700000| Untracked 
| 520|0x00000000a0800000, 0x00000000a0900000, 0x00000000a0900000|100%| O|  |TAMS 0x00000000a0900000, 0x00000000a0800000| Untracked 
| 521|0x00000000a0900000, 0x00000000a0a00000, 0x00000000a0a00000|100%| O|  |TAMS 0x00000000a0a00000, 0x00000000a0900000| Untracked 
| 522|0x00000000a0a00000, 0x00000000a0b00000, 0x00000000a0b00000|100%| O|  |TAMS 0x00000000a0b00000, 0x00000000a0a00000| Untracked 
| 523|0x00000000a0b00000, 0x00000000a0c00000, 0x00000000a0c00000|100%|HS|  |TAMS 0x00000000a0c00000, 0x00000000a0b00000| Complete 
| 524|0x00000000a0c00000, 0x00000000a0d00000, 0x00000000a0d00000|100%| O|  |TAMS 0x00000000a0d00000, 0x00000000a0c00000| Untracked 
| 525|0x00000000a0d00000, 0x00000000a0e00000, 0x00000000a0e00000|100%| O|  |TAMS 0x00000000a0e00000, 0x00000000a0d00000| Untracked 
| 526|0x00000000a0e00000, 0x00000000a0f00000, 0x00000000a0f00000|100%| O|  |TAMS 0x00000000a0f00000, 0x00000000a0e00000| Untracked 
| 527|0x00000000a0f00000, 0x00000000a1000000, 0x00000000a1000000|100%| O|  |TAMS 0x00000000a1000000, 0x00000000a0f00000| Untracked 
| 528|0x00000000a1000000, 0x00000000a1100000, 0x00000000a1100000|100%| O|  |TAMS 0x00000000a1100000, 0x00000000a1000000| Untracked 
| 529|0x00000000a1100000, 0x00000000a1200000, 0x00000000a1200000|100%| O|  |TAMS 0x00000000a1200000, 0x00000000a1100000| Untracked 
| 530|0x00000000a1200000, 0x00000000a1300000, 0x00000000a1300000|100%| O|  |TAMS 0x00000000a1300000, 0x00000000a1200000| Untracked 
| 531|0x00000000a1300000, 0x00000000a1400000, 0x00000000a1400000|100%| O|  |TAMS 0x00000000a1400000, 0x00000000a1300000| Untracked 
| 532|0x00000000a1400000, 0x00000000a1500000, 0x00000000a1500000|100%| O|  |TAMS 0x00000000a1500000, 0x00000000a1400000| Untracked 
| 533|0x00000000a1500000, 0x00000000a1600000, 0x00000000a1600000|100%| O|  |TAMS 0x00000000a1600000, 0x00000000a1500000| Untracked 
| 534|0x00000000a1600000, 0x00000000a1700000, 0x00000000a1700000|100%| O|  |TAMS 0x00000000a1700000, 0x00000000a1600000| Untracked 
| 535|0x00000000a1700000, 0x00000000a1800000, 0x00000000a1800000|100%| O|  |TAMS 0x00000000a1800000, 0x00000000a1700000| Untracked 
| 536|0x00000000a1800000, 0x00000000a1900000, 0x00000000a1900000|100%| O|  |TAMS 0x00000000a1900000, 0x00000000a1800000| Untracked 
| 537|0x00000000a1900000, 0x00000000a1a00000, 0x00000000a1a00000|100%| O|  |TAMS 0x00000000a1a00000, 0x00000000a1900000| Untracked 
| 538|0x00000000a1a00000, 0x00000000a1b00000, 0x00000000a1b00000|100%| O|  |TAMS 0x00000000a1b00000, 0x00000000a1a00000| Untracked 
| 539|0x00000000a1b00000, 0x00000000a1c00000, 0x00000000a1c00000|100%| O|  |TAMS 0x00000000a1c00000, 0x00000000a1b00000| Untracked 
| 540|0x00000000a1c00000, 0x00000000a1d00000, 0x00000000a1d00000|100%| O|  |TAMS 0x00000000a1d00000, 0x00000000a1c00000| Untracked 
| 541|0x00000000a1d00000, 0x00000000a1e00000, 0x00000000a1e00000|100%| O|  |TAMS 0x00000000a1e00000, 0x00000000a1d00000| Untracked 
| 542|0x00000000a1e00000, 0x00000000a1f00000, 0x00000000a1f00000|100%| O|  |TAMS 0x00000000a1f00000, 0x00000000a1e00000| Untracked 
| 543|0x00000000a1f00000, 0x00000000a2000000, 0x00000000a2000000|100%| O|  |TAMS 0x00000000a2000000, 0x00000000a1f00000| Untracked 
| 544|0x00000000a2000000, 0x00000000a2100000, 0x00000000a2100000|100%| O|  |TAMS 0x00000000a2100000, 0x00000000a2000000| Untracked 
| 545|0x00000000a2100000, 0x00000000a2200000, 0x00000000a2200000|100%| O|  |TAMS 0x00000000a2200000, 0x00000000a2100000| Untracked 
| 546|0x00000000a2200000, 0x00000000a2300000, 0x00000000a2300000|100%| O|  |TAMS 0x00000000a2300000, 0x00000000a2200000| Untracked 
| 547|0x00000000a2300000, 0x00000000a2400000, 0x00000000a2400000|100%| O|  |TAMS 0x00000000a2400000, 0x00000000a2300000| Untracked 
| 548|0x00000000a2400000, 0x00000000a2400000, 0x00000000a2500000|  0%| F|  |TAMS 0x00000000a2400000, 0x00000000a2400000| Untracked 
| 549|0x00000000a2500000, 0x00000000a2500000, 0x00000000a2600000|  0%| F|  |TAMS 0x00000000a2500000, 0x00000000a2500000| Untracked 
| 550|0x00000000a2600000, 0x00000000a2700000, 0x00000000a2700000|100%| O|  |TAMS 0x00000000a2700000, 0x00000000a2600000| Untracked 
| 551|0x00000000a2700000, 0x00000000a2800000, 0x00000000a2800000|100%| O|  |TAMS 0x00000000a2800000, 0x00000000a2700000| Untracked 
| 552|0x00000000a2800000, 0x00000000a2900000, 0x00000000a2900000|100%| O|  |TAMS 0x00000000a2900000, 0x00000000a2800000| Untracked 
| 553|0x00000000a2900000, 0x00000000a2a00000, 0x00000000a2a00000|100%| O|  |TAMS 0x00000000a2a00000, 0x00000000a2900000| Untracked 
| 554|0x00000000a2a00000, 0x00000000a2b00000, 0x00000000a2b00000|100%| O|  |TAMS 0x00000000a2b00000, 0x00000000a2a00000| Untracked 
| 555|0x00000000a2b00000, 0x00000000a2c00000, 0x00000000a2c00000|100%| O|  |TAMS 0x00000000a2c00000, 0x00000000a2b00000| Untracked 
| 556|0x00000000a2c00000, 0x00000000a2d00000, 0x00000000a2d00000|100%| O|  |TAMS 0x00000000a2d00000, 0x00000000a2c00000| Untracked 
| 557|0x00000000a2d00000, 0x00000000a2e00000, 0x00000000a2e00000|100%| O|  |TAMS 0x00000000a2e00000, 0x00000000a2d00000| Untracked 
| 558|0x00000000a2e00000, 0x00000000a2f00000, 0x00000000a2f00000|100%| O|  |TAMS 0x00000000a2f00000, 0x00000000a2e00000| Untracked 
| 559|0x00000000a2f00000, 0x00000000a3000000, 0x00000000a3000000|100%| O|  |TAMS 0x00000000a3000000, 0x00000000a2f00000| Untracked 
| 560|0x00000000a3000000, 0x00000000a3100000, 0x00000000a3100000|100%| O|  |TAMS 0x00000000a3100000, 0x00000000a3000000| Untracked 
| 561|0x00000000a3100000, 0x00000000a3200000, 0x00000000a3200000|100%| O|  |TAMS 0x00000000a3200000, 0x00000000a3100000| Untracked 
| 562|0x00000000a3200000, 0x00000000a3300000, 0x00000000a3300000|100%| O|  |TAMS 0x00000000a3300000, 0x00000000a3200000| Untracked 
| 563|0x00000000a3300000, 0x00000000a3400000, 0x00000000a3400000|100%| O|  |TAMS 0x00000000a3400000, 0x00000000a3300000| Untracked 
| 564|0x00000000a3400000, 0x00000000a3500000, 0x00000000a3500000|100%| O|  |TAMS 0x00000000a3500000, 0x00000000a3400000| Untracked 
| 565|0x00000000a3500000, 0x00000000a3600000, 0x00000000a3600000|100%| O|  |TAMS 0x00000000a3600000, 0x00000000a3500000| Untracked 
| 566|0x00000000a3600000, 0x00000000a3700000, 0x00000000a3700000|100%| O|  |TAMS 0x00000000a3700000, 0x00000000a3600000| Untracked 
| 567|0x00000000a3700000, 0x00000000a3800000, 0x00000000a3800000|100%| O|  |TAMS 0x00000000a3800000, 0x00000000a3700000| Untracked 
| 568|0x00000000a3800000, 0x00000000a3900000, 0x00000000a3900000|100%| O|  |TAMS 0x00000000a3900000, 0x00000000a3800000| Untracked 
| 569|0x00000000a3900000, 0x00000000a3a00000, 0x00000000a3a00000|100%| O|  |TAMS 0x00000000a3a00000, 0x00000000a3900000| Untracked 
| 570|0x00000000a3a00000, 0x00000000a3b00000, 0x00000000a3b00000|100%| O|  |TAMS 0x00000000a3b00000, 0x00000000a3a00000| Untracked 
| 571|0x00000000a3b00000, 0x00000000a3c00000, 0x00000000a3c00000|100%| O|  |TAMS 0x00000000a3c00000, 0x00000000a3b00000| Untracked 
| 572|0x00000000a3c00000, 0x00000000a3d00000, 0x00000000a3d00000|100%| O|  |TAMS 0x00000000a3d00000, 0x00000000a3c00000| Untracked 
| 573|0x00000000a3d00000, 0x00000000a3e00000, 0x00000000a3e00000|100%| O|  |TAMS 0x00000000a3e00000, 0x00000000a3d00000| Untracked 
| 574|0x00000000a3e00000, 0x00000000a3f00000, 0x00000000a3f00000|100%| O|  |TAMS 0x00000000a3f00000, 0x00000000a3e00000| Untracked 
| 575|0x00000000a3f00000, 0x00000000a4000000, 0x00000000a4000000|100%| O|  |TAMS 0x00000000a4000000, 0x00000000a3f00000| Untracked 
| 576|0x00000000a4000000, 0x00000000a4100000, 0x00000000a4100000|100%| O|  |TAMS 0x00000000a4100000, 0x00000000a4000000| Untracked 
| 577|0x00000000a4100000, 0x00000000a4200000, 0x00000000a4200000|100%| O|  |TAMS 0x00000000a4200000, 0x00000000a4100000| Untracked 
| 578|0x00000000a4200000, 0x00000000a4300000, 0x00000000a4300000|100%| O|  |TAMS 0x00000000a4300000, 0x00000000a4200000| Untracked 
| 579|0x00000000a4300000, 0x00000000a4400000, 0x00000000a4400000|100%| O|  |TAMS 0x00000000a4400000, 0x00000000a4300000| Untracked 
| 580|0x00000000a4400000, 0x00000000a4500000, 0x00000000a4500000|100%| O|  |TAMS 0x00000000a4500000, 0x00000000a4400000| Untracked 
| 581|0x00000000a4500000, 0x00000000a4600000, 0x00000000a4600000|100%| O|  |TAMS 0x00000000a4600000, 0x00000000a4500000| Untracked 
| 582|0x00000000a4600000, 0x00000000a4700000, 0x00000000a4700000|100%| O|  |TAMS 0x00000000a4700000, 0x00000000a4600000| Untracked 
| 583|0x00000000a4700000, 0x00000000a4800000, 0x00000000a4800000|100%| O|  |TAMS 0x00000000a4800000, 0x00000000a4700000| Untracked 
| 584|0x00000000a4800000, 0x00000000a4900000, 0x00000000a4900000|100%| O|  |TAMS 0x00000000a4900000, 0x00000000a4800000| Untracked 
| 585|0x00000000a4900000, 0x00000000a4a00000, 0x00000000a4a00000|100%| O|  |TAMS 0x00000000a4a00000, 0x00000000a4900000| Untracked 
| 586|0x00000000a4a00000, 0x00000000a4b00000, 0x00000000a4b00000|100%| O|  |TAMS 0x00000000a4b00000, 0x00000000a4a00000| Untracked 
| 587|0x00000000a4b00000, 0x00000000a4c00000, 0x00000000a4c00000|100%| O|  |TAMS 0x00000000a4c00000, 0x00000000a4b00000| Untracked 
| 588|0x00000000a4c00000, 0x00000000a4d00000, 0x00000000a4d00000|100%| O|  |TAMS 0x00000000a4d00000, 0x00000000a4c00000| Untracked 
| 589|0x00000000a4d00000, 0x00000000a4e00000, 0x00000000a4e00000|100%| O|  |TAMS 0x00000000a4e00000, 0x00000000a4d00000| Untracked 
| 590|0x00000000a4e00000, 0x00000000a4f00000, 0x00000000a4f00000|100%| O|  |TAMS 0x00000000a4f00000, 0x00000000a4e00000| Untracked 
| 591|0x00000000a4f00000, 0x00000000a5000000, 0x00000000a5000000|100%| O|  |TAMS 0x00000000a5000000, 0x00000000a4f00000| Untracked 
| 592|0x00000000a5000000, 0x00000000a5100000, 0x00000000a5100000|100%| O|  |TAMS 0x00000000a5100000, 0x00000000a5000000| Untracked 
| 593|0x00000000a5100000, 0x00000000a5200000, 0x00000000a5200000|100%| O|  |TAMS 0x00000000a5200000, 0x00000000a5100000| Untracked 
| 594|0x00000000a5200000, 0x00000000a5300000, 0x00000000a5300000|100%| O|  |TAMS 0x00000000a5300000, 0x00000000a5200000| Untracked 
| 595|0x00000000a5300000, 0x00000000a5400000, 0x00000000a5400000|100%| O|  |TAMS 0x00000000a5383e00, 0x00000000a5300000| Untracked 
| 596|0x00000000a5400000, 0x00000000a5500000, 0x00000000a5500000|100%| O|  |TAMS 0x00000000a5400000, 0x00000000a5400000| Untracked 
| 597|0x00000000a5500000, 0x00000000a5600000, 0x00000000a5600000|100%| O|  |TAMS 0x00000000a5500000, 0x00000000a5500000| Untracked 
| 598|0x00000000a5600000, 0x00000000a5700000, 0x00000000a5700000|100%| O|  |TAMS 0x00000000a5600000, 0x00000000a5600000| Untracked 
| 599|0x00000000a5700000, 0x00000000a5800000, 0x00000000a5800000|100%| O|  |TAMS 0x00000000a5700000, 0x00000000a5700000| Untracked 
| 600|0x00000000a5800000, 0x00000000a5900000, 0x00000000a5900000|100%| O|  |TAMS 0x00000000a5800000, 0x00000000a5800000| Untracked 
| 601|0x00000000a5900000, 0x00000000a5a00000, 0x00000000a5a00000|100%| O|  |TAMS 0x00000000a5900000, 0x00000000a5900000| Untracked 
| 602|0x00000000a5a00000, 0x00000000a5b00000, 0x00000000a5b00000|100%| O|  |TAMS 0x00000000a5a00000, 0x00000000a5a00000| Untracked 
| 603|0x00000000a5b00000, 0x00000000a5c00000, 0x00000000a5c00000|100%| O|  |TAMS 0x00000000a5b00000, 0x00000000a5b00000| Untracked 
| 604|0x00000000a5c00000, 0x00000000a5d00000, 0x00000000a5d00000|100%| O|  |TAMS 0x00000000a5c00000, 0x00000000a5c00000| Untracked 
| 605|0x00000000a5d00000, 0x00000000a5e00000, 0x00000000a5e00000|100%| O|  |TAMS 0x00000000a5d00000, 0x00000000a5d00000| Untracked 
| 606|0x00000000a5e00000, 0x00000000a5f00000, 0x00000000a5f00000|100%| O|  |TAMS 0x00000000a5e00000, 0x00000000a5e00000| Untracked 
| 607|0x00000000a5f00000, 0x00000000a6000000, 0x00000000a6000000|100%| O|  |TAMS 0x00000000a5f00000, 0x00000000a5f00000| Untracked 
| 608|0x00000000a6000000, 0x00000000a6100000, 0x00000000a6100000|100%| O|  |TAMS 0x00000000a6000000, 0x00000000a6000000| Untracked 
| 609|0x00000000a6100000, 0x00000000a6200000, 0x00000000a6200000|100%| O|  |TAMS 0x00000000a6100000, 0x00000000a6100000| Untracked 
| 610|0x00000000a6200000, 0x00000000a6300000, 0x00000000a6300000|100%| O|  |TAMS 0x00000000a6200000, 0x00000000a6200000| Untracked 
| 611|0x00000000a6300000, 0x00000000a6400000, 0x00000000a6400000|100%| O|  |TAMS 0x00000000a6300000, 0x00000000a6300000| Untracked 
| 612|0x00000000a6400000, 0x00000000a6500000, 0x00000000a6500000|100%| O|  |TAMS 0x00000000a6400000, 0x00000000a6400000| Untracked 
| 613|0x00000000a6500000, 0x00000000a6600000, 0x00000000a6600000|100%| O|  |TAMS 0x00000000a6500000, 0x00000000a6500000| Untracked 
| 614|0x00000000a6600000, 0x00000000a6700000, 0x00000000a6700000|100%| O|  |TAMS 0x00000000a6600000, 0x00000000a6600000| Untracked 
| 615|0x00000000a6700000, 0x00000000a6800000, 0x00000000a6800000|100%| O|  |TAMS 0x00000000a6700000, 0x00000000a6700000| Untracked 
| 616|0x00000000a6800000, 0x00000000a6900000, 0x00000000a6900000|100%| O|  |TAMS 0x00000000a6800000, 0x00000000a6800000| Untracked 
| 617|0x00000000a6900000, 0x00000000a6a00000, 0x00000000a6a00000|100%| O|  |TAMS 0x00000000a6900000, 0x00000000a6900000| Untracked 
| 618|0x00000000a6a00000, 0x00000000a6b00000, 0x00000000a6b00000|100%| O|  |TAMS 0x00000000a6a00000, 0x00000000a6a00000| Untracked 
| 619|0x00000000a6b00000, 0x00000000a6c00000, 0x00000000a6c00000|100%| O|  |TAMS 0x00000000a6b00000, 0x00000000a6b00000| Untracked 
| 620|0x00000000a6c00000, 0x00000000a6d00000, 0x00000000a6d00000|100%| O|  |TAMS 0x00000000a6c00000, 0x00000000a6c00000| Untracked 
| 621|0x00000000a6d00000, 0x00000000a6e00000, 0x00000000a6e00000|100%| O|  |TAMS 0x00000000a6d00000, 0x00000000a6d00000| Untracked 
| 622|0x00000000a6e00000, 0x00000000a6f00000, 0x00000000a6f00000|100%| O|  |TAMS 0x00000000a6e00000, 0x00000000a6e00000| Untracked 
| 623|0x00000000a6f00000, 0x00000000a7000000, 0x00000000a7000000|100%| O|  |TAMS 0x00000000a6f00000, 0x00000000a6f00000| Untracked 
| 624|0x00000000a7000000, 0x00000000a7100000, 0x00000000a7100000|100%| O|  |TAMS 0x00000000a7000000, 0x00000000a7000000| Untracked 
| 625|0x00000000a7100000, 0x00000000a7200000, 0x00000000a7200000|100%| O|  |TAMS 0x00000000a7100000, 0x00000000a7100000| Untracked 
| 626|0x00000000a7200000, 0x00000000a7300000, 0x00000000a7300000|100%| O|  |TAMS 0x00000000a7200000, 0x00000000a7200000| Untracked 
| 627|0x00000000a7300000, 0x00000000a7400000, 0x00000000a7400000|100%| O|  |TAMS 0x00000000a7300000, 0x00000000a7300000| Untracked 
| 628|0x00000000a7400000, 0x00000000a7500000, 0x00000000a7500000|100%| O|  |TAMS 0x00000000a7400000, 0x00000000a7400000| Untracked 
| 629|0x00000000a7500000, 0x00000000a7600000, 0x00000000a7600000|100%| O|  |TAMS 0x00000000a7500000, 0x00000000a7500000| Untracked 
| 630|0x00000000a7600000, 0x00000000a7700000, 0x00000000a7700000|100%| O|  |TAMS 0x00000000a7600000, 0x00000000a7600000| Untracked 
| 631|0x00000000a7700000, 0x00000000a7700000, 0x00000000a7800000|  0%| F|  |TAMS 0x00000000a7700000, 0x00000000a7700000| Untracked 
| 632|0x00000000a7800000, 0x00000000a7800000, 0x00000000a7900000|  0%| F|  |TAMS 0x00000000a7800000, 0x00000000a7800000| Untracked 
| 633|0x00000000a7900000, 0x00000000a7900000, 0x00000000a7a00000|  0%| F|  |TAMS 0x00000000a7900000, 0x00000000a7900000| Untracked 
| 634|0x00000000a7a00000, 0x00000000a7a00000, 0x00000000a7b00000|  0%| F|  |TAMS 0x00000000a7a00000, 0x00000000a7a00000| Untracked 
| 635|0x00000000a7b00000, 0x00000000a7b00000, 0x00000000a7c00000|  0%| F|  |TAMS 0x00000000a7b00000, 0x00000000a7b00000| Untracked 
| 636|0x00000000a7c00000, 0x00000000a7c00000, 0x00000000a7d00000|  0%| F|  |TAMS 0x00000000a7c00000, 0x00000000a7c00000| Untracked 
| 637|0x00000000a7d00000, 0x00000000a7d00000, 0x00000000a7e00000|  0%| F|  |TAMS 0x00000000a7d00000, 0x00000000a7d00000| Untracked 
| 638|0x00000000a7e00000, 0x00000000a7e00000, 0x00000000a7f00000|  0%| F|  |TAMS 0x00000000a7e00000, 0x00000000a7e00000| Untracked 
| 639|0x00000000a7f00000, 0x00000000a7f00000, 0x00000000a8000000|  0%| F|  |TAMS 0x00000000a7f00000, 0x00000000a7f00000| Untracked 
| 640|0x00000000a8000000, 0x00000000a8000000, 0x00000000a8100000|  0%| F|  |TAMS 0x00000000a8000000, 0x00000000a8000000| Untracked 
| 641|0x00000000a8100000, 0x00000000a8100000, 0x00000000a8200000|  0%| F|  |TAMS 0x00000000a8100000, 0x00000000a8100000| Untracked 
| 642|0x00000000a8200000, 0x00000000a8200000, 0x00000000a8300000|  0%| F|  |TAMS 0x00000000a8200000, 0x00000000a8200000| Untracked 
| 643|0x00000000a8300000, 0x00000000a8300000, 0x00000000a8400000|  0%| F|  |TAMS 0x00000000a8300000, 0x00000000a8300000| Untracked 
| 644|0x00000000a8400000, 0x00000000a8400000, 0x00000000a8500000|  0%| F|  |TAMS 0x00000000a8400000, 0x00000000a8400000| Untracked 
| 645|0x00000000a8500000, 0x00000000a8500000, 0x00000000a8600000|  0%| F|  |TAMS 0x00000000a8500000, 0x00000000a8500000| Untracked 
| 646|0x00000000a8600000, 0x00000000a8600000, 0x00000000a8700000|  0%| F|  |TAMS 0x00000000a8600000, 0x00000000a8600000| Untracked 
| 647|0x00000000a8700000, 0x00000000a8700000, 0x00000000a8800000|  0%| F|  |TAMS 0x00000000a8700000, 0x00000000a8700000| Untracked 
| 648|0x00000000a8800000, 0x00000000a8800000, 0x00000000a8900000|  0%| F|  |TAMS 0x00000000a8800000, 0x00000000a8800000| Untracked 
| 649|0x00000000a8900000, 0x00000000a8900000, 0x00000000a8a00000|  0%| F|  |TAMS 0x00000000a8900000, 0x00000000a8900000| Untracked 
| 650|0x00000000a8a00000, 0x00000000a8a00000, 0x00000000a8b00000|  0%| F|  |TAMS 0x00000000a8a00000, 0x00000000a8a00000| Untracked 
| 651|0x00000000a8b00000, 0x00000000a8b00000, 0x00000000a8c00000|  0%| F|  |TAMS 0x00000000a8b00000, 0x00000000a8b00000| Untracked 
| 652|0x00000000a8c00000, 0x00000000a8c00000, 0x00000000a8d00000|  0%| F|  |TAMS 0x00000000a8c00000, 0x00000000a8c00000| Untracked 
| 653|0x00000000a8d00000, 0x00000000a8d00000, 0x00000000a8e00000|  0%| F|  |TAMS 0x00000000a8d00000, 0x00000000a8d00000| Untracked 
| 654|0x00000000a8e00000, 0x00000000a8e00000, 0x00000000a8f00000|  0%| F|  |TAMS 0x00000000a8e00000, 0x00000000a8e00000| Untracked 
| 655|0x00000000a8f00000, 0x00000000a8f00000, 0x00000000a9000000|  0%| F|  |TAMS 0x00000000a8f00000, 0x00000000a8f00000| Untracked 
| 656|0x00000000a9000000, 0x00000000a9000000, 0x00000000a9100000|  0%| F|  |TAMS 0x00000000a9000000, 0x00000000a9000000| Untracked 
| 657|0x00000000a9100000, 0x00000000a9100000, 0x00000000a9200000|  0%| F|  |TAMS 0x00000000a9100000, 0x00000000a9100000| Untracked 
| 658|0x00000000a9200000, 0x00000000a9200000, 0x00000000a9300000|  0%| F|  |TAMS 0x00000000a9200000, 0x00000000a9200000| Untracked 
| 659|0x00000000a9300000, 0x00000000a9300000, 0x00000000a9400000|  0%| F|  |TAMS 0x00000000a9300000, 0x00000000a9300000| Untracked 
| 660|0x00000000a9400000, 0x00000000a9400000, 0x00000000a9500000|  0%| F|  |TAMS 0x00000000a9400000, 0x00000000a9400000| Untracked 
| 661|0x00000000a9500000, 0x00000000a9500000, 0x00000000a9600000|  0%| F|  |TAMS 0x00000000a9500000, 0x00000000a9500000| Untracked 
| 662|0x00000000a9600000, 0x00000000a9600000, 0x00000000a9700000|  0%| F|  |TAMS 0x00000000a9600000, 0x00000000a9600000| Untracked 
| 663|0x00000000a9700000, 0x00000000a9700000, 0x00000000a9800000|  0%| F|  |TAMS 0x00000000a9700000, 0x00000000a9700000| Untracked 
| 664|0x00000000a9800000, 0x00000000a9800000, 0x00000000a9900000|  0%| F|  |TAMS 0x00000000a9800000, 0x00000000a9800000| Untracked 
| 665|0x00000000a9900000, 0x00000000a9900000, 0x00000000a9a00000|  0%| F|  |TAMS 0x00000000a9900000, 0x00000000a9900000| Untracked 
| 666|0x00000000a9a00000, 0x00000000a9a00000, 0x00000000a9b00000|  0%| F|  |TAMS 0x00000000a9a00000, 0x00000000a9a00000| Untracked 
| 667|0x00000000a9b00000, 0x00000000a9b00000, 0x00000000a9c00000|  0%| F|  |TAMS 0x00000000a9b00000, 0x00000000a9b00000| Untracked 
| 668|0x00000000a9c00000, 0x00000000a9c00000, 0x00000000a9d00000|  0%| F|  |TAMS 0x00000000a9c00000, 0x00000000a9c00000| Untracked 
| 669|0x00000000a9d00000, 0x00000000a9d00000, 0x00000000a9e00000|  0%| F|  |TAMS 0x00000000a9d00000, 0x00000000a9d00000| Untracked 
| 670|0x00000000a9e00000, 0x00000000a9e00000, 0x00000000a9f00000|  0%| F|  |TAMS 0x00000000a9e00000, 0x00000000a9e00000| Untracked 
| 671|0x00000000a9f00000, 0x00000000a9f00000, 0x00000000aa000000|  0%| F|  |TAMS 0x00000000a9f00000, 0x00000000a9f00000| Untracked 
| 672|0x00000000aa000000, 0x00000000aa000000, 0x00000000aa100000|  0%| F|  |TAMS 0x00000000aa000000, 0x00000000aa000000| Untracked 
| 673|0x00000000aa100000, 0x00000000aa100000, 0x00000000aa200000|  0%| F|  |TAMS 0x00000000aa100000, 0x00000000aa100000| Untracked 
| 674|0x00000000aa200000, 0x00000000aa200000, 0x00000000aa300000|  0%| F|  |TAMS 0x00000000aa200000, 0x00000000aa200000| Untracked 
| 675|0x00000000aa300000, 0x00000000aa300000, 0x00000000aa400000|  0%| F|  |TAMS 0x00000000aa300000, 0x00000000aa300000| Untracked 
| 676|0x00000000aa400000, 0x00000000aa400000, 0x00000000aa500000|  0%| F|  |TAMS 0x00000000aa400000, 0x00000000aa400000| Untracked 
| 677|0x00000000aa500000, 0x00000000aa500000, 0x00000000aa600000|  0%| F|  |TAMS 0x00000000aa500000, 0x00000000aa500000| Untracked 
| 678|0x00000000aa600000, 0x00000000aa600000, 0x00000000aa700000|  0%| F|  |TAMS 0x00000000aa600000, 0x00000000aa600000| Untracked 
| 679|0x00000000aa700000, 0x00000000aa700000, 0x00000000aa800000|  0%| F|  |TAMS 0x00000000aa700000, 0x00000000aa700000| Untracked 
| 680|0x00000000aa800000, 0x00000000aa800000, 0x00000000aa900000|  0%| F|  |TAMS 0x00000000aa800000, 0x00000000aa800000| Untracked 
| 681|0x00000000aa900000, 0x00000000aa900000, 0x00000000aaa00000|  0%| F|  |TAMS 0x00000000aa900000, 0x00000000aa900000| Untracked 
| 682|0x00000000aaa00000, 0x00000000aaa00000, 0x00000000aab00000|  0%| F|  |TAMS 0x00000000aaa00000, 0x00000000aaa00000| Untracked 
| 683|0x00000000aab00000, 0x00000000aab00000, 0x00000000aac00000|  0%| F|  |TAMS 0x00000000aab00000, 0x00000000aab00000| Untracked 
| 684|0x00000000aac00000, 0x00000000aac00000, 0x00000000aad00000|  0%| F|  |TAMS 0x00000000aac00000, 0x00000000aac00000| Untracked 
| 685|0x00000000aad00000, 0x00000000aad00000, 0x00000000aae00000|  0%| F|  |TAMS 0x00000000aad00000, 0x00000000aad00000| Untracked 
| 686|0x00000000aae00000, 0x00000000aae00000, 0x00000000aaf00000|  0%| F|  |TAMS 0x00000000aae00000, 0x00000000aae00000| Untracked 
| 687|0x00000000aaf00000, 0x00000000aaf00000, 0x00000000ab000000|  0%| F|  |TAMS 0x00000000aaf00000, 0x00000000aaf00000| Untracked 
| 688|0x00000000ab000000, 0x00000000ab000000, 0x00000000ab100000|  0%| F|  |TAMS 0x00000000ab000000, 0x00000000ab000000| Untracked 
| 689|0x00000000ab100000, 0x00000000ab100000, 0x00000000ab200000|  0%| F|  |TAMS 0x00000000ab100000, 0x00000000ab100000| Untracked 
| 690|0x00000000ab200000, 0x00000000ab200000, 0x00000000ab300000|  0%| F|  |TAMS 0x00000000ab200000, 0x00000000ab200000| Untracked 
| 691|0x00000000ab300000, 0x00000000ab300000, 0x00000000ab400000|  0%| F|  |TAMS 0x00000000ab300000, 0x00000000ab300000| Untracked 
| 692|0x00000000ab400000, 0x00000000ab400000, 0x00000000ab500000|  0%| F|  |TAMS 0x00000000ab400000, 0x00000000ab400000| Untracked 
| 693|0x00000000ab500000, 0x00000000ab500000, 0x00000000ab600000|  0%| F|  |TAMS 0x00000000ab500000, 0x00000000ab500000| Untracked 
| 694|0x00000000ab600000, 0x00000000ab600000, 0x00000000ab700000|  0%| F|  |TAMS 0x00000000ab600000, 0x00000000ab600000| Untracked 
| 695|0x00000000ab700000, 0x00000000ab700000, 0x00000000ab800000|  0%| F|  |TAMS 0x00000000ab700000, 0x00000000ab700000| Untracked 
| 696|0x00000000ab800000, 0x00000000ab800000, 0x00000000ab900000|  0%| F|  |TAMS 0x00000000ab800000, 0x00000000ab800000| Untracked 
| 697|0x00000000ab900000, 0x00000000ab900000, 0x00000000aba00000|  0%| F|  |TAMS 0x00000000ab900000, 0x00000000ab900000| Untracked 
| 698|0x00000000aba00000, 0x00000000aba00000, 0x00000000abb00000|  0%| F|  |TAMS 0x00000000aba00000, 0x00000000aba00000| Untracked 
| 699|0x00000000abb00000, 0x00000000abb00000, 0x00000000abc00000|  0%| F|  |TAMS 0x00000000abb00000, 0x00000000abb00000| Untracked 
| 700|0x00000000abc00000, 0x00000000abc00000, 0x00000000abd00000|  0%| F|  |TAMS 0x00000000abc00000, 0x00000000abc00000| Untracked 
| 701|0x00000000abd00000, 0x00000000abd00000, 0x00000000abe00000|  0%| F|  |TAMS 0x00000000abd00000, 0x00000000abd00000| Untracked 
| 702|0x00000000abe00000, 0x00000000abe00000, 0x00000000abf00000|  0%| F|  |TAMS 0x00000000abe00000, 0x00000000abe00000| Untracked 
| 703|0x00000000abf00000, 0x00000000abf00000, 0x00000000ac000000|  0%| F|  |TAMS 0x00000000abf00000, 0x00000000abf00000| Untracked 
| 704|0x00000000ac000000, 0x00000000ac000000, 0x00000000ac100000|  0%| F|  |TAMS 0x00000000ac000000, 0x00000000ac000000| Untracked 
| 705|0x00000000ac100000, 0x00000000ac100000, 0x00000000ac200000|  0%| F|  |TAMS 0x00000000ac100000, 0x00000000ac100000| Untracked 
| 706|0x00000000ac200000, 0x00000000ac200000, 0x00000000ac300000|  0%| F|  |TAMS 0x00000000ac200000, 0x00000000ac200000| Untracked 
| 707|0x00000000ac300000, 0x00000000ac300000, 0x00000000ac400000|  0%| F|  |TAMS 0x00000000ac300000, 0x00000000ac300000| Untracked 
| 708|0x00000000ac400000, 0x00000000ac400000, 0x00000000ac500000|  0%| F|  |TAMS 0x00000000ac400000, 0x00000000ac400000| Untracked 
| 709|0x00000000ac500000, 0x00000000ac500000, 0x00000000ac600000|  0%| F|  |TAMS 0x00000000ac500000, 0x00000000ac500000| Untracked 
| 710|0x00000000ac600000, 0x00000000ac600000, 0x00000000ac700000|  0%| F|  |TAMS 0x00000000ac600000, 0x00000000ac600000| Untracked 
| 711|0x00000000ac700000, 0x00000000ac700000, 0x00000000ac800000|  0%| F|  |TAMS 0x00000000ac700000, 0x00000000ac700000| Untracked 
| 712|0x00000000ac800000, 0x00000000ac800000, 0x00000000ac900000|  0%| F|  |TAMS 0x00000000ac800000, 0x00000000ac800000| Untracked 
| 713|0x00000000ac900000, 0x00000000ac900000, 0x00000000aca00000|  0%| F|  |TAMS 0x00000000ac900000, 0x00000000ac900000| Untracked 
| 714|0x00000000aca00000, 0x00000000aca00000, 0x00000000acb00000|  0%| F|  |TAMS 0x00000000aca00000, 0x00000000aca00000| Untracked 
| 715|0x00000000acb00000, 0x00000000acb00000, 0x00000000acc00000|  0%| F|  |TAMS 0x00000000acb00000, 0x00000000acb00000| Untracked 
| 716|0x00000000acc00000, 0x00000000acc00000, 0x00000000acd00000|  0%| F|  |TAMS 0x00000000acc00000, 0x00000000acc00000| Untracked 
| 717|0x00000000acd00000, 0x00000000acd00000, 0x00000000ace00000|  0%| F|  |TAMS 0x00000000acd00000, 0x00000000acd00000| Untracked 
| 718|0x00000000ace00000, 0x00000000ace00000, 0x00000000acf00000|  0%| F|  |TAMS 0x00000000ace00000, 0x00000000ace00000| Untracked 
| 719|0x00000000acf00000, 0x00000000acf00000, 0x00000000ad000000|  0%| F|  |TAMS 0x00000000acf00000, 0x00000000acf00000| Untracked 
| 720|0x00000000ad000000, 0x00000000ad000000, 0x00000000ad100000|  0%| F|  |TAMS 0x00000000ad000000, 0x00000000ad000000| Untracked 
| 721|0x00000000ad100000, 0x00000000ad100000, 0x00000000ad200000|  0%| F|  |TAMS 0x00000000ad100000, 0x00000000ad100000| Untracked 
| 722|0x00000000ad200000, 0x00000000ad200000, 0x00000000ad300000|  0%| F|  |TAMS 0x00000000ad200000, 0x00000000ad200000| Untracked 
| 723|0x00000000ad300000, 0x00000000ad300000, 0x00000000ad400000|  0%| F|  |TAMS 0x00000000ad300000, 0x00000000ad300000| Untracked 
| 724|0x00000000ad400000, 0x00000000ad400000, 0x00000000ad500000|  0%| F|  |TAMS 0x00000000ad400000, 0x00000000ad400000| Untracked 
| 725|0x00000000ad500000, 0x00000000ad500000, 0x00000000ad600000|  0%| F|  |TAMS 0x00000000ad500000, 0x00000000ad500000| Untracked 
| 726|0x00000000ad600000, 0x00000000ad600000, 0x00000000ad700000|  0%| F|  |TAMS 0x00000000ad600000, 0x00000000ad600000| Untracked 
| 727|0x00000000ad700000, 0x00000000ad700000, 0x00000000ad800000|  0%| F|  |TAMS 0x00000000ad700000, 0x00000000ad700000| Untracked 
| 728|0x00000000ad800000, 0x00000000ad800000, 0x00000000ad900000|  0%| F|  |TAMS 0x00000000ad800000, 0x00000000ad800000| Untracked 
| 729|0x00000000ad900000, 0x00000000ad900000, 0x00000000ada00000|  0%| F|  |TAMS 0x00000000ad900000, 0x00000000ad900000| Untracked 
| 730|0x00000000ada00000, 0x00000000ada00000, 0x00000000adb00000|  0%| F|  |TAMS 0x00000000ada00000, 0x00000000ada00000| Untracked 
| 731|0x00000000adb00000, 0x00000000adb00000, 0x00000000adc00000|  0%| F|  |TAMS 0x00000000adb00000, 0x00000000adb00000| Untracked 
| 732|0x00000000adc00000, 0x00000000adc00000, 0x00000000add00000|  0%| F|  |TAMS 0x00000000adc00000, 0x00000000adc00000| Untracked 
| 733|0x00000000add00000, 0x00000000add00000, 0x00000000ade00000|  0%| F|  |TAMS 0x00000000add00000, 0x00000000add00000| Untracked 
| 734|0x00000000ade00000, 0x00000000ade00000, 0x00000000adf00000|  0%| F|  |TAMS 0x00000000ade00000, 0x00000000ade00000| Untracked 
| 735|0x00000000adf00000, 0x00000000adf00000, 0x00000000ae000000|  0%| F|  |TAMS 0x00000000adf00000, 0x00000000adf00000| Untracked 
| 736|0x00000000ae000000, 0x00000000ae000000, 0x00000000ae100000|  0%| F|  |TAMS 0x00000000ae000000, 0x00000000ae000000| Untracked 
| 737|0x00000000ae100000, 0x00000000ae100000, 0x00000000ae200000|  0%| F|  |TAMS 0x00000000ae100000, 0x00000000ae100000| Untracked 
| 738|0x00000000ae200000, 0x00000000ae200000, 0x00000000ae300000|  0%| F|  |TAMS 0x00000000ae200000, 0x00000000ae200000| Untracked 
| 739|0x00000000ae300000, 0x00000000ae300000, 0x00000000ae400000|  0%| F|  |TAMS 0x00000000ae300000, 0x00000000ae300000| Untracked 
| 740|0x00000000ae400000, 0x00000000ae400000, 0x00000000ae500000|  0%| F|  |TAMS 0x00000000ae400000, 0x00000000ae400000| Untracked 
| 741|0x00000000ae500000, 0x00000000ae500000, 0x00000000ae600000|  0%| F|  |TAMS 0x00000000ae500000, 0x00000000ae500000| Untracked 
| 742|0x00000000ae600000, 0x00000000ae600000, 0x00000000ae700000|  0%| F|  |TAMS 0x00000000ae600000, 0x00000000ae600000| Untracked 
| 743|0x00000000ae700000, 0x00000000ae700000, 0x00000000ae800000|  0%| F|  |TAMS 0x00000000ae700000, 0x00000000ae700000| Untracked 
| 744|0x00000000ae800000, 0x00000000ae800000, 0x00000000ae900000|  0%| F|  |TAMS 0x00000000ae800000, 0x00000000ae800000| Untracked 
| 745|0x00000000ae900000, 0x00000000ae900000, 0x00000000aea00000|  0%| F|  |TAMS 0x00000000ae900000, 0x00000000ae900000| Untracked 
| 746|0x00000000aea00000, 0x00000000aea00000, 0x00000000aeb00000|  0%| F|  |TAMS 0x00000000aea00000, 0x00000000aea00000| Untracked 
| 747|0x00000000aeb00000, 0x00000000aeb00000, 0x00000000aec00000|  0%| F|  |TAMS 0x00000000aeb00000, 0x00000000aeb00000| Untracked 
| 748|0x00000000aec00000, 0x00000000aec00000, 0x00000000aed00000|  0%| F|  |TAMS 0x00000000aec00000, 0x00000000aec00000| Untracked 
| 749|0x00000000aed00000, 0x00000000aed00000, 0x00000000aee00000|  0%| F|  |TAMS 0x00000000aed00000, 0x00000000aed00000| Untracked 
| 750|0x00000000aee00000, 0x00000000aee00000, 0x00000000aef00000|  0%| F|  |TAMS 0x00000000aee00000, 0x00000000aee00000| Untracked 
| 751|0x00000000aef00000, 0x00000000aef00000, 0x00000000af000000|  0%| F|  |TAMS 0x00000000aef00000, 0x00000000aef00000| Untracked 
| 752|0x00000000af000000, 0x00000000af000000, 0x00000000af100000|  0%| F|  |TAMS 0x00000000af000000, 0x00000000af000000| Untracked 
| 753|0x00000000af100000, 0x00000000af100000, 0x00000000af200000|  0%| F|  |TAMS 0x00000000af100000, 0x00000000af100000| Untracked 
| 754|0x00000000af200000, 0x00000000af200000, 0x00000000af300000|  0%| F|  |TAMS 0x00000000af200000, 0x00000000af200000| Untracked 
| 755|0x00000000af300000, 0x00000000af300000, 0x00000000af400000|  0%| F|  |TAMS 0x00000000af300000, 0x00000000af300000| Untracked 
| 756|0x00000000af400000, 0x00000000af400000, 0x00000000af500000|  0%| F|  |TAMS 0x00000000af400000, 0x00000000af400000| Untracked 
| 757|0x00000000af500000, 0x00000000af500000, 0x00000000af600000|  0%| F|  |TAMS 0x00000000af500000, 0x00000000af500000| Untracked 
| 758|0x00000000af600000, 0x00000000af600000, 0x00000000af700000|  0%| F|  |TAMS 0x00000000af600000, 0x00000000af600000| Untracked 
| 759|0x00000000af700000, 0x00000000af700000, 0x00000000af800000|  0%| F|  |TAMS 0x00000000af700000, 0x00000000af700000| Untracked 
| 760|0x00000000af800000, 0x00000000af800000, 0x00000000af900000|  0%| F|  |TAMS 0x00000000af800000, 0x00000000af800000| Untracked 
| 761|0x00000000af900000, 0x00000000af900000, 0x00000000afa00000|  0%| F|  |TAMS 0x00000000af900000, 0x00000000af900000| Untracked 
| 762|0x00000000afa00000, 0x00000000afa00000, 0x00000000afb00000|  0%| F|  |TAMS 0x00000000afa00000, 0x00000000afa00000| Untracked 
| 763|0x00000000afb00000, 0x00000000afb00000, 0x00000000afc00000|  0%| F|  |TAMS 0x00000000afb00000, 0x00000000afb00000| Untracked 
| 764|0x00000000afc00000, 0x00000000afc00000, 0x00000000afd00000|  0%| F|  |TAMS 0x00000000afc00000, 0x00000000afc00000| Untracked 
| 765|0x00000000afd00000, 0x00000000afd00000, 0x00000000afe00000|  0%| F|  |TAMS 0x00000000afd00000, 0x00000000afd00000| Untracked 
| 766|0x00000000afe00000, 0x00000000afe00000, 0x00000000aff00000|  0%| F|  |TAMS 0x00000000afe00000, 0x00000000afe00000| Untracked 
| 767|0x00000000aff00000, 0x00000000aff00000, 0x00000000b0000000|  0%| F|  |TAMS 0x00000000aff00000, 0x00000000aff00000| Untracked 
| 768|0x00000000b0000000, 0x00000000b0000000, 0x00000000b0100000|  0%| F|  |TAMS 0x00000000b0000000, 0x00000000b0000000| Untracked 
| 769|0x00000000b0100000, 0x00000000b0100000, 0x00000000b0200000|  0%| F|  |TAMS 0x00000000b0100000, 0x00000000b0100000| Untracked 
| 770|0x00000000b0200000, 0x00000000b0200000, 0x00000000b0300000|  0%| F|  |TAMS 0x00000000b0200000, 0x00000000b0200000| Untracked 
| 771|0x00000000b0300000, 0x00000000b0300000, 0x00000000b0400000|  0%| F|  |TAMS 0x00000000b0300000, 0x00000000b0300000| Untracked 
| 772|0x00000000b0400000, 0x00000000b0400000, 0x00000000b0500000|  0%| F|  |TAMS 0x00000000b0400000, 0x00000000b0400000| Untracked 
| 773|0x00000000b0500000, 0x00000000b0500000, 0x00000000b0600000|  0%| F|  |TAMS 0x00000000b0500000, 0x00000000b0500000| Untracked 
| 774|0x00000000b0600000, 0x00000000b0600000, 0x00000000b0700000|  0%| F|  |TAMS 0x00000000b0600000, 0x00000000b0600000| Untracked 
| 775|0x00000000b0700000, 0x00000000b0700000, 0x00000000b0800000|  0%| F|  |TAMS 0x00000000b0700000, 0x00000000b0700000| Untracked 
| 776|0x00000000b0800000, 0x00000000b0800000, 0x00000000b0900000|  0%| F|  |TAMS 0x00000000b0800000, 0x00000000b0800000| Untracked 
| 777|0x00000000b0900000, 0x00000000b0900000, 0x00000000b0a00000|  0%| F|  |TAMS 0x00000000b0900000, 0x00000000b0900000| Untracked 
| 778|0x00000000b0a00000, 0x00000000b0a00000, 0x00000000b0b00000|  0%| F|  |TAMS 0x00000000b0a00000, 0x00000000b0a00000| Untracked 
| 779|0x00000000b0b00000, 0x00000000b0b00000, 0x00000000b0c00000|  0%| F|  |TAMS 0x00000000b0b00000, 0x00000000b0b00000| Untracked 
| 780|0x00000000b0c00000, 0x00000000b0c00000, 0x00000000b0d00000|  0%| F|  |TAMS 0x00000000b0c00000, 0x00000000b0c00000| Untracked 
| 781|0x00000000b0d00000, 0x00000000b0d00000, 0x00000000b0e00000|  0%| F|  |TAMS 0x00000000b0d00000, 0x00000000b0d00000| Untracked 
| 782|0x00000000b0e00000, 0x00000000b0e00000, 0x00000000b0f00000|  0%| F|  |TAMS 0x00000000b0e00000, 0x00000000b0e00000| Untracked 
| 783|0x00000000b0f00000, 0x00000000b0f00000, 0x00000000b1000000|  0%| F|  |TAMS 0x00000000b0f00000, 0x00000000b0f00000| Untracked 
| 784|0x00000000b1000000, 0x00000000b1000000, 0x00000000b1100000|  0%| F|  |TAMS 0x00000000b1000000, 0x00000000b1000000| Untracked 
| 785|0x00000000b1100000, 0x00000000b1100000, 0x00000000b1200000|  0%| F|  |TAMS 0x00000000b1100000, 0x00000000b1100000| Untracked 
| 786|0x00000000b1200000, 0x00000000b1200000, 0x00000000b1300000|  0%| F|  |TAMS 0x00000000b1200000, 0x00000000b1200000| Untracked 
| 787|0x00000000b1300000, 0x00000000b1300000, 0x00000000b1400000|  0%| F|  |TAMS 0x00000000b1300000, 0x00000000b1300000| Untracked 
| 788|0x00000000b1400000, 0x00000000b1400000, 0x00000000b1500000|  0%| F|  |TAMS 0x00000000b1400000, 0x00000000b1400000| Untracked 
| 789|0x00000000b1500000, 0x00000000b1500000, 0x00000000b1600000|  0%| F|  |TAMS 0x00000000b1500000, 0x00000000b1500000| Untracked 
| 790|0x00000000b1600000, 0x00000000b1600000, 0x00000000b1700000|  0%| F|  |TAMS 0x00000000b1600000, 0x00000000b1600000| Untracked 
| 791|0x00000000b1700000, 0x00000000b1700000, 0x00000000b1800000|  0%| F|  |TAMS 0x00000000b1700000, 0x00000000b1700000| Untracked 
| 792|0x00000000b1800000, 0x00000000b1800000, 0x00000000b1900000|  0%| F|  |TAMS 0x00000000b1800000, 0x00000000b1800000| Untracked 
| 793|0x00000000b1900000, 0x00000000b1900000, 0x00000000b1a00000|  0%| F|  |TAMS 0x00000000b1900000, 0x00000000b1900000| Untracked 
| 794|0x00000000b1a00000, 0x00000000b1a00000, 0x00000000b1b00000|  0%| F|  |TAMS 0x00000000b1a00000, 0x00000000b1a00000| Untracked 
| 795|0x00000000b1b00000, 0x00000000b1b00000, 0x00000000b1c00000|  0%| F|  |TAMS 0x00000000b1b00000, 0x00000000b1b00000| Untracked 
| 796|0x00000000b1c00000, 0x00000000b1c00000, 0x00000000b1d00000|  0%| F|  |TAMS 0x00000000b1c00000, 0x00000000b1c00000| Untracked 
| 797|0x00000000b1d00000, 0x00000000b1d00000, 0x00000000b1e00000|  0%| F|  |TAMS 0x00000000b1d00000, 0x00000000b1d00000| Untracked 
| 798|0x00000000b1e00000, 0x00000000b1e00000, 0x00000000b1f00000|  0%| F|  |TAMS 0x00000000b1e00000, 0x00000000b1e00000| Untracked 
| 799|0x00000000b1f00000, 0x00000000b1f00000, 0x00000000b2000000|  0%| F|  |TAMS 0x00000000b1f00000, 0x00000000b1f00000| Untracked 
| 800|0x00000000b2000000, 0x00000000b2000000, 0x00000000b2100000|  0%| F|  |TAMS 0x00000000b2000000, 0x00000000b2000000| Untracked 
| 801|0x00000000b2100000, 0x00000000b2100000, 0x00000000b2200000|  0%| F|  |TAMS 0x00000000b2100000, 0x00000000b2100000| Untracked 
| 802|0x00000000b2200000, 0x00000000b2200000, 0x00000000b2300000|  0%| F|  |TAMS 0x00000000b2200000, 0x00000000b2200000| Untracked 
| 803|0x00000000b2300000, 0x00000000b2300000, 0x00000000b2400000|  0%| F|  |TAMS 0x00000000b2300000, 0x00000000b2300000| Untracked 
| 804|0x00000000b2400000, 0x00000000b2400000, 0x00000000b2500000|  0%| F|  |TAMS 0x00000000b2400000, 0x00000000b2400000| Untracked 
| 805|0x00000000b2500000, 0x00000000b2500000, 0x00000000b2600000|  0%| F|  |TAMS 0x00000000b2500000, 0x00000000b2500000| Untracked 
| 806|0x00000000b2600000, 0x00000000b2600000, 0x00000000b2700000|  0%| F|  |TAMS 0x00000000b2600000, 0x00000000b2600000| Untracked 
| 807|0x00000000b2700000, 0x00000000b2700000, 0x00000000b2800000|  0%| F|  |TAMS 0x00000000b2700000, 0x00000000b2700000| Untracked 
| 808|0x00000000b2800000, 0x00000000b2800000, 0x00000000b2900000|  0%| F|  |TAMS 0x00000000b2800000, 0x00000000b2800000| Untracked 
| 809|0x00000000b2900000, 0x00000000b2900000, 0x00000000b2a00000|  0%| F|  |TAMS 0x00000000b2900000, 0x00000000b2900000| Untracked 
| 810|0x00000000b2a00000, 0x00000000b2a00000, 0x00000000b2b00000|  0%| F|  |TAMS 0x00000000b2a00000, 0x00000000b2a00000| Untracked 
| 811|0x00000000b2b00000, 0x00000000b2b00000, 0x00000000b2c00000|  0%| F|  |TAMS 0x00000000b2b00000, 0x00000000b2b00000| Untracked 
| 812|0x00000000b2c00000, 0x00000000b2c00000, 0x00000000b2d00000|  0%| F|  |TAMS 0x00000000b2c00000, 0x00000000b2c00000| Untracked 
| 813|0x00000000b2d00000, 0x00000000b2d00000, 0x00000000b2e00000|  0%| F|  |TAMS 0x00000000b2d00000, 0x00000000b2d00000| Untracked 
| 814|0x00000000b2e00000, 0x00000000b2e00000, 0x00000000b2f00000|  0%| F|  |TAMS 0x00000000b2e00000, 0x00000000b2e00000| Untracked 
| 815|0x00000000b2f00000, 0x00000000b2f00000, 0x00000000b3000000|  0%| F|  |TAMS 0x00000000b2f00000, 0x00000000b2f00000| Untracked 
| 816|0x00000000b3000000, 0x00000000b3000000, 0x00000000b3100000|  0%| F|  |TAMS 0x00000000b3000000, 0x00000000b3000000| Untracked 
| 817|0x00000000b3100000, 0x00000000b3100000, 0x00000000b3200000|  0%| F|  |TAMS 0x00000000b3100000, 0x00000000b3100000| Untracked 
| 818|0x00000000b3200000, 0x00000000b3200000, 0x00000000b3300000|  0%| F|  |TAMS 0x00000000b3200000, 0x00000000b3200000| Untracked 
| 819|0x00000000b3300000, 0x00000000b3300000, 0x00000000b3400000|  0%| F|  |TAMS 0x00000000b3300000, 0x00000000b3300000| Untracked 
| 820|0x00000000b3400000, 0x00000000b3400000, 0x00000000b3500000|  0%| F|  |TAMS 0x00000000b3400000, 0x00000000b3400000| Untracked 
| 821|0x00000000b3500000, 0x00000000b3500000, 0x00000000b3600000|  0%| F|  |TAMS 0x00000000b3500000, 0x00000000b3500000| Untracked 
| 822|0x00000000b3600000, 0x00000000b3600000, 0x00000000b3700000|  0%| F|  |TAMS 0x00000000b3600000, 0x00000000b3600000| Untracked 
| 823|0x00000000b3700000, 0x00000000b3700000, 0x00000000b3800000|  0%| F|  |TAMS 0x00000000b3700000, 0x00000000b3700000| Untracked 
| 824|0x00000000b3800000, 0x00000000b3800000, 0x00000000b3900000|  0%| F|  |TAMS 0x00000000b3800000, 0x00000000b3800000| Untracked 
| 825|0x00000000b3900000, 0x00000000b3900000, 0x00000000b3a00000|  0%| F|  |TAMS 0x00000000b3900000, 0x00000000b3900000| Untracked 
| 826|0x00000000b3a00000, 0x00000000b3a00000, 0x00000000b3b00000|  0%| F|  |TAMS 0x00000000b3a00000, 0x00000000b3a00000| Untracked 
| 827|0x00000000b3b00000, 0x00000000b3b00000, 0x00000000b3c00000|  0%| F|  |TAMS 0x00000000b3b00000, 0x00000000b3b00000| Untracked 
| 828|0x00000000b3c00000, 0x00000000b3c00000, 0x00000000b3d00000|  0%| F|  |TAMS 0x00000000b3c00000, 0x00000000b3c00000| Untracked 
| 829|0x00000000b3d00000, 0x00000000b3d00000, 0x00000000b3e00000|  0%| F|  |TAMS 0x00000000b3d00000, 0x00000000b3d00000| Untracked 
| 830|0x00000000b3e00000, 0x00000000b3e00000, 0x00000000b3f00000|  0%| F|  |TAMS 0x00000000b3e00000, 0x00000000b3e00000| Untracked 
| 831|0x00000000b3f00000, 0x00000000b3f00000, 0x00000000b4000000|  0%| F|  |TAMS 0x00000000b3f00000, 0x00000000b3f00000| Untracked 
| 832|0x00000000b4000000, 0x00000000b4000000, 0x00000000b4100000|  0%| F|  |TAMS 0x00000000b4000000, 0x00000000b4000000| Untracked 
| 833|0x00000000b4100000, 0x00000000b4100000, 0x00000000b4200000|  0%| F|  |TAMS 0x00000000b4100000, 0x00000000b4100000| Untracked 
| 834|0x00000000b4200000, 0x00000000b4200000, 0x00000000b4300000|  0%| F|  |TAMS 0x00000000b4200000, 0x00000000b4200000| Untracked 
| 835|0x00000000b4300000, 0x00000000b4300000, 0x00000000b4400000|  0%| F|  |TAMS 0x00000000b4300000, 0x00000000b4300000| Untracked 
| 836|0x00000000b4400000, 0x00000000b4400000, 0x00000000b4500000|  0%| F|  |TAMS 0x00000000b4400000, 0x00000000b4400000| Untracked 
| 837|0x00000000b4500000, 0x00000000b4500000, 0x00000000b4600000|  0%| F|  |TAMS 0x00000000b4500000, 0x00000000b4500000| Untracked 
| 838|0x00000000b4600000, 0x00000000b4600000, 0x00000000b4700000|  0%| F|  |TAMS 0x00000000b4600000, 0x00000000b4600000| Untracked 
| 839|0x00000000b4700000, 0x00000000b4700000, 0x00000000b4800000|  0%| F|  |TAMS 0x00000000b4700000, 0x00000000b4700000| Untracked 
| 840|0x00000000b4800000, 0x00000000b4800000, 0x00000000b4900000|  0%| F|  |TAMS 0x00000000b4800000, 0x00000000b4800000| Untracked 
| 841|0x00000000b4900000, 0x00000000b4900000, 0x00000000b4a00000|  0%| F|  |TAMS 0x00000000b4900000, 0x00000000b4900000| Untracked 
| 842|0x00000000b4a00000, 0x00000000b4a00000, 0x00000000b4b00000|  0%| F|  |TAMS 0x00000000b4a00000, 0x00000000b4a00000| Untracked 
| 843|0x00000000b4b00000, 0x00000000b4b00000, 0x00000000b4c00000|  0%| F|  |TAMS 0x00000000b4b00000, 0x00000000b4b00000| Untracked 
| 844|0x00000000b4c00000, 0x00000000b4c00000, 0x00000000b4d00000|  0%| F|  |TAMS 0x00000000b4c00000, 0x00000000b4c00000| Untracked 
| 845|0x00000000b4d00000, 0x00000000b4d00000, 0x00000000b4e00000|  0%| F|  |TAMS 0x00000000b4d00000, 0x00000000b4d00000| Untracked 
| 846|0x00000000b4e00000, 0x00000000b4e00000, 0x00000000b4f00000|  0%| F|  |TAMS 0x00000000b4e00000, 0x00000000b4e00000| Untracked 
| 847|0x00000000b4f00000, 0x00000000b4f00000, 0x00000000b5000000|  0%| F|  |TAMS 0x00000000b4f00000, 0x00000000b4f00000| Untracked 
| 848|0x00000000b5000000, 0x00000000b5000000, 0x00000000b5100000|  0%| F|  |TAMS 0x00000000b5000000, 0x00000000b5000000| Untracked 
| 849|0x00000000b5100000, 0x00000000b5100000, 0x00000000b5200000|  0%| F|  |TAMS 0x00000000b5100000, 0x00000000b5100000| Untracked 
| 850|0x00000000b5200000, 0x00000000b5200000, 0x00000000b5300000|  0%| F|  |TAMS 0x00000000b5200000, 0x00000000b5200000| Untracked 
| 851|0x00000000b5300000, 0x00000000b5300000, 0x00000000b5400000|  0%| F|  |TAMS 0x00000000b5300000, 0x00000000b5300000| Untracked 
| 852|0x00000000b5400000, 0x00000000b5400000, 0x00000000b5500000|  0%| F|  |TAMS 0x00000000b5400000, 0x00000000b5400000| Untracked 
| 853|0x00000000b5500000, 0x00000000b5500000, 0x00000000b5600000|  0%| F|  |TAMS 0x00000000b5500000, 0x00000000b5500000| Untracked 
| 854|0x00000000b5600000, 0x00000000b5600000, 0x00000000b5700000|  0%| F|  |TAMS 0x00000000b5600000, 0x00000000b5600000| Untracked 
| 855|0x00000000b5700000, 0x00000000b5700000, 0x00000000b5800000|  0%| F|  |TAMS 0x00000000b5700000, 0x00000000b5700000| Untracked 
| 856|0x00000000b5800000, 0x00000000b5800000, 0x00000000b5900000|  0%| F|  |TAMS 0x00000000b5800000, 0x00000000b5800000| Untracked 
| 857|0x00000000b5900000, 0x00000000b5900000, 0x00000000b5a00000|  0%| F|  |TAMS 0x00000000b5900000, 0x00000000b5900000| Untracked 
| 858|0x00000000b5a00000, 0x00000000b5a00000, 0x00000000b5b00000|  0%| F|  |TAMS 0x00000000b5a00000, 0x00000000b5a00000| Untracked 
| 859|0x00000000b5b00000, 0x00000000b5b00000, 0x00000000b5c00000|  0%| F|  |TAMS 0x00000000b5b00000, 0x00000000b5b00000| Untracked 
| 860|0x00000000b5c00000, 0x00000000b5c00000, 0x00000000b5d00000|  0%| F|  |TAMS 0x00000000b5c00000, 0x00000000b5c00000| Untracked 
| 861|0x00000000b5d00000, 0x00000000b5d00000, 0x00000000b5e00000|  0%| F|  |TAMS 0x00000000b5d00000, 0x00000000b5d00000| Untracked 
| 862|0x00000000b5e00000, 0x00000000b5e00000, 0x00000000b5f00000|  0%| F|  |TAMS 0x00000000b5e00000, 0x00000000b5e00000| Untracked 
| 863|0x00000000b5f00000, 0x00000000b5f00000, 0x00000000b6000000|  0%| F|  |TAMS 0x00000000b5f00000, 0x00000000b5f00000| Untracked 
| 864|0x00000000b6000000, 0x00000000b6000000, 0x00000000b6100000|  0%| F|  |TAMS 0x00000000b6000000, 0x00000000b6000000| Untracked 
| 865|0x00000000b6100000, 0x00000000b6100000, 0x00000000b6200000|  0%| F|  |TAMS 0x00000000b6100000, 0x00000000b6100000| Untracked 
| 866|0x00000000b6200000, 0x00000000b6200000, 0x00000000b6300000|  0%| F|  |TAMS 0x00000000b6200000, 0x00000000b6200000| Untracked 
| 867|0x00000000b6300000, 0x00000000b6300000, 0x00000000b6400000|  0%| F|  |TAMS 0x00000000b6300000, 0x00000000b6300000| Untracked 
| 868|0x00000000b6400000, 0x00000000b6400000, 0x00000000b6500000|  0%| F|  |TAMS 0x00000000b6400000, 0x00000000b6400000| Untracked 
| 869|0x00000000b6500000, 0x00000000b6500000, 0x00000000b6600000|  0%| F|  |TAMS 0x00000000b6500000, 0x00000000b6500000| Untracked 
| 870|0x00000000b6600000, 0x00000000b6600000, 0x00000000b6700000|  0%| F|  |TAMS 0x00000000b6600000, 0x00000000b6600000| Untracked 
| 871|0x00000000b6700000, 0x00000000b674a9d0, 0x00000000b6800000| 29%| S|CS|TAMS 0x00000000b6700000, 0x00000000b6700000| Complete 
| 872|0x00000000b6800000, 0x00000000b6900000, 0x00000000b6900000|100%| S|CS|TAMS 0x00000000b6800000, 0x00000000b6800000| Complete 
| 873|0x00000000b6900000, 0x00000000b6a00000, 0x00000000b6a00000|100%| S|CS|TAMS 0x00000000b6900000, 0x00000000b6900000| Complete 
| 874|0x00000000b6a00000, 0x00000000b6b00000, 0x00000000b6b00000|100%| S|CS|TAMS 0x00000000b6a00000, 0x00000000b6a00000| Complete 
| 875|0x00000000b6b00000, 0x00000000b6b00000, 0x00000000b6c00000|  0%| F|  |TAMS 0x00000000b6b00000, 0x00000000b6b00000| Untracked 
| 876|0x00000000b6c00000, 0x00000000b6c00000, 0x00000000b6d00000|  0%| F|  |TAMS 0x00000000b6c00000, 0x00000000b6c00000| Untracked 
| 877|0x00000000b6d00000, 0x00000000b6d00000, 0x00000000b6e00000|  0%| F|  |TAMS 0x00000000b6d00000, 0x00000000b6d00000| Untracked 
| 878|0x00000000b6e00000, 0x00000000b6e00000, 0x00000000b6f00000|  0%| F|  |TAMS 0x00000000b6e00000, 0x00000000b6e00000| Untracked 
| 879|0x00000000b6f00000, 0x00000000b6f00000, 0x00000000b7000000|  0%| F|  |TAMS 0x00000000b6f00000, 0x00000000b6f00000| Untracked 
| 880|0x00000000b7000000, 0x00000000b7000000, 0x00000000b7100000|  0%| F|  |TAMS 0x00000000b7000000, 0x00000000b7000000| Untracked 
| 881|0x00000000b7100000, 0x00000000b7100000, 0x00000000b7200000|  0%| F|  |TAMS 0x00000000b7100000, 0x00000000b7100000| Untracked 
| 882|0x00000000b7200000, 0x00000000b7200000, 0x00000000b7300000|  0%| F|  |TAMS 0x00000000b7200000, 0x00000000b7200000| Untracked 
| 883|0x00000000b7300000, 0x00000000b7300000, 0x00000000b7400000|  0%| F|  |TAMS 0x00000000b7300000, 0x00000000b7300000| Untracked 
| 884|0x00000000b7400000, 0x00000000b7400000, 0x00000000b7500000|  0%| F|  |TAMS 0x00000000b7400000, 0x00000000b7400000| Untracked 
| 885|0x00000000b7500000, 0x00000000b7500000, 0x00000000b7600000|  0%| F|  |TAMS 0x00000000b7500000, 0x00000000b7500000| Untracked 
| 886|0x00000000b7600000, 0x00000000b7600000, 0x00000000b7700000|  0%| F|  |TAMS 0x00000000b7600000, 0x00000000b7600000| Untracked 
| 887|0x00000000b7700000, 0x00000000b7700000, 0x00000000b7800000|  0%| F|  |TAMS 0x00000000b7700000, 0x00000000b7700000| Untracked 
| 888|0x00000000b7800000, 0x00000000b7800000, 0x00000000b7900000|  0%| F|  |TAMS 0x00000000b7800000, 0x00000000b7800000| Untracked 
| 889|0x00000000b7900000, 0x00000000b7900000, 0x00000000b7a00000|  0%| F|  |TAMS 0x00000000b7900000, 0x00000000b7900000| Untracked 
| 890|0x00000000b7a00000, 0x00000000b7a00000, 0x00000000b7b00000|  0%| F|  |TAMS 0x00000000b7a00000, 0x00000000b7a00000| Untracked 
| 891|0x00000000b7b00000, 0x00000000b7b00000, 0x00000000b7c00000|  0%| F|  |TAMS 0x00000000b7b00000, 0x00000000b7b00000| Untracked 
| 892|0x00000000b7c00000, 0x00000000b7c00000, 0x00000000b7d00000|  0%| F|  |TAMS 0x00000000b7c00000, 0x00000000b7c00000| Untracked 
| 893|0x00000000b7d00000, 0x00000000b7d00000, 0x00000000b7e00000|  0%| F|  |TAMS 0x00000000b7d00000, 0x00000000b7d00000| Untracked 
| 894|0x00000000b7e00000, 0x00000000b7e00000, 0x00000000b7f00000|  0%| F|  |TAMS 0x00000000b7e00000, 0x00000000b7e00000| Untracked 
| 895|0x00000000b7f00000, 0x00000000b7f00000, 0x00000000b8000000|  0%| F|  |TAMS 0x00000000b7f00000, 0x00000000b7f00000| Untracked 
| 896|0x00000000b8000000, 0x00000000b8000000, 0x00000000b8100000|  0%| F|  |TAMS 0x00000000b8000000, 0x00000000b8000000| Untracked 
| 897|0x00000000b8100000, 0x00000000b8100000, 0x00000000b8200000|  0%| F|  |TAMS 0x00000000b8100000, 0x00000000b8100000| Untracked 
| 898|0x00000000b8200000, 0x00000000b8200000, 0x00000000b8300000|  0%| F|  |TAMS 0x00000000b8200000, 0x00000000b8200000| Untracked 
| 899|0x00000000b8300000, 0x00000000b8300000, 0x00000000b8400000|  0%| F|  |TAMS 0x00000000b8300000, 0x00000000b8300000| Untracked 
| 900|0x00000000b8400000, 0x00000000b8400000, 0x00000000b8500000|  0%| F|  |TAMS 0x00000000b8400000, 0x00000000b8400000| Untracked 
| 901|0x00000000b8500000, 0x00000000b8500000, 0x00000000b8600000|  0%| F|  |TAMS 0x00000000b8500000, 0x00000000b8500000| Untracked 
| 902|0x00000000b8600000, 0x00000000b8600000, 0x00000000b8700000|  0%| F|  |TAMS 0x00000000b8600000, 0x00000000b8600000| Untracked 
| 903|0x00000000b8700000, 0x00000000b8700000, 0x00000000b8800000|  0%| F|  |TAMS 0x00000000b8700000, 0x00000000b8700000| Untracked 
| 904|0x00000000b8800000, 0x00000000b8800000, 0x00000000b8900000|  0%| F|  |TAMS 0x00000000b8800000, 0x00000000b8800000| Untracked 
| 905|0x00000000b8900000, 0x00000000b8900000, 0x00000000b8a00000|  0%| F|  |TAMS 0x00000000b8900000, 0x00000000b8900000| Untracked 
| 906|0x00000000b8a00000, 0x00000000b8a00000, 0x00000000b8b00000|  0%| F|  |TAMS 0x00000000b8a00000, 0x00000000b8a00000| Untracked 
| 907|0x00000000b8b00000, 0x00000000b8b00000, 0x00000000b8c00000|  0%| F|  |TAMS 0x00000000b8b00000, 0x00000000b8b00000| Untracked 
| 908|0x00000000b8c00000, 0x00000000b8c00000, 0x00000000b8d00000|  0%| F|  |TAMS 0x00000000b8c00000, 0x00000000b8c00000| Untracked 
| 909|0x00000000b8d00000, 0x00000000b8d00000, 0x00000000b8e00000|  0%| F|  |TAMS 0x00000000b8d00000, 0x00000000b8d00000| Untracked 
| 910|0x00000000b8e00000, 0x00000000b8e00000, 0x00000000b8f00000|  0%| F|  |TAMS 0x00000000b8e00000, 0x00000000b8e00000| Untracked 
| 911|0x00000000b8f00000, 0x00000000b8f00000, 0x00000000b9000000|  0%| F|  |TAMS 0x00000000b8f00000, 0x00000000b8f00000| Untracked 
| 912|0x00000000b9000000, 0x00000000b9000000, 0x00000000b9100000|  0%| F|  |TAMS 0x00000000b9000000, 0x00000000b9000000| Untracked 
| 913|0x00000000b9100000, 0x00000000b9100000, 0x00000000b9200000|  0%| F|  |TAMS 0x00000000b9100000, 0x00000000b9100000| Untracked 

Card table byte_map: [0x000001d867c00000,0x000001d868000000] _byte_map_base: 0x000001d867800000

Marking Bits (Prev, Next): (CMBitMap*) 0x000001d84e761e60, (CMBitMap*) 0x000001d84e761ea0
 Prev Bits: [0x000001d868400000, 0x000001d86a400000)
 Next Bits: [0x000001d86a400000, 0x000001d86c400000)

Polling page: 0x000001d84e7c0000

Metaspace:

Usage:
  Non-class:    126.01 MB used.
      Class:     20.44 MB used.
       Both:    146.45 MB used.

Virtual space:
  Non-class space:      128.00 MB reserved,     126.94 MB (>99%) committed,  2 nodes.
      Class space:      416.00 MB reserved,      21.38 MB (  5%) committed,  1 nodes.
             Both:      544.00 MB reserved,     148.31 MB ( 27%) committed. 

Chunk freelists:
   Non-Class:  1.00 MB
       Class:  10.55 MB
        Both:  11.55 MB

MaxMetaspaceSize: 512.00 MB
CompressedClassSpaceSize: 416.00 MB
Initial GC threshold: 21.00 MB
Current GC threshold: 247.19 MB
CDS: on
MetaspaceReclaimPolicy: balanced
 - commit_granule_bytes: 65536.
 - commit_granule_words: 8192.
 - virtual_space_node_default_size: 8388608.
 - enlarge_chunks_in_place: 1.
 - new_chunks_are_fully_committed: 0.
 - uncommit_free_chunks: 1.
 - use_allocation_guard: 0.
 - handle_deallocations: 1.


Internal statistics:

num_allocs_failed_limit: 12.
num_arena_births: 2996.
num_arena_deaths: 66.
num_vsnodes_births: 3.
num_vsnodes_deaths: 0.
num_space_committed: 2372.
num_space_uncommitted: 0.
num_chunks_returned_to_freelist: 98.
num_chunks_taken_from_freelist: 10217.
num_chunk_merges: 23.
num_chunk_splits: 6459.
num_chunks_enlarged: 3951.
num_inconsistent_stats: 0.

CodeHeap 'non-profiled nmethods': size=120000Kb used=24046Kb max_used=25222Kb free=95953Kb
 bounds [0x000001d85f640000, 0x000001d860ef0000, 0x000001d866b70000]
CodeHeap 'profiled nmethods': size=120000Kb used=48174Kb max_used=49104Kb free=71826Kb
 bounds [0x000001d857b70000, 0x000001d85ad10000, 0x000001d85f0a0000]
CodeHeap 'non-nmethods': size=5760Kb used=2544Kb max_used=2634Kb free=3215Kb
 bounds [0x000001d85f0a0000, 0x000001d85f340000, 0x000001d85f640000]
 total_blobs=24849 nmethods=23749 adapters=1011
 compilation: enabled
              stopped_count=0, restarted_count=0
 full_count=0

Compilation events (20 events):
Event: 209.420 Thread 0x000001d86f10e240 32684       2       java.util.Random::<init> (53 bytes)
Event: 209.423 Thread 0x000001d86f10e240 nmethod 32684 0x000001d85801b710 code [0x000001d85801b8c0, 0x000001d85801bbc8]
Event: 209.430 Thread 0x000001d86f10d930 nmethod 32611 0x000001d8609dc390 code [0x000001d8609dc960, 0x000001d8609e2630]
Event: 209.435 Thread 0x000001d86f10d930 32680       4       com.android.tools.r8.internal.BB::e (1124 bytes)
Event: 209.481 Thread 0x000001d86f10e240 32686       2       com.android.tools.r8.internal.Vv0::c (89 bytes)
Event: 209.483 Thread 0x000001d86f10e240 nmethod 32686 0x000001d85a2ec310 code [0x000001d85a2ec4e0, 0x000001d85a2ec718]
Event: 209.483 Thread 0x000001d86f10e240 32687       2       com.android.tools.r8.internal.Vv0$$Lambda$5603/0x000001d80256d0e0::<init> (10 bytes)
Event: 209.484 Thread 0x000001d86f10e240 nmethod 32687 0x000001d858da4b90 code [0x000001d858da4d20, 0x000001d858da4e78]
Event: 209.506 Thread 0x000001d86f10e240 32688       3       com.android.tools.r8.internal.Af::a (265 bytes)
Event: 209.512 Thread 0x000001d86f10e240 nmethod 32688 0x000001d85a36b790 code [0x000001d85a36bc60, 0x000001d85a36eb58]
Event: 209.595 Thread 0x000001d86f10e240 32691       3       com.android.tools.r8.graph.D3::f (40 bytes)
Event: 209.596 Thread 0x000001d86f10e240 nmethod 32691 0x000001d859cb1d10 code [0x000001d859cb1ee0, 0x000001d859cb22b8]
Event: 209.624 Thread 0x000001d86f10e240 32692 %     3       java.util.WeakHashMap::transfer @ 2 (104 bytes)
Event: 209.626 Thread 0x000001d86f10e240 nmethod 32692% 0x000001d859f37090 code [0x000001d859f372a0, 0x000001d859f37c28]
Event: 209.759 Thread 0x000001d86f10e240 32693 %     2       com.android.tools.r8.internal.wB::a @ 3184 (3928 bytes)
Event: 209.824 Thread 0x000001d86f10e240 nmethod 32693% 0x000001d85ab45790 code [0x000001d85ab467e0, 0x000001d85ab4edb8]
Event: 209.893 Thread 0x000001d86f10e240 32697       2       com.android.tools.r8.synthesis.O::<init> (36 bytes)
Event: 209.907 Thread 0x000001d86f10e240 nmethod 32697 0x000001d858788590 code [0x000001d858788740, 0x000001d8587888c8]
Event: 209.910 Thread 0x000001d86f10e240 32698   !   2       sun.nio.ch.FileLockTable::add (205 bytes)
Event: 209.929 Thread 0x000001d86f10e240 nmethod 32698 0x000001d858fdc910 code [0x000001d858fdcba0, 0x000001d858fdd7b8]

GC Heap History (20 events):
Event: 207.395 GC heap after
{Heap after GC invocations=204 (full 0):
 garbage-first heap   total 790528K, used 605674K [0x0000000080000000, 0x0000000100000000)
  region size 1024K, 10 young (10240K), 10 survivors (10240K)
 Metaspace       used 149953K, committed 151872K, reserved 557056K
  class space    used 20929K, committed 21888K, reserved 425984K
}
Event: 207.575 GC heap before
{Heap before GC invocations=204 (full 0):
 garbage-first heap   total 790528K, used 687594K [0x0000000080000000, 0x0000000100000000)
  region size 1024K, 91 young (93184K), 10 survivors (10240K)
 Metaspace       used 149953K, committed 151872K, reserved 557056K
  class space    used 20929K, committed 21888K, reserved 425984K
}
Event: 207.587 GC heap after
{Heap after GC invocations=205 (full 0):
 garbage-first heap   total 790528K, used 611290K [0x0000000080000000, 0x0000000100000000)
  region size 1024K, 7 young (7168K), 7 survivors (7168K)
 Metaspace       used 149953K, committed 151872K, reserved 557056K
  class space    used 20929K, committed 21888K, reserved 425984K
}
Event: 207.806 GC heap before
{Heap before GC invocations=205 (full 0):
 garbage-first heap   total 790528K, used 689114K [0x0000000080000000, 0x0000000100000000)
  region size 1024K, 84 young (86016K), 7 survivors (7168K)
 Metaspace       used 149954K, committed 151872K, reserved 557056K
  class space    used 20929K, committed 21888K, reserved 425984K
}
Event: 207.821 GC heap after
{Heap after GC invocations=206 (full 0):
 garbage-first heap   total 790528K, used 621071K [0x0000000080000000, 0x0000000100000000)
  region size 1024K, 11 young (11264K), 11 survivors (11264K)
 Metaspace       used 149954K, committed 151872K, reserved 557056K
  class space    used 20929K, committed 21888K, reserved 425984K
}
Event: 208.012 GC heap before
{Heap before GC invocations=206 (full 0):
 garbage-first heap   total 790528K, used 688655K [0x0000000080000000, 0x0000000100000000)
  region size 1024K, 79 young (80896K), 11 survivors (11264K)
 Metaspace       used 149955K, committed 151872K, reserved 557056K
  class space    used 20929K, committed 21888K, reserved 425984K
}
Event: 208.052 GC heap after
{Heap after GC invocations=207 (full 0):
 garbage-first heap   total 847872K, used 632019K [0x0000000080000000, 0x0000000100000000)
  region size 1024K, 10 young (10240K), 10 survivors (10240K)
 Metaspace       used 149955K, committed 151872K, reserved 557056K
  class space    used 20929K, committed 21888K, reserved 425984K
}
Event: 208.647 GC heap before
{Heap before GC invocations=207 (full 0):
 garbage-first heap   total 847872K, used 729299K [0x0000000080000000, 0x0000000100000000)
  region size 1024K, 106 young (108544K), 10 survivors (10240K)
 Metaspace       used 149955K, committed 151872K, reserved 557056K
  class space    used 20929K, committed 21888K, reserved 425984K
}
Event: 208.669 GC heap after
{Heap after GC invocations=208 (full 0):
 garbage-first heap   total 847872K, used 646942K [0x0000000080000000, 0x0000000100000000)
  region size 1024K, 14 young (14336K), 14 survivors (14336K)
 Metaspace       used 149955K, committed 151872K, reserved 557056K
  class space    used 20929K, committed 21888K, reserved 425984K
}
Event: 208.876 GC heap before
{Heap before GC invocations=208 (full 0):
 garbage-first heap   total 847872K, used 730910K [0x0000000080000000, 0x0000000100000000)
  region size 1024K, 97 young (99328K), 14 survivors (14336K)
 Metaspace       used 149955K, committed 151872K, reserved 557056K
  class space    used 20929K, committed 21888K, reserved 425984K
}
Event: 208.898 GC heap after
{Heap after GC invocations=209 (full 0):
 garbage-first heap   total 847872K, used 657102K [0x0000000080000000, 0x0000000100000000)
  region size 1024K, 12 young (12288K), 12 survivors (12288K)
 Metaspace       used 149955K, committed 151872K, reserved 557056K
  class space    used 20929K, committed 21888K, reserved 425984K
}
Event: 209.207 GC heap before
{Heap before GC invocations=209 (full 0):
 garbage-first heap   total 935936K, used 622286K [0x0000000080000000, 0x0000000100000000)
  region size 1024K, 81 young (82944K), 12 survivors (12288K)
 Metaspace       used 149956K, committed 151872K, reserved 557056K
  class space    used 20929K, committed 21888K, reserved 425984K
}
Event: 209.231 GC heap after
{Heap after GC invocations=210 (full 0):
 garbage-first heap   total 935936K, used 556782K [0x0000000080000000, 0x0000000100000000)
  region size 1024K, 6 young (6144K), 6 survivors (6144K)
 Metaspace       used 149956K, committed 151872K, reserved 557056K
  class space    used 20929K, committed 21888K, reserved 425984K
}
Event: 209.850 GC heap before
{Heap before GC invocations=211 (full 0):
 garbage-first heap   total 935936K, used 777966K [0x0000000080000000, 0x0000000100000000)
  region size 1024K, 223 young (228352K), 6 survivors (6144K)
 Metaspace       used 149961K, committed 151872K, reserved 557056K
  class space    used 20930K, committed 21888K, reserved 425984K
}
Event: 209.874 GC heap after
{Heap after GC invocations=212 (full 0):
 garbage-first heap   total 935936K, used 565369K [0x0000000080000000, 0x0000000100000000)
  region size 1024K, 15 young (15360K), 15 survivors (15360K)
 Metaspace       used 149961K, committed 151872K, reserved 557056K
  class space    used 20930K, committed 21888K, reserved 425984K
}
Event: 209.938 GC heap before
{Heap before GC invocations=212 (full 0):
 garbage-first heap   total 935936K, used 596089K [0x0000000080000000, 0x0000000100000000)
  region size 1024K, 45 young (46080K), 15 survivors (15360K)
 Metaspace       used 149962K, committed 151872K, reserved 557056K
  class space    used 20930K, committed 21888K, reserved 425984K
}
Event: 209.976 GC heap after
{Heap after GC invocations=213 (full 0):
 garbage-first heap   total 935936K, used 472571K [0x0000000080000000, 0x0000000100000000)
  region size 1024K, 3 young (3072K), 3 survivors (3072K)
 Metaspace       used 149962K, committed 151872K, reserved 557056K
  class space    used 20930K, committed 21888K, reserved 425984K
}
Event: 210.113 GC heap before
{Heap before GC invocations=213 (full 0):
 garbage-first heap   total 935936K, used 515579K [0x0000000080000000, 0x0000000100000000)
  region size 1024K, 45 young (46080K), 3 survivors (3072K)
 Metaspace       used 149962K, committed 151872K, reserved 557056K
  class space    used 20930K, committed 21888K, reserved 425984K
}
Event: 210.129 GC heap after
{Heap after GC invocations=214 (full 0):
 garbage-first heap   total 935936K, used 384482K [0x0000000080000000, 0x0000000100000000)
  region size 1024K, 6 young (6144K), 6 survivors (6144K)
 Metaspace       used 149962K, committed 151872K, reserved 557056K
  class space    used 20930K, committed 21888K, reserved 425984K
}
Event: 210.290 GC heap before
{Heap before GC invocations=214 (full 0):
 garbage-first heap   total 935936K, used 423394K [0x0000000080000000, 0x0000000100000000)
  region size 1024K, 45 young (46080K), 6 survivors (6144K)
 Metaspace       used 149962K, committed 151872K, reserved 557056K
  class space    used 20930K, committed 21888K, reserved 425984K
}

Dll operation events (16 events):
Event: 0.027 Loaded shared library C:\Program Files\Microsoft\jdk-17.0.17.10-hotspot\bin\java.dll
Event: 0.062 Loaded shared library C:\Program Files\Microsoft\jdk-17.0.17.10-hotspot\bin\jsvml.dll
Event: 0.142 Loaded shared library C:\Program Files\Microsoft\jdk-17.0.17.10-hotspot\bin\zip.dll
Event: 0.149 Loaded shared library C:\Program Files\Microsoft\jdk-17.0.17.10-hotspot\bin\instrument.dll
Event: 0.157 Loaded shared library C:\Program Files\Microsoft\jdk-17.0.17.10-hotspot\bin\net.dll
Event: 0.160 Loaded shared library C:\Program Files\Microsoft\jdk-17.0.17.10-hotspot\bin\nio.dll
Event: 0.163 Loaded shared library C:\Program Files\Microsoft\jdk-17.0.17.10-hotspot\bin\zip.dll
Event: 1.098 Loaded shared library C:\Program Files\Microsoft\jdk-17.0.17.10-hotspot\bin\jimage.dll
Event: 2.357 Loaded shared library C:\Program Files\Microsoft\jdk-17.0.17.10-hotspot\bin\verify.dll
Event: 2.533 Loaded shared library C:\Users\HP\.gradle\native\1def1411415f61bf3af743bc5b6707747c0891f09f0c88961ee8f79bc544acac\windows-amd64\native-platform.dll
Event: 2.567 Loaded shared library C:\Users\HP\.gradle\native\0.2.8\x86_64-windows-gnu\gradle-fileevents.dll
Event: 4.783 Loaded shared library C:\Program Files\Microsoft\jdk-17.0.17.10-hotspot\bin\management.dll
Event: 4.789 Loaded shared library C:\Program Files\Microsoft\jdk-17.0.17.10-hotspot\bin\management_ext.dll
Event: 5.320 Loaded shared library C:\Program Files\Microsoft\jdk-17.0.17.10-hotspot\bin\extnet.dll
Event: 5.758 Loaded shared library C:\Program Files\Microsoft\jdk-17.0.17.10-hotspot\bin\sunmscapi.dll
Event: 89.321 Loaded shared library C:\Program Files\Microsoft\jdk-17.0.17.10-hotspot\bin\rmi.dll

Deoptimization events (20 events):
Event: 209.909 Thread 0x000001d876747ad0 DEOPT PACKING pc=0x000001d859f5b855 sp=0x00000072534fa480
Event: 209.909 Thread 0x000001d876747ad0 DEOPT UNPACKING pc=0x000001d85f0f7143 sp=0x00000072534f99c8 mode 0
Event: 209.926 Thread 0x000001d86f905470 DEOPT PACKING pc=0x000001d85abb6d96 sp=0x0000007253ffa800
Event: 209.926 Thread 0x000001d86f905470 DEOPT UNPACKING pc=0x000001d85f0f7143 sp=0x0000007253ffa0a8 mode 0
Event: 210.028 Thread 0x000001d876747ad0 DEOPT PACKING pc=0x000001d85ab77496 sp=0x00000072534faa00
Event: 210.028 Thread 0x000001d876747ad0 DEOPT UNPACKING pc=0x000001d85f0f7143 sp=0x00000072534fa0a8 mode 0
Event: 210.038 Thread 0x000001d875aa3db0 DEOPT PACKING pc=0x000001d85a15b0cd sp=0x000000724fdf7440
Event: 210.038 Thread 0x000001d875aa3db0 DEOPT UNPACKING pc=0x000001d85f0f7143 sp=0x000000724fdf6a18 mode 0
Event: 210.049 Thread 0x000001d8767470b0 DEOPT PACKING pc=0x000001d85abb6d96 sp=0x00000072532fa610
Event: 210.049 Thread 0x000001d8767470b0 DEOPT UNPACKING pc=0x000001d85f0f7143 sp=0x00000072532f9eb8 mode 0
Event: 210.156 Thread 0x000001d875aa3db0 DEOPT PACKING pc=0x000001d859eed7ff sp=0x000000724fdf7b80
Event: 210.156 Thread 0x000001d875aa3db0 DEOPT UNPACKING pc=0x000001d85f0f7143 sp=0x000000724fdf70c0 mode 0
Event: 210.167 Thread 0x000001d86f905470 DEOPT PACKING pc=0x000001d85ab77496 sp=0x0000007253ffa9e0
Event: 210.167 Thread 0x000001d86f905470 DEOPT UNPACKING pc=0x000001d85f0f7143 sp=0x0000007253ffa088 mode 0
Event: 210.181 Thread 0x000001d86f905470 DEOPT PACKING pc=0x000001d85abb6d96 sp=0x0000007253ffa800
Event: 210.181 Thread 0x000001d86f905470 DEOPT UNPACKING pc=0x000001d85f0f7143 sp=0x0000007253ffa0a8 mode 0
Event: 210.197 Thread 0x000001d86f9063a0 DEOPT PACKING pc=0x000001d85a1896e1 sp=0x00000072541fa400
Event: 210.197 Thread 0x000001d86f9063a0 DEOPT UNPACKING pc=0x000001d85f0f7143 sp=0x00000072541f9c58 mode 0
Event: 210.232 Thread 0x000001d86f908200 DEOPT PACKING pc=0x000001d85a907195 sp=0x00000072543fab80
Event: 210.232 Thread 0x000001d86f908200 DEOPT UNPACKING pc=0x000001d85f0f7143 sp=0x00000072543fa310 mode 0

Classes loaded (20 events):
Event: 103.691 Loading class java/util/IdentityHashMap$IdentityHashMapSpliterator done
Event: 103.691 Loading class java/util/IdentityHashMap$EntrySpliterator done
Event: 103.780 Loading class java/util/SortedSet$1
Event: 103.787 Loading class java/util/SortedSet$1 done
Event: 106.246 Loading class java/nio/ShortBuffer
Event: 106.247 Loading class java/nio/ShortBuffer done
Event: 106.324 Loading class java/nio/ByteBufferAsShortBufferL
Event: 106.325 Loading class java/nio/ByteBufferAsShortBufferL done
Event: 106.394 Loading class java/util/zip/Adler32
Event: 106.395 Loading class java/util/zip/Adler32 done
Event: 106.407 Loading class java/nio/file/Path$1
Event: 106.408 Loading class java/nio/file/Path$1 done
Event: 134.192 Loading class jdk/internal/reflect/UnsafeByteFieldAccessorImpl
Event: 134.206 Loading class jdk/internal/reflect/UnsafeByteFieldAccessorImpl done
Event: 140.831 Loading class java/util/concurrent/ConcurrentHashMap$TreeNode
Event: 141.084 Loading class java/util/concurrent/ConcurrentHashMap$TreeNode done
Event: 141.085 Loading class java/util/concurrent/ConcurrentHashMap$TreeBin
Event: 141.136 Loading class java/util/concurrent/ConcurrentHashMap$TreeBin done
Event: 209.202 Loading class sun/rmi/transport/DGCClient$EndpointEntry$CleanRequest
Event: 209.262 Loading class sun/rmi/transport/DGCClient$EndpointEntry$CleanRequest done

Classes unloaded (20 events):
Event: 137.326 Thread 0x000001d86f0e6630 Unloading class 0x000001d80246a000 'java/lang/invoke/LambdaForm$MH+0x000001d80246a000'
Event: 137.326 Thread 0x000001d86f0e6630 Unloading class 0x000001d802469800 'java/lang/invoke/LambdaForm$DMH+0x000001d802469800'
Event: 137.326 Thread 0x000001d86f0e6630 Unloading class 0x000001d802468c00 'java/lang/invoke/LambdaForm$DMH+0x000001d802468c00'
Event: 137.326 Thread 0x000001d86f0e6630 Unloading class 0x000001d802468000 'java/lang/invoke/LambdaForm$DMH+0x000001d802468000'
Event: 137.326 Thread 0x000001d86f0e6630 Unloading class 0x000001d802444400 'java/lang/invoke/LambdaForm$DMH+0x000001d802444400'
Event: 137.326 Thread 0x000001d86f0e6630 Unloading class 0x000001d8023e4400 'java/lang/invoke/LambdaForm$DMH+0x000001d8023e4400'
Event: 137.326 Thread 0x000001d86f0e6630 Unloading class 0x000001d8023a4400 'java/lang/invoke/LambdaForm$DMH+0x000001d8023a4400'
Event: 137.326 Thread 0x000001d86f0e6630 Unloading class 0x000001d802385800 'java/lang/invoke/LambdaForm$DMH+0x000001d802385800'
Event: 137.326 Thread 0x000001d86f0e6630 Unloading class 0x000001d802384c00 'java/lang/invoke/LambdaForm$DMH+0x000001d802384c00'
Event: 137.326 Thread 0x000001d86f0e6630 Unloading class 0x000001d802384800 'java/lang/invoke/LambdaForm$DMH+0x000001d802384800'
Event: 137.326 Thread 0x000001d86f0e6630 Unloading class 0x000001d802384400 'java/lang/invoke/LambdaForm$DMH+0x000001d802384400'
Event: 137.326 Thread 0x000001d86f0e6630 Unloading class 0x000001d802384000 'java/lang/invoke/LambdaForm$DMH+0x000001d802384000'
Event: 137.326 Thread 0x000001d86f0e6630 Unloading class 0x000001d802385000 'java/lang/invoke/LambdaForm$DMH+0x000001d802385000'
Event: 137.326 Thread 0x000001d86f0e6630 Unloading class 0x000001d802329000 'java/lang/invoke/LambdaForm$DMH+0x000001d802329000'
Event: 137.326 Thread 0x000001d86f0e6630 Unloading class 0x000001d802328c00 'java/lang/invoke/LambdaForm$DMH+0x000001d802328c00'
Event: 137.326 Thread 0x000001d86f0e6630 Unloading class 0x000001d802328400 'java/lang/invoke/LambdaForm$DMH+0x000001d802328400'
Event: 137.326 Thread 0x000001d86f0e6630 Unloading class 0x000001d802328000 'java/lang/invoke/LambdaForm$DMH+0x000001d802328000'
Event: 137.326 Thread 0x000001d86f0e6630 Unloading class 0x000001d802298c00 'java/lang/invoke/LambdaForm$DMH+0x000001d802298c00'
Event: 137.326 Thread 0x000001d86f0e6630 Unloading class 0x000001d802298800 'java/lang/invoke/LambdaForm$DMH+0x000001d802298800'
Event: 137.326 Thread 0x000001d86f0e6630 Unloading class 0x000001d802298400 'java/lang/invoke/LambdaForm$DMH+0x000001d802298400'

Classes redefined (0 events):
No events

Internal exceptions (20 events):
Event: 205.040 Thread 0x000001d86f904f60 Exception <a 'sun/nio/fs/WindowsException'{0x00000000af9276a8}> (0x00000000af9276a8) 
thrown [s\src\hotspot\share\prims\jni.cpp, line 516]
Event: 205.046 Thread 0x000001d86f908200 Exception <a 'sun/nio/fs/WindowsException'{0x00000000af984ef8}> (0x00000000af984ef8) 
thrown [s\src\hotspot\share\prims\jni.cpp, line 516]
Event: 205.050 Thread 0x000001d86f9077e0 Exception <a 'sun/nio/fs/WindowsException'{0x00000000afb53ce0}> (0x00000000afb53ce0) 
thrown [s\src\hotspot\share\prims\jni.cpp, line 516]
Event: 205.299 Thread 0x000001d86f905e90 Exception <a 'sun/nio/fs/WindowsException'{0x00000000aeaa9b68}> (0x00000000aeaa9b68) 
thrown [s\src\hotspot\share\prims\jni.cpp, line 516]
Event: 205.547 Thread 0x000001d86f904540 Exception <a 'sun/nio/fs/WindowsException'{0x00000000afbe4a40}> (0x00000000afbe4a40) 
thrown [s\src\hotspot\share\prims\jni.cpp, line 516]
Event: 205.674 Thread 0x000001d87674a350 Exception <a 'sun/nio/fs/WindowsException'{0x00000000ad41a890}> (0x00000000ad41a890) 
thrown [s\src\hotspot\share\prims\jni.cpp, line 516]
Event: 205.860 Thread 0x000001d8767470b0 Exception <a 'sun/nio/fs/WindowsException'{0x00000000b02222a8}> (0x00000000b02222a8) 
thrown [s\src\hotspot\share\prims\jni.cpp, line 516]
Event: 205.924 Thread 0x000001d86f905e90 Exception <a 'sun/nio/fs/WindowsException'{0x00000000aeb1c048}> (0x00000000aeb1c048) 
thrown [s\src\hotspot\share\prims\jni.cpp, line 516]
Event: 205.947 Thread 0x000001d86f9077e0 Exception <a 'sun/nio/fs/WindowsException'{0x00000000ae5d2270}> (0x00000000ae5d2270) 
thrown [s\src\hotspot\share\prims\jni.cpp, line 516]
Event: 206.008 Thread 0x000001d87674a350 Exception <a 'sun/nio/fs/WindowsException'{0x00000000adc2cee0}> (0x00000000adc2cee0) 
thrown [s\src\hotspot\share\prims\jni.cpp, line 516]
Event: 206.377 Thread 0x000001d86f9077e0 Exception <a 'sun/nio/fs/WindowsException'{0x00000000aecc4398}> (0x00000000aecc4398) 
thrown [s\src\hotspot\share\prims\jni.cpp, line 516]
Event: 206.505 Thread 0x000001d8767470b0 Exception <a 'sun/nio/fs/WindowsException'{0x00000000ababca90}> (0x00000000ababca90) 
thrown [s\src\hotspot\share\prims\jni.cpp, line 516]
Event: 206.612 Thread 0x000001d86f905e90 Exception <a 'sun/nio/fs/WindowsException'{0x00000000afd64eb8}> (0x00000000afd64eb8) 
thrown [s\src\hotspot\share\prims\jni.cpp, line 516]
Event: 206.803 Thread 0x000001d86f904f60 Exception <a 'sun/nio/fs/WindowsException'{0x00000000ad7373c8}> (0x00000000ad7373c8) 
thrown [s\src\hotspot\share\prims\jni.cpp, line 516]
Event: 207.283 Thread 0x000001d86f905e90 Exception <a 'sun/nio/fs/WindowsException'{0x00000000ad443760}> (0x00000000ad443760) 
thrown [s\src\hotspot\share\prims\jni.cpp, line 516]
Event: 207.301 Thread 0x000001d86f905470 Exception <a 'sun/nio/fs/WindowsException'{0x00000000aef2a528}> (0x00000000aef2a528) 
thrown [s\src\hotspot\share\prims\jni.cpp, line 516]
Event: 207.452 Thread 0x000001d87674a350 Exception <a 'sun/nio/fs/WindowsException'{0x00000000ae9dbdd0}> (0x00000000ae9dbdd0) 
thrown [s\src\hotspot\share\prims\jni.cpp, line 516]
Event: 207.997 Thread 0x000001d86f905e90 Exception <a 'sun/nio/fs/WindowsException'{0x00000000ae1f0eb0}> (0x00000000ae1f0eb0) 
thrown [s\src\hotspot\share\prims\jni.cpp, line 516]
Event: 208.776 Thread 0x000001d86f905e90 Exception <a 'sun/nio/fs/WindowsException'{0x00000000b1afaf90}> (0x00000000b1afaf90) 
thrown [s\src\hotspot\share\prims\jni.cpp, line 516]
Event: 209.454 Thread 0x000001d86f904f60 Exception <a 'sun/nio/fs/WindowsException'{0x00000000b5b4eea8}> (0x00000000b5b4eea8) 
thrown [s\src\hotspot\share\prims\jni.cpp, line 516]

VM Operations (20 events):
Event: 208.176 Executing VM operation: HandshakeAllThreads done
Event: 208.629 Executing VM operation: G1CollectForAllocation
Event: 208.642 Executing VM operation: G1CollectForAllocation done
Event: 208.646 Executing VM operation: G1CollectForAllocation
Event: 208.669 Executing VM operation: G1CollectForAllocation done
Event: 208.874 Executing VM operation: G1CollectForAllocation
Event: 208.898 Executing VM operation: G1CollectForAllocation done
Event: 208.919 Executing VM operation: G1PauseRemark
Event: 208.985 Executing VM operation: G1PauseRemark done
Event: 209.201 Executing VM operation: G1CollectForAllocation
Event: 209.231 Executing VM operation: G1CollectForAllocation done
Event: 209.326 Executing VM operation: G1PauseCleanup
Event: 209.327 Executing VM operation: G1PauseCleanup done
Event: 209.840 Executing VM operation: G1CollectForAllocation
Event: 209.874 Executing VM operation: G1CollectForAllocation done
Event: 209.936 Executing VM operation: G1CollectForAllocation
Event: 209.976 Executing VM operation: G1CollectForAllocation done
Event: 210.112 Executing VM operation: G1CollectForAllocation
Event: 210.129 Executing VM operation: G1CollectForAllocation done
Event: 210.286 Executing VM operation: G1CollectForAllocation

Memory protections (0 events):
No events

Nmethod flushes (20 events):
Event: 208.199 Thread 0x000001d86f126b70 flushing  nmethod 0x000001d860b82410
Event: 208.200 Thread 0x000001d86f126b70 flushing  nmethod 0x000001d860c25590
Event: 208.200 Thread 0x000001d86f126b70 flushing  nmethod 0x000001d860c78590
Event: 208.200 Thread 0x000001d86f126b70 flushing osr nmethod 0x000001d860cbd210
Event: 208.201 Thread 0x000001d86f126b70 flushing  nmethod 0x000001d860d0ee90
Event: 208.201 Thread 0x000001d86f126b70 flushing  nmethod 0x000001d860d8c990
Event: 208.202 Thread 0x000001d86f126b70 flushing  nmethod 0x000001d860dce390
Event: 208.202 Thread 0x000001d86f126b70 flushing  nmethod 0x000001d860e2df10
Event: 208.243 Thread 0x000001d86f126b70 flushing  nmethod 0x000001d858b22f90
Event: 208.251 Thread 0x000001d86f126b70 flushing  nmethod 0x000001d858e93690
Event: 208.276 Thread 0x000001d86f126b70 flushing  nmethod 0x000001d859db7c90
Event: 208.279 Thread 0x000001d86f126b70 flushing  nmethod 0x000001d85a054210
Event: 208.285 Thread 0x000001d86f126b70 flushing  nmethod 0x000001d85a4c7810
Event: 208.286 Thread 0x000001d86f126b70 flushing  nmethod 0x000001d85a509190
Event: 208.286 Thread 0x000001d86f126b70 flushing  nmethod 0x000001d85a525690
Event: 208.287 Thread 0x000001d86f126b70 flushing  nmethod 0x000001d85a598390
Event: 208.287 Thread 0x000001d86f126b70 flushing  nmethod 0x000001d85a5c4c90
Event: 208.290 Thread 0x000001d86f126b70 flushing  nmethod 0x000001d85a74b990
Event: 208.290 Thread 0x000001d86f126b70 flushing  nmethod 0x000001d85a754690
Event: 208.293 Thread 0x000001d86f126b70 flushing  nmethod 0x000001d85a8f4e10

Events (20 events):
Event: 101.353 Thread 0x000001d87fe4d2d0 Thread added: 0x000001d87fe4d820
Event: 101.915 Thread 0x000001d879852c50 Thread added: 0x000001d87951dd60
Event: 102.069 Thread 0x000001d87fe4d820 Thread exited: 0x000001d87fe4d820
Event: 102.348 Thread 0x000001d87951dd60 Thread added: 0x000001d87951aac0
Event: 102.349 Thread 0x000001d87951dd60 Thread added: 0x000001d879521f30
Event: 102.365 Thread 0x000001d86f10e240 Thread added: 0x000001d87fe4d820
Event: 122.857 Thread 0x000001d87fe4d2d0 Thread exited: 0x000001d87fe4d2d0
Event: 122.857 Thread 0x000001d87fe4d820 Thread exited: 0x000001d87fe4d820
Event: 127.140 Thread 0x000001d879851300 Thread exited: 0x000001d879851300
Event: 133.264 Thread 0x000001d86f10e240 Thread added: 0x000001d87fe4ed60
Event: 133.496 Thread 0x000001d87fe4ed60 Thread exited: 0x000001d87fe4ed60
Event: 135.308 Thread 0x000001d86f10e240 Thread added: 0x000001d87fe4d2d0
Event: 139.216 Thread 0x000001d86f10e240 Thread added: 0x000001d87fe4dd70
Event: 165.144 Thread 0x000001d81bc97830 Thread exited: 0x000001d81bc97830
Event: 177.932 Thread 0x000001d86fc26c00 Thread added: 0x000001d81c71eb00
Event: 187.163 Thread 0x000001d87984f9b0 Thread exited: 0x000001d87984f9b0
Event: 192.387 Thread 0x000001d879521f30 Thread exited: 0x000001d879521f30
Event: 192.387 Thread 0x000001d87951aac0 Thread exited: 0x000001d87951aac0
Event: 192.412 Thread 0x000001d87951dd60 Thread exited: 0x000001d87951dd60
Event: 209.359 Thread 0x000001d81bc93b70 Thread exited: 0x000001d81bc93b70


Dynamic libraries:
0x00007ff6f5030000 - 0x00007ff6f503e000 	C:\Program Files\Microsoft\jdk-17.0.17.10-hotspot\bin\java.exe
0x00007ff981b40000 - 0x00007ff981da7000 	C:\WINDOWS\SYSTEM32\ntdll.dll
0x00007ff980b30000 - 0x00007ff980bf9000 	C:\WINDOWS\System32\KERNEL32.DLL
0x00007ff97e9a0000 - 0x00007ff97ed94000 	C:\WINDOWS\System32\KERNELBASE.dll
0x00007ff97e790000 - 0x00007ff97e8db000 	C:\WINDOWS\System32\ucrtbase.dll
0x00007ff966090000 - 0x00007ff9660ae000 	C:\Program Files\Microsoft\jdk-17.0.17.10-hotspot\bin\VCRUNTIME140.dll
0x00007ff9672b0000 - 0x00007ff9672c8000 	C:\Program Files\Microsoft\jdk-17.0.17.10-hotspot\bin\jli.dll
0x00007ff97ff00000 - 0x00007ff9800c5000 	C:\WINDOWS\System32\USER32.dll
0x00007ff95f360000 - 0x00007ff95f5f3000 	C:\WINDOWS\WinSxS\amd64_microsoft.windows.common-controls_6595b64144ccf1df_6.0.26100.8115_none_3e075c82e3354f9c\COMCTL32.dll
0x00007ff980a80000 - 0x00007ff980b29000 	C:\WINDOWS\System32\msvcrt.dll
0x00007ff97eda0000 - 0x00007ff97edc7000 	C:\WINDOWS\System32\win32u.dll
0x00007ff980110000 - 0x00007ff98013b000 	C:\WINDOWS\System32\GDI32.dll
0x00007ff97edd0000 - 0x00007ff97eefb000 	C:\WINDOWS\System32\gdi32full.dll
0x00007ff97efb0000 - 0x00007ff97f053000 	C:\WINDOWS\System32\msvcp_win.dll
0x00007ff9800d0000 - 0x00007ff980102000 	C:\WINDOWS\System32\IMM32.DLL
0x00007ff9672a0000 - 0x00007ff9672ac000 	C:\Program Files\Microsoft\jdk-17.0.17.10-hotspot\bin\vcruntime140_1.dll
0x00007ff904a50000 - 0x00007ff904ad9000 	C:\Program Files\Microsoft\jdk-17.0.17.10-hotspot\bin\msvcp140.dll
0x00007ff8cd930000 - 0x00007ff8ce5aa000 	C:\Program Files\Microsoft\jdk-17.0.17.10-hotspot\bin\server\jvm.dll
0x00007ff981160000 - 0x00007ff981216000 	C:\WINDOWS\System32\ADVAPI32.dll
0x00007ff9806f0000 - 0x00007ff980797000 	C:\WINDOWS\System32\sechost.dll
0x00007ff981040000 - 0x00007ff981158000 	C:\WINDOWS\System32\RPCRT4.dll
0x00007ff980140000 - 0x00007ff9801c0000 	C:\WINDOWS\System32\WS2_32.dll
0x00007ff97e290000 - 0x00007ff97e2ee000 	C:\WINDOWS\SYSTEM32\POWRPROF.dll
0x00007ff96cc90000 - 0x00007ff96cc9b000 	C:\WINDOWS\SYSTEM32\VERSION.dll
0x00007ff9751a0000 - 0x00007ff9751d6000 	C:\WINDOWS\SYSTEM32\WINMM.dll
0x00007ff97e270000 - 0x00007ff97e284000 	C:\WINDOWS\SYSTEM32\UMPDC.dll
0x00007ff97d170000 - 0x00007ff97d18b000 	C:\WINDOWS\SYSTEM32\kernel.appcore.dll
0x00007ff967260000 - 0x00007ff96726a000 	C:\Program Files\Microsoft\jdk-17.0.17.10-hotspot\bin\jimage.dll
0x00007ff97c300000 - 0x00007ff97c542000 	C:\WINDOWS\SYSTEM32\DBGHELP.DLL
0x00007ff97fb70000 - 0x00007ff97fef2000 	C:\WINDOWS\System32\combase.dll
0x00007ff97fa90000 - 0x00007ff97fb68000 	C:\WINDOWS\System32\OLEAUT32.dll
0x00007ff95d1a0000 - 0x00007ff95d1db000 	C:\WINDOWS\SYSTEM32\dbgcore.DLL
0x00007ff97ef00000 - 0x00007ff97efa5000 	C:\WINDOWS\System32\bcryptPrimitives.dll
0x00007ff9510f0000 - 0x00007ff9510ff000 	C:\Program Files\Microsoft\jdk-17.0.17.10-hotspot\bin\instrument.dll
0x00007ff955ab0000 - 0x00007ff955ad6000 	C:\Program Files\Microsoft\jdk-17.0.17.10-hotspot\bin\java.dll
0x00007ff902d60000 - 0x00007ff902e36000 	C:\Program Files\Microsoft\jdk-17.0.17.10-hotspot\bin\jsvml.dll
0x00007ff981320000 - 0x00007ff981a87000 	C:\WINDOWS\System32\SHELL32.dll
0x00007ff97e620000 - 0x00007ff97e78a000 	C:\WINDOWS\System32\wintypes.dll
0x00007ff97f060000 - 0x00007ff97f8c8000 	C:\WINDOWS\System32\windows.storage.dll
0x00007ff9808a0000 - 0x00007ff980998000 	C:\WINDOWS\System32\SHCORE.dll
0x00007ff981a90000 - 0x00007ff981af6000 	C:\WINDOWS\System32\shlwapi.dll
0x00007ff97e330000 - 0x00007ff97e359000 	C:\WINDOWS\SYSTEM32\profapi.dll
0x00007ff951560000 - 0x00007ff951578000 	C:\Program Files\Microsoft\jdk-17.0.17.10-hotspot\bin\zip.dll
0x00007ff955c00000 - 0x00007ff955c1b000 	C:\Program Files\Microsoft\jdk-17.0.17.10-hotspot\bin\net.dll
0x00007ff975250000 - 0x00007ff97537d000 	C:\WINDOWS\SYSTEM32\WINHTTP.dll
0x00007ff97d6f0000 - 0x00007ff97d75c000 	C:\WINDOWS\system32\mswsock.dll
0x00007ff9555f0000 - 0x00007ff955606000 	C:\Program Files\Microsoft\jdk-17.0.17.10-hotspot\bin\nio.dll
0x00007ff951190000 - 0x00007ff9511a0000 	C:\Program Files\Microsoft\jdk-17.0.17.10-hotspot\bin\verify.dll
0x00007ff966230000 - 0x00007ff966257000 	C:\Users\HP\.gradle\native\1def1411415f61bf3af743bc5b6707747c0891f09f0c88961ee8f79bc544acac\windows-amd64\native-platform.dll
0x00007ff9049d0000 - 0x00007ff904a47000 	C:\Users\HP\.gradle\native\0.2.8\x86_64-windows-gnu\gradle-fileevents.dll
0x00007ff966350000 - 0x00007ff96635a000 	C:\Program Files\Microsoft\jdk-17.0.17.10-hotspot\bin\management.dll
0x00007ff955890000 - 0x00007ff95589c000 	C:\Program Files\Microsoft\jdk-17.0.17.10-hotspot\bin\management_ext.dll
0x00007ff9809b0000 - 0x00007ff9809b8000 	C:\WINDOWS\System32\PSAPI.DLL
0x00007ff97cb40000 - 0x00007ff97cb72000 	C:\WINDOWS\SYSTEM32\IPHLPAPI.DLL
0x00007ff980e70000 - 0x00007ff980e7a000 	C:\WINDOWS\System32\NSI.dll
0x00007ff976ad0000 - 0x00007ff976aed000 	C:\WINDOWS\SYSTEM32\dhcpcsvc6.DLL
0x00007ff976aa0000 - 0x00007ff976ac5000 	C:\WINDOWS\SYSTEM32\dhcpcsvc.DLL
0x00007ff97cbd0000 - 0x00007ff97cd02000 	C:\WINDOWS\SYSTEM32\DNSAPI.dll
0x00007ff951100000 - 0x00007ff951109000 	C:\Program Files\Microsoft\jdk-17.0.17.10-hotspot\bin\extnet.dll
0x00007ff97d9f0000 - 0x00007ff97da0b000 	C:\WINDOWS\SYSTEM32\CRYPTSP.dll
0x00007ff97d0d0000 - 0x00007ff97d109000 	C:\WINDOWS\system32\rsaenh.dll
0x00007ff97d7a0000 - 0x00007ff97d7d3000 	C:\WINDOWS\SYSTEM32\USERENV.dll
0x00007ff97e300000 - 0x00007ff97e32a000 	C:\WINDOWS\SYSTEM32\bcrypt.dll
0x00007ff97da10000 - 0x00007ff97da1c000 	C:\WINDOWS\SYSTEM32\CRYPTBASE.dll
0x00007ff955be0000 - 0x00007ff955bee000 	C:\Program Files\Microsoft\jdk-17.0.17.10-hotspot\bin\sunmscapi.dll
0x00007ff97e410000 - 0x00007ff97e587000 	C:\WINDOWS\System32\CRYPT32.dll
0x00007ff97dc10000 - 0x00007ff97dc40000 	C:\WINDOWS\SYSTEM32\ncrypt.dll
0x00007ff97dbc0000 - 0x00007ff97dbff000 	C:\WINDOWS\SYSTEM32\NTASN1.dll
0x00007ff9513e0000 - 0x00007ff9513e8000 	C:\WINDOWS\system32\wshunix.dll
0x00007ff976150000 - 0x00007ff976157000 	C:\Program Files\Microsoft\jdk-17.0.17.10-hotspot\bin\rmi.dll
0x00007ff97d290000 - 0x00007ff97d2c6000 	C:\WINDOWS\SYSTEM32\ntmarta.dll

dbghelp: loaded successfully - version: 4.0.5 - missing functions: none
symbol engine: initialized successfully - sym options: 0x614 - pdb path: .;C:\Program Files\Microsoft\jdk-17.0.17.10-hotspot\bin;C:\WINDOWS\SYSTEM32;C:\WINDOWS\WinSxS\amd64_microsoft.windows.common-controls_6595b64144ccf1df_6.0.26100.8115_none_3e075c82e3354f9c;C:\Program Files\Microsoft\jdk-17.0.17.10-hotspot\bin\server;C:\Users\HP\.gradle\native\1def1411415f61bf3af743bc5b6707747c0891f09f0c88961ee8f79bc544acac\windows-amd64;C:\Users\HP\.gradle\native\0.2.8\x86_64-windows-gnu

VM Arguments:
jvm_args: --add-opens=java.base/java.lang=ALL-UNNAMED --add-opens=java.base/java.lang.invoke=ALL-UNNAMED --add-opens=java.base/java.util=ALL-UNNAMED --add-opens=java.prefs/java.util.prefs=ALL-UNNAMED --add-exports=jdk.compiler/com.sun.tools.javac.api=ALL-UNNAMED --add-exports=jdk.compiler/com.sun.tools.javac.util=ALL-UNNAMED --add-opens=java.base/java.util=ALL-UNNAMED --add-opens=java.prefs/java.util.prefs=ALL-UNNAMED --add-opens=java.base/java.nio.charset=ALL-UNNAMED --add-opens=java.base/java.net=ALL-UNNAMED --add-opens=java.base/java.util.concurrent=ALL-UNNAMED --add-opens=java.base/java.util.concurrent.atomic=ALL-UNNAMED --add-opens=java.xml/javax.xml.namespace=ALL-UNNAMED -XX:MaxMetaspaceSize=512m -Xmx2048m -Dfile.encoding=windows-1252 -Duser.country=IN -Duser.language=en -Duser.variant -javaagent:C:\Users\HP\.gradle\wrapper\dists\gradle-9.0.0-bin\d6wjpkvcgsg3oed0qlfss3wgl\gradle-9.0.0\lib\agents\gradle-instrumentation-agent-9.0.0.jar 
java_command: org.gradle.launcher.daemon.bootstrap.GradleDaemon 9.0.0
java_class_path (initial): C:\Users\HP\.gradle\wrapper\dists\gradle-9.0.0-bin\d6wjpkvcgsg3oed0qlfss3wgl\gradle-9.0.0\lib\gradle-daemon-main-9.0.0.jar
Launcher Type: SUN_STANDARD

[Global flags]
     intx CICompilerCount                          = 4                                         {product} {ergonomic}
   size_t CompressedClassSpaceSize                 = 436207616                                 {product} {ergonomic}
     uint ConcGCThreads                            = 3                                         {product} {ergonomic}
     uint G1ConcRefinementThreads                  = 10                                        {product} {ergonomic}
   size_t G1HeapRegionSize                         = 1048576                                   {product} {ergonomic}
    uintx GCDrainStackTargetSize                   = 64                                        {product} {ergonomic}
   size_t InitialHeapSize                          = 130023424                                 {product} {ergonomic}
   size_t MarkStackSize                            = 4194304                                   {product} {ergonomic}
   size_t MaxHeapSize                              = 2147483648                                {product} {command line}
   size_t MaxMetaspaceSize                         = 536870912                                 {product} {command line}
   size_t MaxNewSize                               = 1287651328                                {product} {ergonomic}
   size_t MinHeapDeltaBytes                        = 1048576                                   {product} {ergonomic}
   size_t MinHeapSize                              = 8388608                                   {product} {ergonomic}
    uintx NonNMethodCodeHeapSize                   = 5839372                                {pd product} {ergonomic}
    uintx NonProfiledCodeHeapSize                  = 122909434                              {pd product} {ergonomic}
    uintx ProfiledCodeHeapSize                     = 122909434                              {pd product} {ergonomic}
    uintx ReservedCodeCacheSize                    = 251658240                              {pd product} {ergonomic}
     bool SegmentedCodeCache                       = true                                      {product} {ergonomic}
   size_t SoftMaxHeapSize                          = 2147483648                             {manageable} {ergonomic}
     bool UseCompressedClassPointers               = true                           {product lp64_product} {ergonomic}
     bool UseCompressedOops                        = true                           {product lp64_product} {ergonomic}
     bool UseG1GC                                  = true                                      {product} {ergonomic}
     bool UseLargePagesIndividualAllocation        = false                                  {pd product} {ergonomic}

Logging:
Log output configuration:
 #0: stdout all=warning uptime,level,tags
 #1: stderr all=off uptime,level,tags

Environment Variables:
JAVA_HOME=C:\Program Files\Microsoft\jdk-17.0.17.10-hotspot\
PATH=D:\RVU-connect\node_modules\.bin;D:\RVU-connect\node_modules\.bin;D:\node_modules\.bin;C:\Program Files\nodejs\node_modules\npm\node_modules\@npmcli\run-script\lib\node-gyp-bin;c:\Users\HP\AppData\Roaming\Code\User\globalStorage\github.copilot-chat\debugCommand;c:\Users\HP\AppData\Roaming\Code\User\globalStorage\github.copilot-chat\copilotCli;C:\Users\HP\AppData\Local\Programs\Microsoft VS Code;C:\Program Files\Microsoft\jdk-17.0.17.10-hotspot\bin;C:\Program Files\Common Files\Oracle\Java\javapath;C:\WINDOWS\system32;C:\WINDOWS;C:\WINDOWS\System32\Wbem;C:\WINDOWS\System32\WindowsPowerShell\v1.0\;C:\WINDOWS\System32\OpenSSH\;C:\MinGW\bin;C:\Program Files\Git\cmd;C:\Program Files\Git\mingw64\bin;C:\Program Files\Git\usr\bin;C:\Program Files\MongoDB\Server\8.2\bin;C:\Users\HP\AppData\Local\nvm;C:\nvm4w\nodejs;C:\ProgramData\chocolatey\bin;C:\Program Files\nodejs\;C:\Program Files\Docker\Docker\resources\bin;C:\Users\HP\flutter\bin;C:\Users\HP\AppData\Local\Pub\Cache\bin;C:\Users\HP\AppData\Local\Programs\Microsoft VS Code\bin;C:\Users\HP\flutter\bin;c:\Users\HP\.vscode\extensions\vscjava.vscode-java-debug-0.59.0\bundled\scripts\noConfigScripts
USERNAME=HP
LANG=en_US.UTF-8
OS=Windows_NT
PROCESSOR_IDENTIFIER=Intel64 Family 6 Model 154 Stepping 4, GenuineIntel
TMP=C:\Users\HP\AppData\Local\Temp
TEMP=C:\Users\HP\AppData\Local\Temp



Periodic native trim disabled


---------------  S Y S T E M  ---------------

OS:
 Windows 11 , 64 bit Build 26100 (10.0.26100.8246)
OS uptime: 0 days 16:19 hours
Hyper-V role detected

CPU: total 12 (initial active 12) (6 cores per cpu, 2 threads per core) family 6 model 154 stepping 4 microcode 0x432, cx8, cmov, fxsr, ht, mmx, 3dnowpref, sse, sse2, sse3, ssse3, sse4.1, sse4.2, popcnt, lzcnt, tsc, tscinvbit, avx, avx2, aes, erms, clmul, bmi1, bmi2, adx, sha, fma, vzeroupper, clflush, clflushopt, clwb, hv
Processor Information for processor 0
  Max Mhz: 1300, Current Mhz: 1300, Mhz Limit: 1300
Processor Information for processor 1
  Max Mhz: 1300, Current Mhz: 1300, Mhz Limit: 1300
Processor Information for processor 2
  Max Mhz: 1300, Current Mhz: 1300, Mhz Limit: 1300
Processor Information for processor 3
  Max Mhz: 1300, Current Mhz: 1300, Mhz Limit: 1300
Processor Information for processor 4
  Max Mhz: 1300, Current Mhz: 900, Mhz Limit: 897
Processor Information for processor 5
  Max Mhz: 1300, Current Mhz: 900, Mhz Limit: 897
Processor Information for processor 6
  Max Mhz: 1300, Current Mhz: 900, Mhz Limit: 897
Processor Information for processor 7
  Max Mhz: 1300, Current Mhz: 900, Mhz Limit: 897
Processor Information for processor 8
  Max Mhz: 1300, Current Mhz: 900, Mhz Limit: 897
Processor Information for processor 9
  Max Mhz: 1300, Current Mhz: 900, Mhz Limit: 897
Processor Information for processor 10
  Max Mhz: 1300, Current Mhz: 900, Mhz Limit: 897
Processor Information for processor 11
  Max Mhz: 1300, Current Mhz: 900, Mhz Limit: 897

Memory: 4k page, system-wide physical 7863M (455M free)
TotalPageFile size 25253M (AvailPageFile size 284M)
current process WorkingSet (physical memory assigned to process): 1125M, peak: 1205M
current process commit charge ("private bytes"): 1549M, peak: 2002M

vm_info: OpenJDK 64-Bit Server VM (17.0.17+10-LTS) for windows-amd64 JRE (17.0.17+10-LTS), built on Oct 13 2025 22:19:56 by "MicrosoftCorporation" with unknown MS VC++:1944

END.
